----------------
; Command Info ;
----------------
Report Timing: Found 30 recovery paths (30 violated).  Worst case slack is -2.364 

Tcl Command:
    report_timing -recovery -show_routing -multi_corner -file phase1p_timing_reports/phase1p_decoder_recovery.rpt -to_clock [get_clocks {emu|pll|pll_inst|altera_pll_i|general[2].gpll~PLL_OUTPUT_COUNTER|divclk}] -nworst 5 -npaths 30 -detail full_path

Options:
    -to_clock [get_clocks {emu|pll|pll_inst|altera_pll_i|general[2].gpll~PLL_OUTPUT_COUNTER|divclk}] 
    -recovery 
    -nworst 5 
    -npaths 30 
    -show_routing 
    -detail full_path 
    -file {phase1p_timing_reports/phase1p_decoder_recovery.rpt} 
    -multi_corner 

Delay Model:
    Slow 1100mV 100C Model

+----------------------------------------------------------------------------------------------------------------------------------------------------------------------------------------------------------------------------------------------------------------------------------+
; Summary of Paths                                                                                                                                                                                                                                                                 ;
+--------+------------------------------------------+---------------------------------+-------------------------------------------------------------------------+-------------------------------------------------------------------------+--------------+------------+------------+
; Slack  ; From Node                                ; To Node                         ; Launch Clock                                                            ; Latch Clock                                                             ; Relationship ; Clock Skew ; Data Delay ;
+--------+------------------------------------------+---------------------------------+-------------------------------------------------------------------------+-------------------------------------------------------------------------+--------------+------------+------------+
; -2.364 ; emu:emu|audio_reset_stretch[0]           ; emu:emu|audio_mode_src[2]       ; emu|pll|pll_inst|altera_pll_i|general[0].gpll~PLL_OUTPUT_COUNTER|divclk ; emu|pll|pll_inst|altera_pll_i|general[2].gpll~PLL_OUTPUT_COUNTER|divclk ; 1.842        ; -0.885     ; 3.161      ;
; -2.364 ; emu:emu|audio_reset_stretch[0]           ; emu:emu|audio_flac_eos_sync[1]  ; emu|pll|pll_inst|altera_pll_i|general[0].gpll~PLL_OUTPUT_COUNTER|divclk ; emu|pll|pll_inst|altera_pll_i|general[2].gpll~PLL_OUTPUT_COUNTER|divclk ; 1.842        ; -0.885     ; 3.161      ;
; -2.360 ; emu:emu|audio_reset_stretch[0]           ; emu:emu|reset_audio_src_sync[1] ; emu|pll|pll_inst|altera_pll_i|general[0].gpll~PLL_OUTPUT_COUNTER|divclk ; emu|pll|pll_inst|altera_pll_i|general[2].gpll~PLL_OUTPUT_COUNTER|divclk ; 1.842        ; -0.881     ; 3.161      ;
; -2.358 ; emu:emu|audio_reset_stretch[0]           ; emu:emu|reset_audio_src_sync[0] ; emu|pll|pll_inst|altera_pll_i|general[0].gpll~PLL_OUTPUT_COUNTER|divclk ; emu|pll|pll_inst|altera_pll_i|general[2].gpll~PLL_OUTPUT_COUNTER|divclk ; 1.842        ; -0.879     ; 3.161      ;
; -2.358 ; emu:emu|audio_reset_stretch[0]           ; emu:emu|audio_mode_src[1]       ; emu|pll|pll_inst|altera_pll_i|general[0].gpll~PLL_OUTPUT_COUNTER|divclk ; emu|pll|pll_inst|altera_pll_i|general[2].gpll~PLL_OUTPUT_COUNTER|divclk ; 1.842        ; -0.879     ; 3.161      ;
; -2.358 ; emu:emu|audio_reset_stretch[0]           ; emu:emu|audio_flac_eos_sync[0]  ; emu|pll|pll_inst|altera_pll_i|general[0].gpll~PLL_OUTPUT_COUNTER|divclk ; emu|pll|pll_inst|altera_pll_i|general[2].gpll~PLL_OUTPUT_COUNTER|divclk ; 1.842        ; -0.879     ; 3.161      ;
; -2.338 ; emu:emu|audio_reset_stretch[4]~DUPLICATE ; emu:emu|audio_mode_src[2]       ; emu|pll|pll_inst|altera_pll_i|general[0].gpll~PLL_OUTPUT_COUNTER|divclk ; emu|pll|pll_inst|altera_pll_i|general[2].gpll~PLL_OUTPUT_COUNTER|divclk ; 1.842        ; -0.880     ; 3.140      ;
; -2.338 ; emu:emu|audio_reset_stretch[4]~DUPLICATE ; emu:emu|audio_flac_eos_sync[1]  ; emu|pll|pll_inst|altera_pll_i|general[0].gpll~PLL_OUTPUT_COUNTER|divclk ; emu|pll|pll_inst|altera_pll_i|general[2].gpll~PLL_OUTPUT_COUNTER|divclk ; 1.842        ; -0.880     ; 3.140      ;
; -2.334 ; emu:emu|audio_reset_stretch[4]~DUPLICATE ; emu:emu|reset_audio_src_sync[1] ; emu|pll|pll_inst|altera_pll_i|general[0].gpll~PLL_OUTPUT_COUNTER|divclk ; emu|pll|pll_inst|altera_pll_i|general[2].gpll~PLL_OUTPUT_COUNTER|divclk ; 1.842        ; -0.876     ; 3.140      ;
; -2.333 ; emu:emu|audio_reset_stretch[0]           ; emu:emu|audio_mode_src[0]       ; emu|pll|pll_inst|altera_pll_i|general[0].gpll~PLL_OUTPUT_COUNTER|divclk ; emu|pll|pll_inst|altera_pll_i|general[2].gpll~PLL_OUTPUT_COUNTER|divclk ; 1.842        ; -0.862     ; 3.153      ;
; -2.332 ; emu:emu|audio_reset_stretch[4]~DUPLICATE ; emu:emu|reset_audio_src_sync[0] ; emu|pll|pll_inst|altera_pll_i|general[0].gpll~PLL_OUTPUT_COUNTER|divclk ; emu|pll|pll_inst|altera_pll_i|general[2].gpll~PLL_OUTPUT_COUNTER|divclk ; 1.842        ; -0.874     ; 3.140      ;
; -2.332 ; emu:emu|audio_reset_stretch[4]~DUPLICATE ; emu:emu|audio_mode_src[1]       ; emu|pll|pll_inst|altera_pll_i|general[0].gpll~PLL_OUTPUT_COUNTER|divclk ; emu|pll|pll_inst|altera_pll_i|general[2].gpll~PLL_OUTPUT_COUNTER|divclk ; 1.842        ; -0.874     ; 3.140      ;
; -2.332 ; emu:emu|audio_reset_stretch[4]~DUPLICATE ; emu:emu|audio_flac_eos_sync[0]  ; emu|pll|pll_inst|altera_pll_i|general[0].gpll~PLL_OUTPUT_COUNTER|divclk ; emu|pll|pll_inst|altera_pll_i|general[2].gpll~PLL_OUTPUT_COUNTER|divclk ; 1.842        ; -0.874     ; 3.140      ;
; -2.329 ; emu:emu|audio_reset_stretch[0]           ; emu:emu|audio_mode_meta[0]      ; emu|pll|pll_inst|altera_pll_i|general[0].gpll~PLL_OUTPUT_COUNTER|divclk ; emu|pll|pll_inst|altera_pll_i|general[2].gpll~PLL_OUTPUT_COUNTER|divclk ; 1.842        ; -0.858     ; 3.153      ;
; -2.325 ; emu:emu|audio_reset_stretch[0]           ; emu:emu|audio_mode_meta[2]      ; emu|pll|pll_inst|altera_pll_i|general[0].gpll~PLL_OUTPUT_COUNTER|divclk ; emu|pll|pll_inst|altera_pll_i|general[2].gpll~PLL_OUTPUT_COUNTER|divclk ; 1.842        ; -0.876     ; 3.131      ;
; -2.323 ; emu:emu|audio_reset_stretch[0]           ; emu:emu|reset_audio_src_sync[2] ; emu|pll|pll_inst|altera_pll_i|general[0].gpll~PLL_OUTPUT_COUNTER|divclk ; emu|pll|pll_inst|altera_pll_i|general[2].gpll~PLL_OUTPUT_COUNTER|divclk ; 1.842        ; -0.874     ; 3.131      ;
; -2.322 ; emu:emu|hps_io:hps_io|ioctl_index[0]     ; emu:emu|audio_mode_src[2]       ; emu|pll|pll_inst|altera_pll_i|general[0].gpll~PLL_OUTPUT_COUNTER|divclk ; emu|pll|pll_inst|altera_pll_i|general[2].gpll~PLL_OUTPUT_COUNTER|divclk ; 1.842        ; -0.888     ; 3.116      ;
; -2.322 ; emu:emu|hps_io:hps_io|ioctl_index[0]     ; emu:emu|audio_flac_eos_sync[1]  ; emu|pll|pll_inst|altera_pll_i|general[0].gpll~PLL_OUTPUT_COUNTER|divclk ; emu|pll|pll_inst|altera_pll_i|general[2].gpll~PLL_OUTPUT_COUNTER|divclk ; 1.842        ; -0.888     ; 3.116      ;
; -2.319 ; emu:emu|audio_reset_stretch[0]           ; emu:emu|audio_mode_meta[1]      ; emu|pll|pll_inst|altera_pll_i|general[0].gpll~PLL_OUTPUT_COUNTER|divclk ; emu|pll|pll_inst|altera_pll_i|general[2].gpll~PLL_OUTPUT_COUNTER|divclk ; 1.842        ; -0.870     ; 3.131      ;
; -2.318 ; emu:emu|hps_io:hps_io|ioctl_index[0]     ; emu:emu|reset_audio_src_sync[1] ; emu|pll|pll_inst|altera_pll_i|general[0].gpll~PLL_OUTPUT_COUNTER|divclk ; emu|pll|pll_inst|altera_pll_i|general[2].gpll~PLL_OUTPUT_COUNTER|divclk ; 1.842        ; -0.884     ; 3.116      ;
; -2.316 ; emu:emu|hps_io:hps_io|ioctl_index[0]     ; emu:emu|reset_audio_src_sync[0] ; emu|pll|pll_inst|altera_pll_i|general[0].gpll~PLL_OUTPUT_COUNTER|divclk ; emu|pll|pll_inst|altera_pll_i|general[2].gpll~PLL_OUTPUT_COUNTER|divclk ; 1.842        ; -0.882     ; 3.116      ;
; -2.316 ; emu:emu|hps_io:hps_io|ioctl_index[0]     ; emu:emu|audio_mode_src[1]       ; emu|pll|pll_inst|altera_pll_i|general[0].gpll~PLL_OUTPUT_COUNTER|divclk ; emu|pll|pll_inst|altera_pll_i|general[2].gpll~PLL_OUTPUT_COUNTER|divclk ; 1.842        ; -0.882     ; 3.116      ;
; -2.316 ; emu:emu|hps_io:hps_io|ioctl_index[0]     ; emu:emu|audio_flac_eos_sync[0]  ; emu|pll|pll_inst|altera_pll_i|general[0].gpll~PLL_OUTPUT_COUNTER|divclk ; emu|pll|pll_inst|altera_pll_i|general[2].gpll~PLL_OUTPUT_COUNTER|divclk ; 1.842        ; -0.882     ; 3.116      ;
; -2.311 ; emu:emu|audio_reset_stretch[3]           ; emu:emu|audio_mode_src[2]       ; emu|pll|pll_inst|altera_pll_i|general[0].gpll~PLL_OUTPUT_COUNTER|divclk ; emu|pll|pll_inst|altera_pll_i|general[2].gpll~PLL_OUTPUT_COUNTER|divclk ; 1.842        ; -0.880     ; 3.113      ;
; -2.311 ; emu:emu|audio_reset_stretch[3]           ; emu:emu|audio_flac_eos_sync[1]  ; emu|pll|pll_inst|altera_pll_i|general[0].gpll~PLL_OUTPUT_COUNTER|divclk ; emu|pll|pll_inst|altera_pll_i|general[2].gpll~PLL_OUTPUT_COUNTER|divclk ; 1.842        ; -0.880     ; 3.113      ;
; -2.307 ; emu:emu|audio_reset_stretch[3]           ; emu:emu|reset_audio_src_sync[1] ; emu|pll|pll_inst|altera_pll_i|general[0].gpll~PLL_OUTPUT_COUNTER|divclk ; emu|pll|pll_inst|altera_pll_i|general[2].gpll~PLL_OUTPUT_COUNTER|divclk ; 1.842        ; -0.876     ; 3.113      ;
; -2.307 ; emu:emu|audio_reset_stretch[4]~DUPLICATE ; emu:emu|audio_mode_src[0]       ; emu|pll|pll_inst|altera_pll_i|general[0].gpll~PLL_OUTPUT_COUNTER|divclk ; emu|pll|pll_inst|altera_pll_i|general[2].gpll~PLL_OUTPUT_COUNTER|divclk ; 1.842        ; -0.857     ; 3.132      ;
; -2.305 ; emu:emu|audio_reset_stretch[3]           ; emu:emu|reset_audio_src_sync[0] ; emu|pll|pll_inst|altera_pll_i|general[0].gpll~PLL_OUTPUT_COUNTER|divclk ; emu|pll|pll_inst|altera_pll_i|general[2].gpll~PLL_OUTPUT_COUNTER|divclk ; 1.842        ; -0.874     ; 3.113      ;
; -2.305 ; emu:emu|audio_reset_stretch[3]           ; emu:emu|audio_mode_src[1]       ; emu|pll|pll_inst|altera_pll_i|general[0].gpll~PLL_OUTPUT_COUNTER|divclk ; emu|pll|pll_inst|altera_pll_i|general[2].gpll~PLL_OUTPUT_COUNTER|divclk ; 1.842        ; -0.874     ; 3.113      ;
; -2.305 ; emu:emu|audio_reset_stretch[3]           ; emu:emu|audio_flac_eos_sync[0]  ; emu|pll|pll_inst|altera_pll_i|general[0].gpll~PLL_OUTPUT_COUNTER|divclk ; emu|pll|pll_inst|altera_pll_i|general[2].gpll~PLL_OUTPUT_COUNTER|divclk ; 1.842        ; -0.874     ; 3.113      ;
+--------+------------------------------------------+---------------------------------+-------------------------------------------------------------------------+-------------------------------------------------------------------------+--------------+------------+------------+

Path #1: Recovery slack is -2.364 (VIOLATED)
===============================================================================
+----------------------------------------------------------------------------------------------+
; Path Summary                                                                                 ;
+--------------------+-------------------------------------------------------------------------+
; Property           ; Value                                                                   ;
+--------------------+-------------------------------------------------------------------------+
; From Node          ; emu:emu|audio_reset_stretch[0]                                          ;
; To Node            ; emu:emu|audio_mode_src[2]                                               ;
; Launch Clock       ; emu|pll|pll_inst|altera_pll_i|general[0].gpll~PLL_OUTPUT_COUNTER|divclk ;
; Latch Clock        ; emu|pll|pll_inst|altera_pll_i|general[2].gpll~PLL_OUTPUT_COUNTER|divclk ;
; Data Arrival Time  ; 357.698                                                                 ;
; Data Required Time ; 355.334                                                                 ;
; Slack              ; -2.364 (VIOLATED)                                                       ;
+--------------------+-------------------------------------------------------------------------+

+--------------------------------------------------------------------------------------+
; Statistics                                                                           ;
+------------------------+--------+-------+-------------+------------+--------+--------+
; Property               ; Value  ; Count ; Total Delay ; % of Total ; Min    ; Max    ;
+------------------------+--------+-------+-------------+------------+--------+--------+
; Recovery Relationship  ; 1.842  ;       ;             ;            ;        ;        ;
; Clock Skew             ; -0.885 ;       ;             ;            ;        ;        ;
; Data Delay             ; 3.161  ;       ;             ;            ;        ;        ;
; Number of Logic Levels ;        ; 2     ;             ;            ;        ;        ;
; Physical Delays        ;        ;       ;             ;            ;        ;        ;
;  Arrival Path          ;        ;       ;             ;            ;        ;        ;
;   Clock                ;        ;       ;             ;            ;        ;        ;
;    IC                  ;        ; 6     ; -0.001      ; 0          ; -0.001 ; 0.000  ;
;    Cell                ;        ; 5     ; 3.530       ; 42         ; 0.322  ; 1.535  ;
;    PLL Compensation    ;        ; 1     ; -3.768      ; 0          ; -3.768 ; -3.768 ;
;    Routing Element     ;        ; 38    ; 4.776       ; 58         ; 0.000  ; 1.135  ;
;   Data                 ;        ;       ;             ;            ;        ;        ;
;    IC                  ;        ; 3     ; 0.000       ; 0          ; -0.001 ; 0.001  ;
;    Cell                ;        ; 4     ; 1.765       ; 56         ; 0.000  ; 0.623  ;
;    uTco                ;        ; 1     ; 0.000       ; 0          ; 0.000  ; 0.000  ;
;    Routing Element     ;        ; 15    ; 1.396       ; 44         ; 0.000  ; 0.200  ;
;  Required Path         ;        ;       ;             ;            ;        ;        ;
;   Clock                ;        ;       ;             ;            ;        ;        ;
;    IC                  ;        ; 6     ; 0.000       ; 0          ; 0.000  ; 0.000  ;
;    Cell                ;        ; 5     ; 3.136       ; 43         ; 0.296  ; 1.268  ;
;    PLL Compensation    ;        ; 1     ; -4.932      ; 0          ; -4.932 ; -4.932 ;
;    Routing Element     ;        ; 38    ; 4.095       ; 57         ; 0.000  ; 0.788  ;
+------------------------+--------+-------+-------------+------------+--------+--------+
Note: Negative delays are omitted from totals when calculating percentages

+---------------------------------------------------------------------------------------------------------------------------------------------------------------------+
; Data Arrival Path                                                                                                                                                   ;
+-----------+----------+----+------+--------+--------------------------------------------+----------------------------------------------------------------------------+
; Total     ; Incr     ; RF ; Type ; Fanout ; Location                                   ; Element                                                                    ;
+-----------+----------+----+------+--------+--------------------------------------------+----------------------------------------------------------------------------+
; 350.000   ; 350.000  ;    ;      ;        ;                                            ; launch edge time                                                           ;
; 354.537   ; 4.537    ;    ;      ;        ;                                            ; clock path                                                                 ;
;   350.000 ;   0.000  ;    ;      ;        ;                                            ; source latency                                                             ;
;   350.000 ;   0.000  ;    ;      ; 1      ; PIN_Y13                                    ; FPGA_CLK2_50                                                               ;
;   350.000 ;   0.000  ;    ; RE   ; 1      ; IOPAD_X56_Y0_N0                            ; ARRIAV_IO_PAD                                                              ;
;   350.000 ;   0.000  ;    ; RE   ; 1      ; IO_PAD_OUTPUT_X56_Y0_N0_I1                 ; IO_PAD_OUTPUT                                                              ;
;   350.000 ;   0.000  ;    ; RE   ; 1      ; IO_INPUT_BUFFER_INPUT_X56_Y0_N1_I0         ; IO_INPUT_BUFFER_INPUT                                                      ;
;   350.000 ;   0.000  ; RR ; IC   ; 1      ; IOIBUF_X56_Y0_N1                           ; FPGA_CLK2_50~input|i                                                       ;
;   350.761 ;   0.761  ; RR ; CELL ; 2      ; IOIBUF_X56_Y0_N1                           ; FPGA_CLK2_50~input|o                                                       ;
;   350.761 ;   0.000  ;    ; RE   ; 1      ; IOIBUF_X56_Y0_N1                           ; ARRIAV_IO_IBUF                                                             ;
;   350.761 ;   0.000  ;    ; RE   ; 1      ; IO_INPUT_BUFFER_OUTPUT_X56_Y0_N1_I2        ; IO_INPUT_BUFFER_OUTPUT                                                     ;
;   350.761 ;   0.000  ;    ; RE   ; 1      ; IO_RE_X56_Y0_N0_I96                        ; IO_RE                                                                      ;
;   351.260 ;   0.499  ;    ; RE   ; 2      ; IO_RE_X56_Y0_N0_I66                        ; IO_RE                                                                      ;
;   352.096 ;   0.836  ;    ; RE   ; 1      ; FF_PLL_RE_X89_Y0_N0_I3                     ; FF_PLL_RE                                                                  ;
;   352.096 ;   0.000  ;    ; RE   ; 1      ; F_PLL_BLOCK_RE_X89_Y0_N0_I2                ; F_PLL_BLOCK_RE                                                             ;
;   352.096 ;   0.000  ;    ; RE   ; 1      ; PLL_REFCLK_SELECT_INPUT_X89_Y7_N0_I2       ; PLL_REFCLK_SELECT_INPUT                                                    ;
;   352.096 ;   0.000  ; RR ; IC   ; 1      ; PLLREFCLKSELECT_X89_Y7_N0                  ; emu|pll|pll_inst|altera_pll_i|general[0].gpll~PLL_REFCLK_SELECT|clkin[0]   ;
;   352.429 ;   0.333  ; RR ; CELL ; 1      ; PLLREFCLKSELECT_X89_Y7_N0                  ; emu|pll|pll_inst|altera_pll_i|general[0].gpll~PLL_REFCLK_SELECT|clkout     ;
;   352.429 ;   0.000  ;    ; RE   ; 2      ; PLLREFCLKSELECT_X89_Y7_N0                  ; CYCLONEV_PLL_REFCLK_SELECT                                                 ;
;   352.429 ;   0.000  ;    ; RE   ; 1      ; PLL_REFCLK_SELECT_OUTPUT_X89_Y7_N0_I15     ; PLL_REFCLK_SELECT_OUTPUT                                                   ;
;   352.429 ;   0.000  ;    ; RE   ; 1      ; FRACTIONAL_PLL_INPUT_X89_Y1_N0_I7          ; FRACTIONAL_PLL_INPUT                                                       ;
;   352.429 ;   0.000  ; RR ; IC   ; 10     ; FRACTIONALPLL_X89_Y1_N0                    ; emu|pll|pll_inst|altera_pll_i|general[0].gpll~FRACTIONAL_PLL|refclkin      ;
;   348.661 ;   -3.768 ; RR ; COMP ; 3      ; FRACTIONALPLL_X89_Y1_N0                    ; emu|pll|pll_inst|altera_pll_i|general[0].gpll~FRACTIONAL_PLL|vcoph[0]      ;
;   348.661 ;   0.000  ;    ; RE   ; 19     ; FRACTIONALPLL_X89_Y1_N0                    ; CYCLONEV_FRACTIONAL_PLL                                                    ;
;   348.661 ;   0.000  ;    ; RE   ; 1      ; FRACTIONAL_PLL_OUTPUT_X89_Y1_N0_I19        ; FRACTIONAL_PLL_OUTPUT                                                      ;
;   348.661 ;   0.000  ;    ; RE   ; 3      ; F_PLL_BLOCK_RE_X89_Y0_N0_I109              ; F_PLL_BLOCK_RE                                                             ;
;   348.661 ;   0.000  ;    ; RE   ; 1      ; PLL_OUTPUT_COUNTER_INPUT_X89_Y2_N1_I7      ; PLL_OUTPUT_COUNTER_INPUT                                                   ;
;   348.661 ;   0.000  ; RR ; IC   ; 1      ; PLLOUTPUTCOUNTER_X89_Y2_N1                 ; emu|pll|pll_inst|altera_pll_i|general[0].gpll~PLL_OUTPUT_COUNTER|vco0ph[0] ;
;   350.196 ;   1.535  ; RR ; CELL ; 1      ; PLLOUTPUTCOUNTER_X89_Y2_N1                 ; emu|pll|pll_inst|altera_pll_i|general[0].gpll~PLL_OUTPUT_COUNTER|divclk    ;
;   350.196 ;   0.000  ;    ; RE   ; 1      ; PLLOUTPUTCOUNTER_X89_Y2_N1                 ; CYCLONEV_PLL_OUTPUT_COUNTER                                                ;
;   350.196 ;   0.000  ;    ; RE   ; 1      ; PLL_OUTPUT_COUNTER_OUTPUT_X89_Y2_N1_I16    ; PLL_OUTPUT_COUNTER_OUTPUT                                                  ;
;   350.676 ;   0.480  ;    ; RE   ; 1      ; FF_PLL_RE_X89_Y0_N0_I103                   ; FF_PLL_RE                                                                  ;
;   351.215 ;   0.539  ;    ; RE   ; 1      ; CLKBUF_CLUSTER_RE_X89_Y35_N3_I435          ; CLKBUF_CLUSTER_RE                                                          ;
;   351.215 ;   0.000  ;    ; RE   ; 1      ; CLKBUF_CLUSTER_RE_X89_Y35_N3_I693          ; CLKBUF_CLUSTER_RE                                                          ;
;   351.215 ;   0.000  ;    ; RE   ; 1      ; GCLK_CLUSTER_RE_X89_Y35_N12_I10            ; GCLK_CLUSTER_RE                                                            ;
;   351.215 ;   0.000  ;    ; RE   ; 1      ; CLKBUFBLOCK_INPUT_X89_Y35_N13_I0           ; CLKBUFBLOCK_INPUT                                                          ;
;   351.215 ;   0.000  ; RR ; IC   ; 1      ; CLKCTRL_G11                                ; emu|pll|pll_inst|altera_pll_i|outclk_wire[0]~CLKENA0|inclk                 ;
;   351.537 ;   0.322  ; RR ; CELL ; 1342   ; CLKCTRL_G11                                ; emu|pll|pll_inst|altera_pll_i|outclk_wire[0]~CLKENA0|outclk                ;
;   351.537 ;   0.000  ;    ; RE   ; 1      ; CLKCTRL_G11                                ; ARRIAV_CLKBUF                                                              ;
;   351.537 ;   0.000  ;    ; RE   ; 1      ; CLKBUFBLOCK_OUTPUT_X89_Y35_N13_I2          ; CLKBUFBLOCK_OUTPUT                                                         ;
;   351.537 ;   0.000  ;    ; RE   ; 1      ; GCLK_CLUSTER_RE_X89_Y35_N12_I12            ; GCLK_CLUSTER_RE                                                            ;
;   351.537 ;   0.000  ;    ; RE   ; 1      ; CLKBUF_CLUSTER_RE_X89_Y35_N3_I418          ; CLKBUF_CLUSTER_RE                                                          ;
;   352.672 ;   1.135  ;    ; RE   ; 7      ; GLOBAL_CLOCK_X0_Y36_N0_I11                 ; GLOBAL_CLOCK                                                               ;
;   352.820 ;   0.148  ;    ; RE   ; 20     ; SPINE_CLOCK_X15_Y59_N0_I19                 ; SPINE_CLOCK                                                                ;
;   353.207 ;   0.387  ;    ; RE   ; 1      ; SCLK_TO_ROWCLK_BUF_X15_Y75_N0_I115         ; SCLK_TO_ROWCLK_BUF                                                         ;
;   353.291 ;   0.084  ;    ; RE   ; 2      ; SCLK_TO_ROWCLK_BUF_X15_Y75_N0_I118         ; SCLK_TO_ROWCLK_BUF                                                         ;
;   353.724 ;   0.433  ;    ; RE   ; 3      ; LAB_CLK_X0_Y75_N0_I5                       ; LAB_CLK                                                                    ;
;   353.862 ;   0.138  ;    ; RE   ; 1      ; BLK_CLK_BUF_X12_Y75_N0_I5                  ; BLK_CLK_BUF                                                                ;
;   353.909 ;   0.047  ;    ; RE   ; 1      ; ROWCLKSEL_PREBUF_X12_Y75_N0_I5             ; ROWCLKSEL_PREBUF                                                           ;
;   353.959 ;   0.050  ;    ; RE   ; 1      ; ROWCLKSEL_X12_Y75_N0_I0                    ; ROWCLKSEL                                                                  ;
;   353.959 ;   0.000  ;    ; RE   ; 2      ; GLOBAL_LOCAL_SEL_X12_Y75_N0_I0             ; GLOBAL_LOCAL_SEL                                                           ;
;   353.959 ;   0.000  ;    ; RE   ; 15     ; LAB_INPUT_X12_Y75_N0_I1                    ; LAB_INPUT                                                                  ;
;   353.958 ;   -0.001 ; RR ; IC   ; 1      ; FF_X12_Y75_N29                             ; emu|audio_reset_stretch[0]|clk                                             ;
;   354.537 ;   0.579  ; RR ; CELL ; 1      ; FF_X12_Y75_N29                             ; emu:emu|audio_reset_stretch[0]                                             ;
; 357.698   ; 3.161    ;    ;      ;        ;                                            ; data path                                                                  ;
;   354.537 ;   0.000  ;    ; uTco ; 1      ; FF_X12_Y75_N29                             ; emu:emu|audio_reset_stretch[0]                                             ;
;   354.537 ;   0.000  ; RR ; CELL ; 3      ; FF_X12_Y75_N29                             ; emu|audio_reset_stretch[0]|q                                               ;
;   354.609 ;   0.072  ;    ; RE   ; 2      ; FF_X12_Y75_N29                             ; ARRIAV_FF                                                                  ;
;   354.731 ;   0.122  ;    ; RE   ; 2      ; LOCAL_LINE_X12_Y75_N0_I9                   ; LOCAL_LINE                                                                 ;
;   354.840 ;   0.109  ;    ; RE   ; 1      ; BLOCK_INPUT_MUX_X12_Y75_N0_I2              ; LEIM_INPUT                                                                 ;
;   354.840 ;   0.000  ; RR ; IC   ; 1      ; LABCELL_X12_Y75_N3                         ; emu|Equal4~0|dataa                                                         ;
;   355.432 ;   0.592  ; RF ; CELL ; 6      ; LABCELL_X12_Y75_N3                         ; emu|Equal4~0|combout                                                       ;
;   355.432 ;   0.000  ;    ; RE   ; 2      ; LABCELL_X12_Y75_N3                         ; ARRIAV_LCELL_COMB                                                          ;
;   355.521 ;   0.089  ;    ; RE   ; 2      ; LE_BUFFER_X12_Y75_N0_I3                    ; LE_BUFFER                                                                  ;
;   355.665 ;   0.144  ;    ; RE   ; 1      ; LOCAL_INTERCONNECT_X11_Y75_N0_I1           ; LAB_LINE                                                                   ;
;   355.764 ;   0.099  ;    ; RE   ; 1      ; BLOCK_INPUT_MUX_X11_Y75_N0_I26             ; LEIM_INPUT                                                                 ;
;   355.763 ;   -0.001 ; FF ; IC   ; 1      ; LABCELL_X11_Y75_N21                        ; emu|audio_reset_request|dataa                                              ;
;   356.313 ;   0.550  ; FR ; CELL ; 22     ; LABCELL_X11_Y75_N21                        ; emu|audio_reset_request|combout                                            ;
;   356.313 ;   0.000  ;    ; RE   ; 2      ; LABCELL_X11_Y75_N21                        ; ARRIAV_LCELL_COMB                                                          ;
;   356.406 ;   0.093  ;    ; RE   ; 2      ; LE_BUFFER_X11_Y75_N0_I14                   ; LE_BUFFER                                                                  ;
;   356.572 ;   0.166  ;    ; RE   ; 2      ; R6_X6_Y75_N0_I21                           ; H_SEG6                                                                     ;
;   356.726 ;   0.154  ;    ; RE   ; 3      ; R3_X9_Y75_N0_I14                           ; H_SEG3                                                                     ;
;   356.874 ;   0.148  ;    ; RE   ; 1      ; LOCAL_INTERCONNECT_X11_Y75_N0_I22          ; LAB_LINE                                                                   ;
;   357.074 ;   0.200  ;    ; RE   ; 1      ; BLOCK_INPUT_MUX_PASSTHROUGH_X11_Y75_N0_I83 ; LEIM                                                                       ;
;   357.074 ;   0.000  ;    ; RE   ; 1      ; GLOBAL_LOCAL_SEL_X11_Y75_N0_I2             ; GLOBAL_LOCAL_SEL                                                           ;
;   357.074 ;   0.000  ;    ; RE   ; 6      ; LAB_INPUT_X11_Y75_N0_I3                    ; LAB_INPUT                                                                  ;
;   357.075 ;   0.001  ; RR ; IC   ; 1      ; FF_X11_Y75_N56                             ; emu|audio_mode_src[2]|clrn                                                 ;
;   357.698 ;   0.623  ; RF ; CELL ; 1      ; FF_X11_Y75_N56                             ; emu:emu|audio_mode_src[2]                                                  ;
+-----------+----------+----+------+--------+--------------------------------------------+----------------------------------------------------------------------------+

+------------------------------------------------------------------------------------------------------------------------------------------------------------------+
; Data Required Path                                                                                                                                               ;
+-----------+----------+----+------+--------+-----------------------------------------+----------------------------------------------------------------------------+
; Total     ; Incr     ; RF ; Type ; Fanout ; Location                                ; Element                                                                    ;
+-----------+----------+----+------+--------+-----------------------------------------+----------------------------------------------------------------------------+
; 351.842   ; 351.842  ;    ;      ;        ;                                         ; latch edge time                                                            ;
; 355.494   ; 3.652    ;    ;      ;        ;                                         ; clock path                                                                 ;
;   351.842 ;   0.000  ;    ;      ;        ;                                         ; source latency                                                             ;
;   351.842 ;   0.000  ;    ;      ; 1      ; PIN_Y13                                 ; FPGA_CLK2_50                                                               ;
;   351.842 ;   0.000  ;    ; RE   ; 1      ; IOPAD_X56_Y0_N0                         ; ARRIAV_IO_PAD                                                              ;
;   351.842 ;   0.000  ;    ; RE   ; 1      ; IO_PAD_OUTPUT_X56_Y0_N0_I1              ; IO_PAD_OUTPUT                                                              ;
;   351.842 ;   0.000  ;    ; RE   ; 1      ; IO_INPUT_BUFFER_INPUT_X56_Y0_N1_I0      ; IO_INPUT_BUFFER_INPUT                                                      ;
;   351.842 ;   0.000  ; RR ; IC   ; 1      ; IOIBUF_X56_Y0_N1                        ; FPGA_CLK2_50~input|i                                                       ;
;   352.603 ;   0.761  ; RR ; CELL ; 2      ; IOIBUF_X56_Y0_N1                        ; FPGA_CLK2_50~input|o                                                       ;
;   352.603 ;   0.000  ;    ; RE   ; 1      ; IOIBUF_X56_Y0_N1                        ; ARRIAV_IO_IBUF                                                             ;
;   352.603 ;   0.000  ;    ; RE   ; 1      ; IO_INPUT_BUFFER_OUTPUT_X56_Y0_N1_I2     ; IO_INPUT_BUFFER_OUTPUT                                                     ;
;   352.603 ;   0.000  ;    ; RE   ; 1      ; IO_RE_X56_Y0_N0_I96                     ; IO_RE                                                                      ;
;   352.986 ;   0.383  ;    ; RE   ; 2      ; IO_RE_X56_Y0_N0_I66                     ; IO_RE                                                                      ;
;   353.774 ;   0.788  ;    ; RE   ; 1      ; FF_PLL_RE_X89_Y0_N0_I3                  ; FF_PLL_RE                                                                  ;
;   353.774 ;   0.000  ;    ; RE   ; 1      ; F_PLL_BLOCK_RE_X89_Y0_N0_I2             ; F_PLL_BLOCK_RE                                                             ;
;   353.774 ;   0.000  ;    ; RE   ; 1      ; PLL_REFCLK_SELECT_INPUT_X89_Y7_N0_I2    ; PLL_REFCLK_SELECT_INPUT                                                    ;
;   353.774 ;   0.000  ; RR ; IC   ; 1      ; PLLREFCLKSELECT_X89_Y7_N0               ; emu|pll|pll_inst|altera_pll_i|general[0].gpll~PLL_REFCLK_SELECT|clkin[0]   ;
;   354.082 ;   0.308  ; RR ; CELL ; 1      ; PLLREFCLKSELECT_X89_Y7_N0               ; emu|pll|pll_inst|altera_pll_i|general[0].gpll~PLL_REFCLK_SELECT|clkout     ;
;   354.082 ;   0.000  ;    ; RE   ; 2      ; PLLREFCLKSELECT_X89_Y7_N0               ; CYCLONEV_PLL_REFCLK_SELECT                                                 ;
;   354.082 ;   0.000  ;    ; RE   ; 1      ; PLL_REFCLK_SELECT_OUTPUT_X89_Y7_N0_I15  ; PLL_REFCLK_SELECT_OUTPUT                                                   ;
;   354.082 ;   0.000  ;    ; RE   ; 1      ; FRACTIONAL_PLL_INPUT_X89_Y1_N0_I7       ; FRACTIONAL_PLL_INPUT                                                       ;
;   354.082 ;   0.000  ; RR ; IC   ; 10     ; FRACTIONALPLL_X89_Y1_N0                 ; emu|pll|pll_inst|altera_pll_i|general[0].gpll~FRACTIONAL_PLL|refclkin      ;
;   349.150 ;   -4.932 ; RR ; COMP ; 3      ; FRACTIONALPLL_X89_Y1_N0                 ; emu|pll|pll_inst|altera_pll_i|general[0].gpll~FRACTIONAL_PLL|vcoph[0]      ;
;   349.150 ;   0.000  ;    ; RE   ; 19     ; FRACTIONALPLL_X89_Y1_N0                 ; CYCLONEV_FRACTIONAL_PLL                                                    ;
;   349.150 ;   0.000  ;    ; RE   ; 1      ; FRACTIONAL_PLL_OUTPUT_X89_Y1_N0_I19     ; FRACTIONAL_PLL_OUTPUT                                                      ;
;   349.150 ;   0.000  ;    ; RE   ; 3      ; F_PLL_BLOCK_RE_X89_Y0_N0_I109           ; F_PLL_BLOCK_RE                                                             ;
;   349.150 ;   0.000  ;    ; RE   ; 1      ; PLL_OUTPUT_COUNTER_INPUT_X89_Y0_N1_I7   ; PLL_OUTPUT_COUNTER_INPUT                                                   ;
;   349.150 ;   0.000  ; RR ; IC   ; 1      ; PLLOUTPUTCOUNTER_X89_Y0_N1              ; emu|pll|pll_inst|altera_pll_i|general[2].gpll~PLL_OUTPUT_COUNTER|vco0ph[0] ;
;   350.418 ;   1.268  ; RR ; CELL ; 1      ; PLLOUTPUTCOUNTER_X89_Y0_N1              ; emu|pll|pll_inst|altera_pll_i|general[2].gpll~PLL_OUTPUT_COUNTER|divclk    ;
;   350.418 ;   0.000  ;    ; RE   ; 1      ; PLLOUTPUTCOUNTER_X89_Y0_N1              ; CYCLONEV_PLL_OUTPUT_COUNTER                                                ;
;   350.418 ;   0.000  ;    ; RE   ; 1      ; PLL_OUTPUT_COUNTER_OUTPUT_X89_Y0_N1_I16 ; PLL_OUTPUT_COUNTER_OUTPUT                                                  ;
;   350.855 ;   0.437  ;    ; RE   ; 1      ; FF_PLL_RE_X89_Y0_N0_I101                ; FF_PLL_RE                                                                  ;
;   351.362 ;   0.507  ;    ; RE   ; 1      ; CLKBUF_CLUSTER_RE_X89_Y35_N3_I433       ; CLKBUF_CLUSTER_RE                                                          ;
;   351.362 ;   0.000  ;    ; RE   ; 1      ; CLKBUF_CLUSTER_RE_X89_Y35_N3_I563       ; CLKBUF_CLUSTER_RE                                                          ;
;   351.362 ;   0.000  ;    ; RE   ; 1      ; GCLK_CLUSTER_RE_X89_Y35_N6_I10          ; GCLK_CLUSTER_RE                                                            ;
;   351.362 ;   0.000  ;    ; RE   ; 1      ; CLKBUFBLOCK_INPUT_X89_Y35_N7_I0         ; CLKBUFBLOCK_INPUT                                                          ;
;   351.362 ;   0.000  ; RR ; IC   ; 1      ; CLKCTRL_G9                              ; emu|pll|pll_inst|altera_pll_i|outclk_wire[2]~CLKENA0|inclk                 ;
;   351.658 ;   0.296  ; RR ; CELL ; 32647  ; CLKCTRL_G9                              ; emu|pll|pll_inst|altera_pll_i|outclk_wire[2]~CLKENA0|outclk                ;
;   351.658 ;   0.000  ;    ; RE   ; 1      ; CLKCTRL_G9                              ; ARRIAV_CLKBUF                                                              ;
;   351.658 ;   0.000  ;    ; RE   ; 1      ; CLKBUFBLOCK_OUTPUT_X89_Y35_N7_I2        ; CLKBUFBLOCK_OUTPUT                                                         ;
;   351.658 ;   0.000  ;    ; RE   ; 1      ; GCLK_CLUSTER_RE_X89_Y35_N6_I12          ; GCLK_CLUSTER_RE                                                            ;
;   351.658 ;   0.000  ;    ; RE   ; 1      ; CLKBUF_CLUSTER_RE_X89_Y35_N3_I416       ; CLKBUF_CLUSTER_RE                                                          ;
;   352.407 ;   0.749  ;    ; RE   ; 12     ; GLOBAL_CLOCK_X0_Y36_N0_I9               ; GLOBAL_CLOCK                                                               ;
;   352.562 ;   0.155  ;    ; RE   ; 7      ; SPINE_CLOCK_X15_Y59_N0_I7               ; SPINE_CLOCK                                                                ;
;   352.936 ;   0.374  ;    ; RE   ; 1      ; SCLK_TO_ROWCLK_BUF_X15_Y75_N0_I42       ; SCLK_TO_ROWCLK_BUF                                                         ;
;   353.008 ;   0.072  ;    ; RE   ; 1      ; SCLK_TO_ROWCLK_BUF_X15_Y75_N0_I45       ; SCLK_TO_ROWCLK_BUF                                                         ;
;   353.420 ;   0.412  ;    ; RE   ; 6      ; LAB_CLK_X0_Y75_N0_I2                    ; LAB_CLK                                                                    ;
;   353.547 ;   0.127  ;    ; RE   ; 1      ; BLK_CLK_BUF_X11_Y75_N0_I2               ; BLK_CLK_BUF                                                                ;
;   353.592 ;   0.045  ;    ; RE   ; 1      ; ROWCLKSEL_PREBUF_X11_Y75_N0_I2          ; ROWCLKSEL_PREBUF                                                           ;
;   353.638 ;   0.046  ;    ; RE   ; 1      ; ROWCLKSEL_X11_Y75_N0_I0                 ; ROWCLKSEL                                                                  ;
;   353.638 ;   0.000  ;    ; RE   ; 1      ; GLOBAL_LOCAL_SEL_X11_Y75_N0_I0          ; GLOBAL_LOCAL_SEL                                                           ;
;   353.638 ;   0.000  ;    ; RE   ; 6      ; LAB_INPUT_X11_Y75_N0_I0                 ; LAB_INPUT                                                                  ;
;   353.638 ;   0.000  ; RR ; IC   ; 1      ; FF_X11_Y75_N56                          ; emu|audio_mode_src[2]|clk                                                  ;
;   354.141 ;   0.503  ; RR ; CELL ; 1      ; FF_X11_Y75_N56                          ; emu:emu|audio_mode_src[2]                                                  ;
;   355.494 ;   1.353  ;    ;      ;        ;                                         ; clock pessimism removed                                                    ;
; 355.334   ; -0.160   ;    ;      ;        ;                                         ; clock uncertainty                                                          ;
; 355.334   ; 0.000    ;    ; uTsu ; 1      ; FF_X11_Y75_N56                          ; emu:emu|audio_mode_src[2]                                                  ;
+-----------+----------+----+------+--------+-----------------------------------------+----------------------------------------------------------------------------+

----------------------------
; Extra Fitter Information ;
----------------------------
HTML report is unavailable in plain text report export.


Path #2: Recovery slack is -2.364 (VIOLATED)
===============================================================================
+----------------------------------------------------------------------------------------------+
; Path Summary                                                                                 ;
+--------------------+-------------------------------------------------------------------------+
; Property           ; Value                                                                   ;
+--------------------+-------------------------------------------------------------------------+
; From Node          ; emu:emu|audio_reset_stretch[0]                                          ;
; To Node            ; emu:emu|audio_flac_eos_sync[1]                                          ;
; Launch Clock       ; emu|pll|pll_inst|altera_pll_i|general[0].gpll~PLL_OUTPUT_COUNTER|divclk ;
; Latch Clock        ; emu|pll|pll_inst|altera_pll_i|general[2].gpll~PLL_OUTPUT_COUNTER|divclk ;
; Data Arrival Time  ; 357.698                                                                 ;
; Data Required Time ; 355.334                                                                 ;
; Slack              ; -2.364 (VIOLATED)                                                       ;
+--------------------+-------------------------------------------------------------------------+

+--------------------------------------------------------------------------------------+
; Statistics                                                                           ;
+------------------------+--------+-------+-------------+------------+--------+--------+
; Property               ; Value  ; Count ; Total Delay ; % of Total ; Min    ; Max    ;
+------------------------+--------+-------+-------------+------------+--------+--------+
; Recovery Relationship  ; 1.842  ;       ;             ;            ;        ;        ;
; Clock Skew             ; -0.885 ;       ;             ;            ;        ;        ;
; Data Delay             ; 3.161  ;       ;             ;            ;        ;        ;
; Number of Logic Levels ;        ; 2     ;             ;            ;        ;        ;
; Physical Delays        ;        ;       ;             ;            ;        ;        ;
;  Arrival Path          ;        ;       ;             ;            ;        ;        ;
;   Clock                ;        ;       ;             ;            ;        ;        ;
;    IC                  ;        ; 6     ; -0.001      ; 0          ; -0.001 ; 0.000  ;
;    Cell                ;        ; 5     ; 3.530       ; 42         ; 0.322  ; 1.535  ;
;    PLL Compensation    ;        ; 1     ; -3.768      ; 0          ; -3.768 ; -3.768 ;
;    Routing Element     ;        ; 38    ; 4.776       ; 58         ; 0.000  ; 1.135  ;
;   Data                 ;        ;       ;             ;            ;        ;        ;
;    IC                  ;        ; 3     ; 0.000       ; 0          ; -0.001 ; 0.001  ;
;    Cell                ;        ; 4     ; 1.765       ; 56         ; 0.000  ; 0.623  ;
;    uTco                ;        ; 1     ; 0.000       ; 0          ; 0.000  ; 0.000  ;
;    Routing Element     ;        ; 15    ; 1.396       ; 44         ; 0.000  ; 0.200  ;
;  Required Path         ;        ;       ;             ;            ;        ;        ;
;   Clock                ;        ;       ;             ;            ;        ;        ;
;    IC                  ;        ; 6     ; 0.000       ; 0          ; 0.000  ; 0.000  ;
;    Cell                ;        ; 5     ; 3.136       ; 43         ; 0.296  ; 1.268  ;
;    PLL Compensation    ;        ; 1     ; -4.932      ; 0          ; -4.932 ; -4.932 ;
;    Routing Element     ;        ; 38    ; 4.095       ; 57         ; 0.000  ; 0.788  ;
+------------------------+--------+-------+-------------+------------+--------+--------+
Note: Negative delays are omitted from totals when calculating percentages

+---------------------------------------------------------------------------------------------------------------------------------------------------------------------+
; Data Arrival Path                                                                                                                                                   ;
+-----------+----------+----+------+--------+--------------------------------------------+----------------------------------------------------------------------------+
; Total     ; Incr     ; RF ; Type ; Fanout ; Location                                   ; Element                                                                    ;
+-----------+----------+----+------+--------+--------------------------------------------+----------------------------------------------------------------------------+
; 350.000   ; 350.000  ;    ;      ;        ;                                            ; launch edge time                                                           ;
; 354.537   ; 4.537    ;    ;      ;        ;                                            ; clock path                                                                 ;
;   350.000 ;   0.000  ;    ;      ;        ;                                            ; source latency                                                             ;
;   350.000 ;   0.000  ;    ;      ; 1      ; PIN_Y13                                    ; FPGA_CLK2_50                                                               ;
;   350.000 ;   0.000  ;    ; RE   ; 1      ; IOPAD_X56_Y0_N0                            ; ARRIAV_IO_PAD                                                              ;
;   350.000 ;   0.000  ;    ; RE   ; 1      ; IO_PAD_OUTPUT_X56_Y0_N0_I1                 ; IO_PAD_OUTPUT                                                              ;
;   350.000 ;   0.000  ;    ; RE   ; 1      ; IO_INPUT_BUFFER_INPUT_X56_Y0_N1_I0         ; IO_INPUT_BUFFER_INPUT                                                      ;
;   350.000 ;   0.000  ; RR ; IC   ; 1      ; IOIBUF_X56_Y0_N1                           ; FPGA_CLK2_50~input|i                                                       ;
;   350.761 ;   0.761  ; RR ; CELL ; 2      ; IOIBUF_X56_Y0_N1                           ; FPGA_CLK2_50~input|o                                                       ;
;   350.761 ;   0.000  ;    ; RE   ; 1      ; IOIBUF_X56_Y0_N1                           ; ARRIAV_IO_IBUF                                                             ;
;   350.761 ;   0.000  ;    ; RE   ; 1      ; IO_INPUT_BUFFER_OUTPUT_X56_Y0_N1_I2        ; IO_INPUT_BUFFER_OUTPUT                                                     ;
;   350.761 ;   0.000  ;    ; RE   ; 1      ; IO_RE_X56_Y0_N0_I96                        ; IO_RE                                                                      ;
;   351.260 ;   0.499  ;    ; RE   ; 2      ; IO_RE_X56_Y0_N0_I66                        ; IO_RE                                                                      ;
;   352.096 ;   0.836  ;    ; RE   ; 1      ; FF_PLL_RE_X89_Y0_N0_I3                     ; FF_PLL_RE                                                                  ;
;   352.096 ;   0.000  ;    ; RE   ; 1      ; F_PLL_BLOCK_RE_X89_Y0_N0_I2                ; F_PLL_BLOCK_RE                                                             ;
;   352.096 ;   0.000  ;    ; RE   ; 1      ; PLL_REFCLK_SELECT_INPUT_X89_Y7_N0_I2       ; PLL_REFCLK_SELECT_INPUT                                                    ;
;   352.096 ;   0.000  ; RR ; IC   ; 1      ; PLLREFCLKSELECT_X89_Y7_N0                  ; emu|pll|pll_inst|altera_pll_i|general[0].gpll~PLL_REFCLK_SELECT|clkin[0]   ;
;   352.429 ;   0.333  ; RR ; CELL ; 1      ; PLLREFCLKSELECT_X89_Y7_N0                  ; emu|pll|pll_inst|altera_pll_i|general[0].gpll~PLL_REFCLK_SELECT|clkout     ;
;   352.429 ;   0.000  ;    ; RE   ; 2      ; PLLREFCLKSELECT_X89_Y7_N0                  ; CYCLONEV_PLL_REFCLK_SELECT                                                 ;
;   352.429 ;   0.000  ;    ; RE   ; 1      ; PLL_REFCLK_SELECT_OUTPUT_X89_Y7_N0_I15     ; PLL_REFCLK_SELECT_OUTPUT                                                   ;
;   352.429 ;   0.000  ;    ; RE   ; 1      ; FRACTIONAL_PLL_INPUT_X89_Y1_N0_I7          ; FRACTIONAL_PLL_INPUT                                                       ;
;   352.429 ;   0.000  ; RR ; IC   ; 10     ; FRACTIONALPLL_X89_Y1_N0                    ; emu|pll|pll_inst|altera_pll_i|general[0].gpll~FRACTIONAL_PLL|refclkin      ;
;   348.661 ;   -3.768 ; RR ; COMP ; 3      ; FRACTIONALPLL_X89_Y1_N0                    ; emu|pll|pll_inst|altera_pll_i|general[0].gpll~FRACTIONAL_PLL|vcoph[0]      ;
;   348.661 ;   0.000  ;    ; RE   ; 19     ; FRACTIONALPLL_X89_Y1_N0                    ; CYCLONEV_FRACTIONAL_PLL                                                    ;
;   348.661 ;   0.000  ;    ; RE   ; 1      ; FRACTIONAL_PLL_OUTPUT_X89_Y1_N0_I19        ; FRACTIONAL_PLL_OUTPUT                                                      ;
;   348.661 ;   0.000  ;    ; RE   ; 3      ; F_PLL_BLOCK_RE_X89_Y0_N0_I109              ; F_PLL_BLOCK_RE                                                             ;
;   348.661 ;   0.000  ;    ; RE   ; 1      ; PLL_OUTPUT_COUNTER_INPUT_X89_Y2_N1_I7      ; PLL_OUTPUT_COUNTER_INPUT                                                   ;
;   348.661 ;   0.000  ; RR ; IC   ; 1      ; PLLOUTPUTCOUNTER_X89_Y2_N1                 ; emu|pll|pll_inst|altera_pll_i|general[0].gpll~PLL_OUTPUT_COUNTER|vco0ph[0] ;
;   350.196 ;   1.535  ; RR ; CELL ; 1      ; PLLOUTPUTCOUNTER_X89_Y2_N1                 ; emu|pll|pll_inst|altera_pll_i|general[0].gpll~PLL_OUTPUT_COUNTER|divclk    ;
;   350.196 ;   0.000  ;    ; RE   ; 1      ; PLLOUTPUTCOUNTER_X89_Y2_N1                 ; CYCLONEV_PLL_OUTPUT_COUNTER                                                ;
;   350.196 ;   0.000  ;    ; RE   ; 1      ; PLL_OUTPUT_COUNTER_OUTPUT_X89_Y2_N1_I16    ; PLL_OUTPUT_COUNTER_OUTPUT                                                  ;
;   350.676 ;   0.480  ;    ; RE   ; 1      ; FF_PLL_RE_X89_Y0_N0_I103                   ; FF_PLL_RE                                                                  ;
;   351.215 ;   0.539  ;    ; RE   ; 1      ; CLKBUF_CLUSTER_RE_X89_Y35_N3_I435          ; CLKBUF_CLUSTER_RE                                                          ;
;   351.215 ;   0.000  ;    ; RE   ; 1      ; CLKBUF_CLUSTER_RE_X89_Y35_N3_I693          ; CLKBUF_CLUSTER_RE                                                          ;
;   351.215 ;   0.000  ;    ; RE   ; 1      ; GCLK_CLUSTER_RE_X89_Y35_N12_I10            ; GCLK_CLUSTER_RE                                                            ;
;   351.215 ;   0.000  ;    ; RE   ; 1      ; CLKBUFBLOCK_INPUT_X89_Y35_N13_I0           ; CLKBUFBLOCK_INPUT                                                          ;
;   351.215 ;   0.000  ; RR ; IC   ; 1      ; CLKCTRL_G11                                ; emu|pll|pll_inst|altera_pll_i|outclk_wire[0]~CLKENA0|inclk                 ;
;   351.537 ;   0.322  ; RR ; CELL ; 1342   ; CLKCTRL_G11                                ; emu|pll|pll_inst|altera_pll_i|outclk_wire[0]~CLKENA0|outclk                ;
;   351.537 ;   0.000  ;    ; RE   ; 1      ; CLKCTRL_G11                                ; ARRIAV_CLKBUF                                                              ;
;   351.537 ;   0.000  ;    ; RE   ; 1      ; CLKBUFBLOCK_OUTPUT_X89_Y35_N13_I2          ; CLKBUFBLOCK_OUTPUT                                                         ;
;   351.537 ;   0.000  ;    ; RE   ; 1      ; GCLK_CLUSTER_RE_X89_Y35_N12_I12            ; GCLK_CLUSTER_RE                                                            ;
;   351.537 ;   0.000  ;    ; RE   ; 1      ; CLKBUF_CLUSTER_RE_X89_Y35_N3_I418          ; CLKBUF_CLUSTER_RE                                                          ;
;   352.672 ;   1.135  ;    ; RE   ; 7      ; GLOBAL_CLOCK_X0_Y36_N0_I11                 ; GLOBAL_CLOCK                                                               ;
;   352.820 ;   0.148  ;    ; RE   ; 20     ; SPINE_CLOCK_X15_Y59_N0_I19                 ; SPINE_CLOCK                                                                ;
;   353.207 ;   0.387  ;    ; RE   ; 1      ; SCLK_TO_ROWCLK_BUF_X15_Y75_N0_I115         ; SCLK_TO_ROWCLK_BUF                                                         ;
;   353.291 ;   0.084  ;    ; RE   ; 2      ; SCLK_TO_ROWCLK_BUF_X15_Y75_N0_I118         ; SCLK_TO_ROWCLK_BUF                                                         ;
;   353.724 ;   0.433  ;    ; RE   ; 3      ; LAB_CLK_X0_Y75_N0_I5                       ; LAB_CLK                                                                    ;
;   353.862 ;   0.138  ;    ; RE   ; 1      ; BLK_CLK_BUF_X12_Y75_N0_I5                  ; BLK_CLK_BUF                                                                ;
;   353.909 ;   0.047  ;    ; RE   ; 1      ; ROWCLKSEL_PREBUF_X12_Y75_N0_I5             ; ROWCLKSEL_PREBUF                                                           ;
;   353.959 ;   0.050  ;    ; RE   ; 1      ; ROWCLKSEL_X12_Y75_N0_I0                    ; ROWCLKSEL                                                                  ;
;   353.959 ;   0.000  ;    ; RE   ; 2      ; GLOBAL_LOCAL_SEL_X12_Y75_N0_I0             ; GLOBAL_LOCAL_SEL                                                           ;
;   353.959 ;   0.000  ;    ; RE   ; 15     ; LAB_INPUT_X12_Y75_N0_I1                    ; LAB_INPUT                                                                  ;
;   353.958 ;   -0.001 ; RR ; IC   ; 1      ; FF_X12_Y75_N29                             ; emu|audio_reset_stretch[0]|clk                                             ;
;   354.537 ;   0.579  ; RR ; CELL ; 1      ; FF_X12_Y75_N29                             ; emu:emu|audio_reset_stretch[0]                                             ;
; 357.698   ; 3.161    ;    ;      ;        ;                                            ; data path                                                                  ;
;   354.537 ;   0.000  ;    ; uTco ; 1      ; FF_X12_Y75_N29                             ; emu:emu|audio_reset_stretch[0]                                             ;
;   354.537 ;   0.000  ; RR ; CELL ; 3      ; FF_X12_Y75_N29                             ; emu|audio_reset_stretch[0]|q                                               ;
;   354.609 ;   0.072  ;    ; RE   ; 2      ; FF_X12_Y75_N29                             ; ARRIAV_FF                                                                  ;
;   354.731 ;   0.122  ;    ; RE   ; 2      ; LOCAL_LINE_X12_Y75_N0_I9                   ; LOCAL_LINE                                                                 ;
;   354.840 ;   0.109  ;    ; RE   ; 1      ; BLOCK_INPUT_MUX_X12_Y75_N0_I2              ; LEIM_INPUT                                                                 ;
;   354.840 ;   0.000  ; RR ; IC   ; 1      ; LABCELL_X12_Y75_N3                         ; emu|Equal4~0|dataa                                                         ;
;   355.432 ;   0.592  ; RF ; CELL ; 6      ; LABCELL_X12_Y75_N3                         ; emu|Equal4~0|combout                                                       ;
;   355.432 ;   0.000  ;    ; RE   ; 2      ; LABCELL_X12_Y75_N3                         ; ARRIAV_LCELL_COMB                                                          ;
;   355.521 ;   0.089  ;    ; RE   ; 2      ; LE_BUFFER_X12_Y75_N0_I3                    ; LE_BUFFER                                                                  ;
;   355.665 ;   0.144  ;    ; RE   ; 1      ; LOCAL_INTERCONNECT_X11_Y75_N0_I1           ; LAB_LINE                                                                   ;
;   355.764 ;   0.099  ;    ; RE   ; 1      ; BLOCK_INPUT_MUX_X11_Y75_N0_I26             ; LEIM_INPUT                                                                 ;
;   355.763 ;   -0.001 ; FF ; IC   ; 1      ; LABCELL_X11_Y75_N21                        ; emu|audio_reset_request|dataa                                              ;
;   356.313 ;   0.550  ; FR ; CELL ; 22     ; LABCELL_X11_Y75_N21                        ; emu|audio_reset_request|combout                                            ;
;   356.313 ;   0.000  ;    ; RE   ; 2      ; LABCELL_X11_Y75_N21                        ; ARRIAV_LCELL_COMB                                                          ;
;   356.406 ;   0.093  ;    ; RE   ; 2      ; LE_BUFFER_X11_Y75_N0_I14                   ; LE_BUFFER                                                                  ;
;   356.572 ;   0.166  ;    ; RE   ; 2      ; R6_X6_Y75_N0_I21                           ; H_SEG6                                                                     ;
;   356.726 ;   0.154  ;    ; RE   ; 3      ; R3_X9_Y75_N0_I14                           ; H_SEG3                                                                     ;
;   356.874 ;   0.148  ;    ; RE   ; 1      ; LOCAL_INTERCONNECT_X11_Y75_N0_I22          ; LAB_LINE                                                                   ;
;   357.074 ;   0.200  ;    ; RE   ; 1      ; BLOCK_INPUT_MUX_PASSTHROUGH_X11_Y75_N0_I83 ; LEIM                                                                       ;
;   357.074 ;   0.000  ;    ; RE   ; 1      ; GLOBAL_LOCAL_SEL_X11_Y75_N0_I2             ; GLOBAL_LOCAL_SEL                                                           ;
;   357.074 ;   0.000  ;    ; RE   ; 6      ; LAB_INPUT_X11_Y75_N0_I3                    ; LAB_INPUT                                                                  ;
;   357.075 ;   0.001  ; RR ; IC   ; 1      ; FF_X11_Y75_N20                             ; emu|audio_flac_eos_sync[1]|clrn                                            ;
;   357.698 ;   0.623  ; RF ; CELL ; 1      ; FF_X11_Y75_N20                             ; emu:emu|audio_flac_eos_sync[1]                                             ;
+-----------+----------+----+------+--------+--------------------------------------------+----------------------------------------------------------------------------+

+------------------------------------------------------------------------------------------------------------------------------------------------------------------+
; Data Required Path                                                                                                                                               ;
+-----------+----------+----+------+--------+-----------------------------------------+----------------------------------------------------------------------------+
; Total     ; Incr     ; RF ; Type ; Fanout ; Location                                ; Element                                                                    ;
+-----------+----------+----+------+--------+-----------------------------------------+----------------------------------------------------------------------------+
; 351.842   ; 351.842  ;    ;      ;        ;                                         ; latch edge time                                                            ;
; 355.494   ; 3.652    ;    ;      ;        ;                                         ; clock path                                                                 ;
;   351.842 ;   0.000  ;    ;      ;        ;                                         ; source latency                                                             ;
;   351.842 ;   0.000  ;    ;      ; 1      ; PIN_Y13                                 ; FPGA_CLK2_50                                                               ;
;   351.842 ;   0.000  ;    ; RE   ; 1      ; IOPAD_X56_Y0_N0                         ; ARRIAV_IO_PAD                                                              ;
;   351.842 ;   0.000  ;    ; RE   ; 1      ; IO_PAD_OUTPUT_X56_Y0_N0_I1              ; IO_PAD_OUTPUT                                                              ;
;   351.842 ;   0.000  ;    ; RE   ; 1      ; IO_INPUT_BUFFER_INPUT_X56_Y0_N1_I0      ; IO_INPUT_BUFFER_INPUT                                                      ;
;   351.842 ;   0.000  ; RR ; IC   ; 1      ; IOIBUF_X56_Y0_N1                        ; FPGA_CLK2_50~input|i                                                       ;
;   352.603 ;   0.761  ; RR ; CELL ; 2      ; IOIBUF_X56_Y0_N1                        ; FPGA_CLK2_50~input|o                                                       ;
;   352.603 ;   0.000  ;    ; RE   ; 1      ; IOIBUF_X56_Y0_N1                        ; ARRIAV_IO_IBUF                                                             ;
;   352.603 ;   0.000  ;    ; RE   ; 1      ; IO_INPUT_BUFFER_OUTPUT_X56_Y0_N1_I2     ; IO_INPUT_BUFFER_OUTPUT                                                     ;
;   352.603 ;   0.000  ;    ; RE   ; 1      ; IO_RE_X56_Y0_N0_I96                     ; IO_RE                                                                      ;
;   352.986 ;   0.383  ;    ; RE   ; 2      ; IO_RE_X56_Y0_N0_I66                     ; IO_RE                                                                      ;
;   353.774 ;   0.788  ;    ; RE   ; 1      ; FF_PLL_RE_X89_Y0_N0_I3                  ; FF_PLL_RE                                                                  ;
;   353.774 ;   0.000  ;    ; RE   ; 1      ; F_PLL_BLOCK_RE_X89_Y0_N0_I2             ; F_PLL_BLOCK_RE                                                             ;
;   353.774 ;   0.000  ;    ; RE   ; 1      ; PLL_REFCLK_SELECT_INPUT_X89_Y7_N0_I2    ; PLL_REFCLK_SELECT_INPUT                                                    ;
;   353.774 ;   0.000  ; RR ; IC   ; 1      ; PLLREFCLKSELECT_X89_Y7_N0               ; emu|pll|pll_inst|altera_pll_i|general[0].gpll~PLL_REFCLK_SELECT|clkin[0]   ;
;   354.082 ;   0.308  ; RR ; CELL ; 1      ; PLLREFCLKSELECT_X89_Y7_N0               ; emu|pll|pll_inst|altera_pll_i|general[0].gpll~PLL_REFCLK_SELECT|clkout     ;
;   354.082 ;   0.000  ;    ; RE   ; 2      ; PLLREFCLKSELECT_X89_Y7_N0               ; CYCLONEV_PLL_REFCLK_SELECT                                                 ;
;   354.082 ;   0.000  ;    ; RE   ; 1      ; PLL_REFCLK_SELECT_OUTPUT_X89_Y7_N0_I15  ; PLL_REFCLK_SELECT_OUTPUT                                                   ;
;   354.082 ;   0.000  ;    ; RE   ; 1      ; FRACTIONAL_PLL_INPUT_X89_Y1_N0_I7       ; FRACTIONAL_PLL_INPUT                                                       ;
;   354.082 ;   0.000  ; RR ; IC   ; 10     ; FRACTIONALPLL_X89_Y1_N0                 ; emu|pll|pll_inst|altera_pll_i|general[0].gpll~FRACTIONAL_PLL|refclkin      ;
;   349.150 ;   -4.932 ; RR ; COMP ; 3      ; FRACTIONALPLL_X89_Y1_N0                 ; emu|pll|pll_inst|altera_pll_i|general[0].gpll~FRACTIONAL_PLL|vcoph[0]      ;
;   349.150 ;   0.000  ;    ; RE   ; 19     ; FRACTIONALPLL_X89_Y1_N0                 ; CYCLONEV_FRACTIONAL_PLL                                                    ;
;   349.150 ;   0.000  ;    ; RE   ; 1      ; FRACTIONAL_PLL_OUTPUT_X89_Y1_N0_I19     ; FRACTIONAL_PLL_OUTPUT                                                      ;
;   349.150 ;   0.000  ;    ; RE   ; 3      ; F_PLL_BLOCK_RE_X89_Y0_N0_I109           ; F_PLL_BLOCK_RE                                                             ;
;   349.150 ;   0.000  ;    ; RE   ; 1      ; PLL_OUTPUT_COUNTER_INPUT_X89_Y0_N1_I7   ; PLL_OUTPUT_COUNTER_INPUT                                                   ;
;   349.150 ;   0.000  ; RR ; IC   ; 1      ; PLLOUTPUTCOUNTER_X89_Y0_N1              ; emu|pll|pll_inst|altera_pll_i|general[2].gpll~PLL_OUTPUT_COUNTER|vco0ph[0] ;
;   350.418 ;   1.268  ; RR ; CELL ; 1      ; PLLOUTPUTCOUNTER_X89_Y0_N1              ; emu|pll|pll_inst|altera_pll_i|general[2].gpll~PLL_OUTPUT_COUNTER|divclk    ;
;   350.418 ;   0.000  ;    ; RE   ; 1      ; PLLOUTPUTCOUNTER_X89_Y0_N1              ; CYCLONEV_PLL_OUTPUT_COUNTER                                                ;
;   350.418 ;   0.000  ;    ; RE   ; 1      ; PLL_OUTPUT_COUNTER_OUTPUT_X89_Y0_N1_I16 ; PLL_OUTPUT_COUNTER_OUTPUT                                                  ;
;   350.855 ;   0.437  ;    ; RE   ; 1      ; FF_PLL_RE_X89_Y0_N0_I101                ; FF_PLL_RE                                                                  ;
;   351.362 ;   0.507  ;    ; RE   ; 1      ; CLKBUF_CLUSTER_RE_X89_Y35_N3_I433       ; CLKBUF_CLUSTER_RE                                                          ;
;   351.362 ;   0.000  ;    ; RE   ; 1      ; CLKBUF_CLUSTER_RE_X89_Y35_N3_I563       ; CLKBUF_CLUSTER_RE                                                          ;
;   351.362 ;   0.000  ;    ; RE   ; 1      ; GCLK_CLUSTER_RE_X89_Y35_N6_I10          ; GCLK_CLUSTER_RE                                                            ;
;   351.362 ;   0.000  ;    ; RE   ; 1      ; CLKBUFBLOCK_INPUT_X89_Y35_N7_I0         ; CLKBUFBLOCK_INPUT                                                          ;
;   351.362 ;   0.000  ; RR ; IC   ; 1      ; CLKCTRL_G9                              ; emu|pll|pll_inst|altera_pll_i|outclk_wire[2]~CLKENA0|inclk                 ;
;   351.658 ;   0.296  ; RR ; CELL ; 32647  ; CLKCTRL_G9                              ; emu|pll|pll_inst|altera_pll_i|outclk_wire[2]~CLKENA0|outclk                ;
;   351.658 ;   0.000  ;    ; RE   ; 1      ; CLKCTRL_G9                              ; ARRIAV_CLKBUF                                                              ;
;   351.658 ;   0.000  ;    ; RE   ; 1      ; CLKBUFBLOCK_OUTPUT_X89_Y35_N7_I2        ; CLKBUFBLOCK_OUTPUT                                                         ;
;   351.658 ;   0.000  ;    ; RE   ; 1      ; GCLK_CLUSTER_RE_X89_Y35_N6_I12          ; GCLK_CLUSTER_RE                                                            ;
;   351.658 ;   0.000  ;    ; RE   ; 1      ; CLKBUF_CLUSTER_RE_X89_Y35_N3_I416       ; CLKBUF_CLUSTER_RE                                                          ;
;   352.407 ;   0.749  ;    ; RE   ; 12     ; GLOBAL_CLOCK_X0_Y36_N0_I9               ; GLOBAL_CLOCK                                                               ;
;   352.562 ;   0.155  ;    ; RE   ; 7      ; SPINE_CLOCK_X15_Y59_N0_I7               ; SPINE_CLOCK                                                                ;
;   352.936 ;   0.374  ;    ; RE   ; 1      ; SCLK_TO_ROWCLK_BUF_X15_Y75_N0_I42       ; SCLK_TO_ROWCLK_BUF                                                         ;
;   353.008 ;   0.072  ;    ; RE   ; 1      ; SCLK_TO_ROWCLK_BUF_X15_Y75_N0_I45       ; SCLK_TO_ROWCLK_BUF                                                         ;
;   353.420 ;   0.412  ;    ; RE   ; 6      ; LAB_CLK_X0_Y75_N0_I2                    ; LAB_CLK                                                                    ;
;   353.547 ;   0.127  ;    ; RE   ; 1      ; BLK_CLK_BUF_X11_Y75_N0_I2               ; BLK_CLK_BUF                                                                ;
;   353.592 ;   0.045  ;    ; RE   ; 1      ; ROWCLKSEL_PREBUF_X11_Y75_N0_I2          ; ROWCLKSEL_PREBUF                                                           ;
;   353.638 ;   0.046  ;    ; RE   ; 1      ; ROWCLKSEL_X11_Y75_N0_I0                 ; ROWCLKSEL                                                                  ;
;   353.638 ;   0.000  ;    ; RE   ; 1      ; GLOBAL_LOCAL_SEL_X11_Y75_N0_I0          ; GLOBAL_LOCAL_SEL                                                           ;
;   353.638 ;   0.000  ;    ; RE   ; 6      ; LAB_INPUT_X11_Y75_N0_I0                 ; LAB_INPUT                                                                  ;
;   353.638 ;   0.000  ; RR ; IC   ; 1      ; FF_X11_Y75_N20                          ; emu|audio_flac_eos_sync[1]|clk                                             ;
;   354.141 ;   0.503  ; RR ; CELL ; 1      ; FF_X11_Y75_N20                          ; emu:emu|audio_flac_eos_sync[1]                                             ;
;   355.494 ;   1.353  ;    ;      ;        ;                                         ; clock pessimism removed                                                    ;
; 355.334   ; -0.160   ;    ;      ;        ;                                         ; clock uncertainty                                                          ;
; 355.334   ; 0.000    ;    ; uTsu ; 1      ; FF_X11_Y75_N20                          ; emu:emu|audio_flac_eos_sync[1]                                             ;
+-----------+----------+----+------+--------+-----------------------------------------+----------------------------------------------------------------------------+

----------------------------
; Extra Fitter Information ;
----------------------------
HTML report is unavailable in plain text report export.


Path #3: Recovery slack is -2.360 (VIOLATED)
===============================================================================
+----------------------------------------------------------------------------------------------+
; Path Summary                                                                                 ;
+--------------------+-------------------------------------------------------------------------+
; Property           ; Value                                                                   ;
+--------------------+-------------------------------------------------------------------------+
; From Node          ; emu:emu|audio_reset_stretch[0]                                          ;
; To Node            ; emu:emu|reset_audio_src_sync[1]                                         ;
; Launch Clock       ; emu|pll|pll_inst|altera_pll_i|general[0].gpll~PLL_OUTPUT_COUNTER|divclk ;
; Latch Clock        ; emu|pll|pll_inst|altera_pll_i|general[2].gpll~PLL_OUTPUT_COUNTER|divclk ;
; Data Arrival Time  ; 357.698                                                                 ;
; Data Required Time ; 355.338                                                                 ;
; Slack              ; -2.360 (VIOLATED)                                                       ;
+--------------------+-------------------------------------------------------------------------+

+--------------------------------------------------------------------------------------+
; Statistics                                                                           ;
+------------------------+--------+-------+-------------+------------+--------+--------+
; Property               ; Value  ; Count ; Total Delay ; % of Total ; Min    ; Max    ;
+------------------------+--------+-------+-------------+------------+--------+--------+
; Recovery Relationship  ; 1.842  ;       ;             ;            ;        ;        ;
; Clock Skew             ; -0.881 ;       ;             ;            ;        ;        ;
; Data Delay             ; 3.161  ;       ;             ;            ;        ;        ;
; Number of Logic Levels ;        ; 2     ;             ;            ;        ;        ;
; Physical Delays        ;        ;       ;             ;            ;        ;        ;
;  Arrival Path          ;        ;       ;             ;            ;        ;        ;
;   Clock                ;        ;       ;             ;            ;        ;        ;
;    IC                  ;        ; 6     ; -0.001      ; 0          ; -0.001 ; 0.000  ;
;    Cell                ;        ; 5     ; 3.530       ; 42         ; 0.322  ; 1.535  ;
;    PLL Compensation    ;        ; 1     ; -3.768      ; 0          ; -3.768 ; -3.768 ;
;    Routing Element     ;        ; 38    ; 4.776       ; 58         ; 0.000  ; 1.135  ;
;   Data                 ;        ;       ;             ;            ;        ;        ;
;    IC                  ;        ; 3     ; 0.000       ; 0          ; -0.001 ; 0.001  ;
;    Cell                ;        ; 4     ; 1.765       ; 56         ; 0.000  ; 0.623  ;
;    uTco                ;        ; 1     ; 0.000       ; 0          ; 0.000  ; 0.000  ;
;    Routing Element     ;        ; 15    ; 1.396       ; 44         ; 0.000  ; 0.200  ;
;  Required Path         ;        ;       ;             ;            ;        ;        ;
;   Clock                ;        ;       ;             ;            ;        ;        ;
;    IC                  ;        ; 6     ; 0.000       ; 0          ; 0.000  ; 0.000  ;
;    Cell                ;        ; 5     ; 3.140       ; 43         ; 0.296  ; 1.268  ;
;    PLL Compensation    ;        ; 1     ; -4.932      ; 0          ; -4.932 ; -4.932 ;
;    Routing Element     ;        ; 38    ; 4.095       ; 57         ; 0.000  ; 0.788  ;
+------------------------+--------+-------+-------------+------------+--------+--------+
Note: Negative delays are omitted from totals when calculating percentages

+---------------------------------------------------------------------------------------------------------------------------------------------------------------------+
; Data Arrival Path                                                                                                                                                   ;
+-----------+----------+----+------+--------+--------------------------------------------+----------------------------------------------------------------------------+
; Total     ; Incr     ; RF ; Type ; Fanout ; Location                                   ; Element                                                                    ;
+-----------+----------+----+------+--------+--------------------------------------------+----------------------------------------------------------------------------+
; 350.000   ; 350.000  ;    ;      ;        ;                                            ; launch edge time                                                           ;
; 354.537   ; 4.537    ;    ;      ;        ;                                            ; clock path                                                                 ;
;   350.000 ;   0.000  ;    ;      ;        ;                                            ; source latency                                                             ;
;   350.000 ;   0.000  ;    ;      ; 1      ; PIN_Y13                                    ; FPGA_CLK2_50                                                               ;
;   350.000 ;   0.000  ;    ; RE   ; 1      ; IOPAD_X56_Y0_N0                            ; ARRIAV_IO_PAD                                                              ;
;   350.000 ;   0.000  ;    ; RE   ; 1      ; IO_PAD_OUTPUT_X56_Y0_N0_I1                 ; IO_PAD_OUTPUT                                                              ;
;   350.000 ;   0.000  ;    ; RE   ; 1      ; IO_INPUT_BUFFER_INPUT_X56_Y0_N1_I0         ; IO_INPUT_BUFFER_INPUT                                                      ;
;   350.000 ;   0.000  ; RR ; IC   ; 1      ; IOIBUF_X56_Y0_N1                           ; FPGA_CLK2_50~input|i                                                       ;
;   350.761 ;   0.761  ; RR ; CELL ; 2      ; IOIBUF_X56_Y0_N1                           ; FPGA_CLK2_50~input|o                                                       ;
;   350.761 ;   0.000  ;    ; RE   ; 1      ; IOIBUF_X56_Y0_N1                           ; ARRIAV_IO_IBUF                                                             ;
;   350.761 ;   0.000  ;    ; RE   ; 1      ; IO_INPUT_BUFFER_OUTPUT_X56_Y0_N1_I2        ; IO_INPUT_BUFFER_OUTPUT                                                     ;
;   350.761 ;   0.000  ;    ; RE   ; 1      ; IO_RE_X56_Y0_N0_I96                        ; IO_RE                                                                      ;
;   351.260 ;   0.499  ;    ; RE   ; 2      ; IO_RE_X56_Y0_N0_I66                        ; IO_RE                                                                      ;
;   352.096 ;   0.836  ;    ; RE   ; 1      ; FF_PLL_RE_X89_Y0_N0_I3                     ; FF_PLL_RE                                                                  ;
;   352.096 ;   0.000  ;    ; RE   ; 1      ; F_PLL_BLOCK_RE_X89_Y0_N0_I2                ; F_PLL_BLOCK_RE                                                             ;
;   352.096 ;   0.000  ;    ; RE   ; 1      ; PLL_REFCLK_SELECT_INPUT_X89_Y7_N0_I2       ; PLL_REFCLK_SELECT_INPUT                                                    ;
;   352.096 ;   0.000  ; RR ; IC   ; 1      ; PLLREFCLKSELECT_X89_Y7_N0                  ; emu|pll|pll_inst|altera_pll_i|general[0].gpll~PLL_REFCLK_SELECT|clkin[0]   ;
;   352.429 ;   0.333  ; RR ; CELL ; 1      ; PLLREFCLKSELECT_X89_Y7_N0                  ; emu|pll|pll_inst|altera_pll_i|general[0].gpll~PLL_REFCLK_SELECT|clkout     ;
;   352.429 ;   0.000  ;    ; RE   ; 2      ; PLLREFCLKSELECT_X89_Y7_N0                  ; CYCLONEV_PLL_REFCLK_SELECT                                                 ;
;   352.429 ;   0.000  ;    ; RE   ; 1      ; PLL_REFCLK_SELECT_OUTPUT_X89_Y7_N0_I15     ; PLL_REFCLK_SELECT_OUTPUT                                                   ;
;   352.429 ;   0.000  ;    ; RE   ; 1      ; FRACTIONAL_PLL_INPUT_X89_Y1_N0_I7          ; FRACTIONAL_PLL_INPUT                                                       ;
;   352.429 ;   0.000  ; RR ; IC   ; 10     ; FRACTIONALPLL_X89_Y1_N0                    ; emu|pll|pll_inst|altera_pll_i|general[0].gpll~FRACTIONAL_PLL|refclkin      ;
;   348.661 ;   -3.768 ; RR ; COMP ; 3      ; FRACTIONALPLL_X89_Y1_N0                    ; emu|pll|pll_inst|altera_pll_i|general[0].gpll~FRACTIONAL_PLL|vcoph[0]      ;
;   348.661 ;   0.000  ;    ; RE   ; 19     ; FRACTIONALPLL_X89_Y1_N0                    ; CYCLONEV_FRACTIONAL_PLL                                                    ;
;   348.661 ;   0.000  ;    ; RE   ; 1      ; FRACTIONAL_PLL_OUTPUT_X89_Y1_N0_I19        ; FRACTIONAL_PLL_OUTPUT                                                      ;
;   348.661 ;   0.000  ;    ; RE   ; 3      ; F_PLL_BLOCK_RE_X89_Y0_N0_I109              ; F_PLL_BLOCK_RE                                                             ;
;   348.661 ;   0.000  ;    ; RE   ; 1      ; PLL_OUTPUT_COUNTER_INPUT_X89_Y2_N1_I7      ; PLL_OUTPUT_COUNTER_INPUT                                                   ;
;   348.661 ;   0.000  ; RR ; IC   ; 1      ; PLLOUTPUTCOUNTER_X89_Y2_N1                 ; emu|pll|pll_inst|altera_pll_i|general[0].gpll~PLL_OUTPUT_COUNTER|vco0ph[0] ;
;   350.196 ;   1.535  ; RR ; CELL ; 1      ; PLLOUTPUTCOUNTER_X89_Y2_N1                 ; emu|pll|pll_inst|altera_pll_i|general[0].gpll~PLL_OUTPUT_COUNTER|divclk    ;
;   350.196 ;   0.000  ;    ; RE   ; 1      ; PLLOUTPUTCOUNTER_X89_Y2_N1                 ; CYCLONEV_PLL_OUTPUT_COUNTER                                                ;
;   350.196 ;   0.000  ;    ; RE   ; 1      ; PLL_OUTPUT_COUNTER_OUTPUT_X89_Y2_N1_I16    ; PLL_OUTPUT_COUNTER_OUTPUT                                                  ;
;   350.676 ;   0.480  ;    ; RE   ; 1      ; FF_PLL_RE_X89_Y0_N0_I103                   ; FF_PLL_RE                                                                  ;
;   351.215 ;   0.539  ;    ; RE   ; 1      ; CLKBUF_CLUSTER_RE_X89_Y35_N3_I435          ; CLKBUF_CLUSTER_RE                                                          ;
;   351.215 ;   0.000  ;    ; RE   ; 1      ; CLKBUF_CLUSTER_RE_X89_Y35_N3_I693          ; CLKBUF_CLUSTER_RE                                                          ;
;   351.215 ;   0.000  ;    ; RE   ; 1      ; GCLK_CLUSTER_RE_X89_Y35_N12_I10            ; GCLK_CLUSTER_RE                                                            ;
;   351.215 ;   0.000  ;    ; RE   ; 1      ; CLKBUFBLOCK_INPUT_X89_Y35_N13_I0           ; CLKBUFBLOCK_INPUT                                                          ;
;   351.215 ;   0.000  ; RR ; IC   ; 1      ; CLKCTRL_G11                                ; emu|pll|pll_inst|altera_pll_i|outclk_wire[0]~CLKENA0|inclk                 ;
;   351.537 ;   0.322  ; RR ; CELL ; 1342   ; CLKCTRL_G11                                ; emu|pll|pll_inst|altera_pll_i|outclk_wire[0]~CLKENA0|outclk                ;
;   351.537 ;   0.000  ;    ; RE   ; 1      ; CLKCTRL_G11                                ; ARRIAV_CLKBUF                                                              ;
;   351.537 ;   0.000  ;    ; RE   ; 1      ; CLKBUFBLOCK_OUTPUT_X89_Y35_N13_I2          ; CLKBUFBLOCK_OUTPUT                                                         ;
;   351.537 ;   0.000  ;    ; RE   ; 1      ; GCLK_CLUSTER_RE_X89_Y35_N12_I12            ; GCLK_CLUSTER_RE                                                            ;
;   351.537 ;   0.000  ;    ; RE   ; 1      ; CLKBUF_CLUSTER_RE_X89_Y35_N3_I418          ; CLKBUF_CLUSTER_RE                                                          ;
;   352.672 ;   1.135  ;    ; RE   ; 7      ; GLOBAL_CLOCK_X0_Y36_N0_I11                 ; GLOBAL_CLOCK                                                               ;
;   352.820 ;   0.148  ;    ; RE   ; 20     ; SPINE_CLOCK_X15_Y59_N0_I19                 ; SPINE_CLOCK                                                                ;
;   353.207 ;   0.387  ;    ; RE   ; 1      ; SCLK_TO_ROWCLK_BUF_X15_Y75_N0_I115         ; SCLK_TO_ROWCLK_BUF                                                         ;
;   353.291 ;   0.084  ;    ; RE   ; 2      ; SCLK_TO_ROWCLK_BUF_X15_Y75_N0_I118         ; SCLK_TO_ROWCLK_BUF                                                         ;
;   353.724 ;   0.433  ;    ; RE   ; 3      ; LAB_CLK_X0_Y75_N0_I5                       ; LAB_CLK                                                                    ;
;   353.862 ;   0.138  ;    ; RE   ; 1      ; BLK_CLK_BUF_X12_Y75_N0_I5                  ; BLK_CLK_BUF                                                                ;
;   353.909 ;   0.047  ;    ; RE   ; 1      ; ROWCLKSEL_PREBUF_X12_Y75_N0_I5             ; ROWCLKSEL_PREBUF                                                           ;
;   353.959 ;   0.050  ;    ; RE   ; 1      ; ROWCLKSEL_X12_Y75_N0_I0                    ; ROWCLKSEL                                                                  ;
;   353.959 ;   0.000  ;    ; RE   ; 2      ; GLOBAL_LOCAL_SEL_X12_Y75_N0_I0             ; GLOBAL_LOCAL_SEL                                                           ;
;   353.959 ;   0.000  ;    ; RE   ; 15     ; LAB_INPUT_X12_Y75_N0_I1                    ; LAB_INPUT                                                                  ;
;   353.958 ;   -0.001 ; RR ; IC   ; 1      ; FF_X12_Y75_N29                             ; emu|audio_reset_stretch[0]|clk                                             ;
;   354.537 ;   0.579  ; RR ; CELL ; 1      ; FF_X12_Y75_N29                             ; emu:emu|audio_reset_stretch[0]                                             ;
; 357.698   ; 3.161    ;    ;      ;        ;                                            ; data path                                                                  ;
;   354.537 ;   0.000  ;    ; uTco ; 1      ; FF_X12_Y75_N29                             ; emu:emu|audio_reset_stretch[0]                                             ;
;   354.537 ;   0.000  ; RR ; CELL ; 3      ; FF_X12_Y75_N29                             ; emu|audio_reset_stretch[0]|q                                               ;
;   354.609 ;   0.072  ;    ; RE   ; 2      ; FF_X12_Y75_N29                             ; ARRIAV_FF                                                                  ;
;   354.731 ;   0.122  ;    ; RE   ; 2      ; LOCAL_LINE_X12_Y75_N0_I9                   ; LOCAL_LINE                                                                 ;
;   354.840 ;   0.109  ;    ; RE   ; 1      ; BLOCK_INPUT_MUX_X12_Y75_N0_I2              ; LEIM_INPUT                                                                 ;
;   354.840 ;   0.000  ; RR ; IC   ; 1      ; LABCELL_X12_Y75_N3                         ; emu|Equal4~0|dataa                                                         ;
;   355.432 ;   0.592  ; RF ; CELL ; 6      ; LABCELL_X12_Y75_N3                         ; emu|Equal4~0|combout                                                       ;
;   355.432 ;   0.000  ;    ; RE   ; 2      ; LABCELL_X12_Y75_N3                         ; ARRIAV_LCELL_COMB                                                          ;
;   355.521 ;   0.089  ;    ; RE   ; 2      ; LE_BUFFER_X12_Y75_N0_I3                    ; LE_BUFFER                                                                  ;
;   355.665 ;   0.144  ;    ; RE   ; 1      ; LOCAL_INTERCONNECT_X11_Y75_N0_I1           ; LAB_LINE                                                                   ;
;   355.764 ;   0.099  ;    ; RE   ; 1      ; BLOCK_INPUT_MUX_X11_Y75_N0_I26             ; LEIM_INPUT                                                                 ;
;   355.763 ;   -0.001 ; FF ; IC   ; 1      ; LABCELL_X11_Y75_N21                        ; emu|audio_reset_request|dataa                                              ;
;   356.313 ;   0.550  ; FR ; CELL ; 22     ; LABCELL_X11_Y75_N21                        ; emu|audio_reset_request|combout                                            ;
;   356.313 ;   0.000  ;    ; RE   ; 2      ; LABCELL_X11_Y75_N21                        ; ARRIAV_LCELL_COMB                                                          ;
;   356.406 ;   0.093  ;    ; RE   ; 2      ; LE_BUFFER_X11_Y75_N0_I14                   ; LE_BUFFER                                                                  ;
;   356.572 ;   0.166  ;    ; RE   ; 2      ; R6_X6_Y75_N0_I21                           ; H_SEG6                                                                     ;
;   356.726 ;   0.154  ;    ; RE   ; 3      ; R3_X9_Y75_N0_I14                           ; H_SEG3                                                                     ;
;   356.874 ;   0.148  ;    ; RE   ; 1      ; LOCAL_INTERCONNECT_X11_Y75_N0_I22          ; LAB_LINE                                                                   ;
;   357.074 ;   0.200  ;    ; RE   ; 1      ; BLOCK_INPUT_MUX_PASSTHROUGH_X11_Y75_N0_I83 ; LEIM                                                                       ;
;   357.074 ;   0.000  ;    ; RE   ; 1      ; GLOBAL_LOCAL_SEL_X11_Y75_N0_I2             ; GLOBAL_LOCAL_SEL                                                           ;
;   357.074 ;   0.000  ;    ; RE   ; 6      ; LAB_INPUT_X11_Y75_N0_I3                    ; LAB_INPUT                                                                  ;
;   357.075 ;   0.001  ; RR ; IC   ; 1      ; FF_X11_Y75_N49                             ; emu|reset_audio_src_sync[1]|clrn                                           ;
;   357.698 ;   0.623  ; RF ; CELL ; 1      ; FF_X11_Y75_N49                             ; emu:emu|reset_audio_src_sync[1]                                            ;
+-----------+----------+----+------+--------+--------------------------------------------+----------------------------------------------------------------------------+

+------------------------------------------------------------------------------------------------------------------------------------------------------------------+
; Data Required Path                                                                                                                                               ;
+-----------+----------+----+------+--------+-----------------------------------------+----------------------------------------------------------------------------+
; Total     ; Incr     ; RF ; Type ; Fanout ; Location                                ; Element                                                                    ;
+-----------+----------+----+------+--------+-----------------------------------------+----------------------------------------------------------------------------+
; 351.842   ; 351.842  ;    ;      ;        ;                                         ; latch edge time                                                            ;
; 355.498   ; 3.656    ;    ;      ;        ;                                         ; clock path                                                                 ;
;   351.842 ;   0.000  ;    ;      ;        ;                                         ; source latency                                                             ;
;   351.842 ;   0.000  ;    ;      ; 1      ; PIN_Y13                                 ; FPGA_CLK2_50                                                               ;
;   351.842 ;   0.000  ;    ; RE   ; 1      ; IOPAD_X56_Y0_N0                         ; ARRIAV_IO_PAD                                                              ;
;   351.842 ;   0.000  ;    ; RE   ; 1      ; IO_PAD_OUTPUT_X56_Y0_N0_I1              ; IO_PAD_OUTPUT                                                              ;
;   351.842 ;   0.000  ;    ; RE   ; 1      ; IO_INPUT_BUFFER_INPUT_X56_Y0_N1_I0      ; IO_INPUT_BUFFER_INPUT                                                      ;
;   351.842 ;   0.000  ; RR ; IC   ; 1      ; IOIBUF_X56_Y0_N1                        ; FPGA_CLK2_50~input|i                                                       ;
;   352.603 ;   0.761  ; RR ; CELL ; 2      ; IOIBUF_X56_Y0_N1                        ; FPGA_CLK2_50~input|o                                                       ;
;   352.603 ;   0.000  ;    ; RE   ; 1      ; IOIBUF_X56_Y0_N1                        ; ARRIAV_IO_IBUF                                                             ;
;   352.603 ;   0.000  ;    ; RE   ; 1      ; IO_INPUT_BUFFER_OUTPUT_X56_Y0_N1_I2     ; IO_INPUT_BUFFER_OUTPUT                                                     ;
;   352.603 ;   0.000  ;    ; RE   ; 1      ; IO_RE_X56_Y0_N0_I96                     ; IO_RE                                                                      ;
;   352.986 ;   0.383  ;    ; RE   ; 2      ; IO_RE_X56_Y0_N0_I66                     ; IO_RE                                                                      ;
;   353.774 ;   0.788  ;    ; RE   ; 1      ; FF_PLL_RE_X89_Y0_N0_I3                  ; FF_PLL_RE                                                                  ;
;   353.774 ;   0.000  ;    ; RE   ; 1      ; F_PLL_BLOCK_RE_X89_Y0_N0_I2             ; F_PLL_BLOCK_RE                                                             ;
;   353.774 ;   0.000  ;    ; RE   ; 1      ; PLL_REFCLK_SELECT_INPUT_X89_Y7_N0_I2    ; PLL_REFCLK_SELECT_INPUT                                                    ;
;   353.774 ;   0.000  ; RR ; IC   ; 1      ; PLLREFCLKSELECT_X89_Y7_N0               ; emu|pll|pll_inst|altera_pll_i|general[0].gpll~PLL_REFCLK_SELECT|clkin[0]   ;
;   354.082 ;   0.308  ; RR ; CELL ; 1      ; PLLREFCLKSELECT_X89_Y7_N0               ; emu|pll|pll_inst|altera_pll_i|general[0].gpll~PLL_REFCLK_SELECT|clkout     ;
;   354.082 ;   0.000  ;    ; RE   ; 2      ; PLLREFCLKSELECT_X89_Y7_N0               ; CYCLONEV_PLL_REFCLK_SELECT                                                 ;
;   354.082 ;   0.000  ;    ; RE   ; 1      ; PLL_REFCLK_SELECT_OUTPUT_X89_Y7_N0_I15  ; PLL_REFCLK_SELECT_OUTPUT                                                   ;
;   354.082 ;   0.000  ;    ; RE   ; 1      ; FRACTIONAL_PLL_INPUT_X89_Y1_N0_I7       ; FRACTIONAL_PLL_INPUT                                                       ;
;   354.082 ;   0.000  ; RR ; IC   ; 10     ; FRACTIONALPLL_X89_Y1_N0                 ; emu|pll|pll_inst|altera_pll_i|general[0].gpll~FRACTIONAL_PLL|refclkin      ;
;   349.150 ;   -4.932 ; RR ; COMP ; 3      ; FRACTIONALPLL_X89_Y1_N0                 ; emu|pll|pll_inst|altera_pll_i|general[0].gpll~FRACTIONAL_PLL|vcoph[0]      ;
;   349.150 ;   0.000  ;    ; RE   ; 19     ; FRACTIONALPLL_X89_Y1_N0                 ; CYCLONEV_FRACTIONAL_PLL                                                    ;
;   349.150 ;   0.000  ;    ; RE   ; 1      ; FRACTIONAL_PLL_OUTPUT_X89_Y1_N0_I19     ; FRACTIONAL_PLL_OUTPUT                                                      ;
;   349.150 ;   0.000  ;    ; RE   ; 3      ; F_PLL_BLOCK_RE_X89_Y0_N0_I109           ; F_PLL_BLOCK_RE                                                             ;
;   349.150 ;   0.000  ;    ; RE   ; 1      ; PLL_OUTPUT_COUNTER_INPUT_X89_Y0_N1_I7   ; PLL_OUTPUT_COUNTER_INPUT                                                   ;
;   349.150 ;   0.000  ; RR ; IC   ; 1      ; PLLOUTPUTCOUNTER_X89_Y0_N1              ; emu|pll|pll_inst|altera_pll_i|general[2].gpll~PLL_OUTPUT_COUNTER|vco0ph[0] ;
;   350.418 ;   1.268  ; RR ; CELL ; 1      ; PLLOUTPUTCOUNTER_X89_Y0_N1              ; emu|pll|pll_inst|altera_pll_i|general[2].gpll~PLL_OUTPUT_COUNTER|divclk    ;
;   350.418 ;   0.000  ;    ; RE   ; 1      ; PLLOUTPUTCOUNTER_X89_Y0_N1              ; CYCLONEV_PLL_OUTPUT_COUNTER                                                ;
;   350.418 ;   0.000  ;    ; RE   ; 1      ; PLL_OUTPUT_COUNTER_OUTPUT_X89_Y0_N1_I16 ; PLL_OUTPUT_COUNTER_OUTPUT                                                  ;
;   350.855 ;   0.437  ;    ; RE   ; 1      ; FF_PLL_RE_X89_Y0_N0_I101                ; FF_PLL_RE                                                                  ;
;   351.362 ;   0.507  ;    ; RE   ; 1      ; CLKBUF_CLUSTER_RE_X89_Y35_N3_I433       ; CLKBUF_CLUSTER_RE                                                          ;
;   351.362 ;   0.000  ;    ; RE   ; 1      ; CLKBUF_CLUSTER_RE_X89_Y35_N3_I563       ; CLKBUF_CLUSTER_RE                                                          ;
;   351.362 ;   0.000  ;    ; RE   ; 1      ; GCLK_CLUSTER_RE_X89_Y35_N6_I10          ; GCLK_CLUSTER_RE                                                            ;
;   351.362 ;   0.000  ;    ; RE   ; 1      ; CLKBUFBLOCK_INPUT_X89_Y35_N7_I0         ; CLKBUFBLOCK_INPUT                                                          ;
;   351.362 ;   0.000  ; RR ; IC   ; 1      ; CLKCTRL_G9                              ; emu|pll|pll_inst|altera_pll_i|outclk_wire[2]~CLKENA0|inclk                 ;
;   351.658 ;   0.296  ; RR ; CELL ; 32647  ; CLKCTRL_G9                              ; emu|pll|pll_inst|altera_pll_i|outclk_wire[2]~CLKENA0|outclk                ;
;   351.658 ;   0.000  ;    ; RE   ; 1      ; CLKCTRL_G9                              ; ARRIAV_CLKBUF                                                              ;
;   351.658 ;   0.000  ;    ; RE   ; 1      ; CLKBUFBLOCK_OUTPUT_X89_Y35_N7_I2        ; CLKBUFBLOCK_OUTPUT                                                         ;
;   351.658 ;   0.000  ;    ; RE   ; 1      ; GCLK_CLUSTER_RE_X89_Y35_N6_I12          ; GCLK_CLUSTER_RE                                                            ;
;   351.658 ;   0.000  ;    ; RE   ; 1      ; CLKBUF_CLUSTER_RE_X89_Y35_N3_I416       ; CLKBUF_CLUSTER_RE                                                          ;
;   352.407 ;   0.749  ;    ; RE   ; 12     ; GLOBAL_CLOCK_X0_Y36_N0_I9               ; GLOBAL_CLOCK                                                               ;
;   352.562 ;   0.155  ;    ; RE   ; 7      ; SPINE_CLOCK_X15_Y59_N0_I7               ; SPINE_CLOCK                                                                ;
;   352.936 ;   0.374  ;    ; RE   ; 1      ; SCLK_TO_ROWCLK_BUF_X15_Y75_N0_I42       ; SCLK_TO_ROWCLK_BUF                                                         ;
;   353.008 ;   0.072  ;    ; RE   ; 1      ; SCLK_TO_ROWCLK_BUF_X15_Y75_N0_I45       ; SCLK_TO_ROWCLK_BUF                                                         ;
;   353.420 ;   0.412  ;    ; RE   ; 6      ; LAB_CLK_X0_Y75_N0_I2                    ; LAB_CLK                                                                    ;
;   353.547 ;   0.127  ;    ; RE   ; 1      ; BLK_CLK_BUF_X11_Y75_N0_I2               ; BLK_CLK_BUF                                                                ;
;   353.592 ;   0.045  ;    ; RE   ; 1      ; ROWCLKSEL_PREBUF_X11_Y75_N0_I2          ; ROWCLKSEL_PREBUF                                                           ;
;   353.638 ;   0.046  ;    ; RE   ; 1      ; ROWCLKSEL_X11_Y75_N0_I0                 ; ROWCLKSEL                                                                  ;
;   353.638 ;   0.000  ;    ; RE   ; 1      ; GLOBAL_LOCAL_SEL_X11_Y75_N0_I0          ; GLOBAL_LOCAL_SEL                                                           ;
;   353.638 ;   0.000  ;    ; RE   ; 6      ; LAB_INPUT_X11_Y75_N0_I0                 ; LAB_INPUT                                                                  ;
;   353.638 ;   0.000  ; RR ; IC   ; 1      ; FF_X11_Y75_N49                          ; emu|reset_audio_src_sync[1]|clk                                            ;
;   354.145 ;   0.507  ; RR ; CELL ; 1      ; FF_X11_Y75_N49                          ; emu:emu|reset_audio_src_sync[1]                                            ;
;   355.498 ;   1.353  ;    ;      ;        ;                                         ; clock pessimism removed                                                    ;
; 355.338   ; -0.160   ;    ;      ;        ;                                         ; clock uncertainty                                                          ;
; 355.338   ; 0.000    ;    ; uTsu ; 1      ; FF_X11_Y75_N49                          ; emu:emu|reset_audio_src_sync[1]                                            ;
+-----------+----------+----+------+--------+-----------------------------------------+----------------------------------------------------------------------------+

----------------------------
; Extra Fitter Information ;
----------------------------
HTML report is unavailable in plain text report export.


Path #4: Recovery slack is -2.358 (VIOLATED)
===============================================================================
+----------------------------------------------------------------------------------------------+
; Path Summary                                                                                 ;
+--------------------+-------------------------------------------------------------------------+
; Property           ; Value                                                                   ;
+--------------------+-------------------------------------------------------------------------+
; From Node          ; emu:emu|audio_reset_stretch[0]                                          ;
; To Node            ; emu:emu|reset_audio_src_sync[0]                                         ;
; Launch Clock       ; emu|pll|pll_inst|altera_pll_i|general[0].gpll~PLL_OUTPUT_COUNTER|divclk ;
; Latch Clock        ; emu|pll|pll_inst|altera_pll_i|general[2].gpll~PLL_OUTPUT_COUNTER|divclk ;
; Data Arrival Time  ; 357.698                                                                 ;
; Data Required Time ; 355.340                                                                 ;
; Slack              ; -2.358 (VIOLATED)                                                       ;
+--------------------+-------------------------------------------------------------------------+

+--------------------------------------------------------------------------------------+
; Statistics                                                                           ;
+------------------------+--------+-------+-------------+------------+--------+--------+
; Property               ; Value  ; Count ; Total Delay ; % of Total ; Min    ; Max    ;
+------------------------+--------+-------+-------------+------------+--------+--------+
; Recovery Relationship  ; 1.842  ;       ;             ;            ;        ;        ;
; Clock Skew             ; -0.879 ;       ;             ;            ;        ;        ;
; Data Delay             ; 3.161  ;       ;             ;            ;        ;        ;
; Number of Logic Levels ;        ; 2     ;             ;            ;        ;        ;
; Physical Delays        ;        ;       ;             ;            ;        ;        ;
;  Arrival Path          ;        ;       ;             ;            ;        ;        ;
;   Clock                ;        ;       ;             ;            ;        ;        ;
;    IC                  ;        ; 6     ; -0.001      ; 0          ; -0.001 ; 0.000  ;
;    Cell                ;        ; 5     ; 3.530       ; 42         ; 0.322  ; 1.535  ;
;    PLL Compensation    ;        ; 1     ; -3.768      ; 0          ; -3.768 ; -3.768 ;
;    Routing Element     ;        ; 38    ; 4.776       ; 58         ; 0.000  ; 1.135  ;
;   Data                 ;        ;       ;             ;            ;        ;        ;
;    IC                  ;        ; 3     ; 0.000       ; 0          ; -0.001 ; 0.001  ;
;    Cell                ;        ; 4     ; 1.765       ; 56         ; 0.000  ; 0.623  ;
;    uTco                ;        ; 1     ; 0.000       ; 0          ; 0.000  ; 0.000  ;
;    Routing Element     ;        ; 15    ; 1.396       ; 44         ; 0.000  ; 0.200  ;
;  Required Path         ;        ;       ;             ;            ;        ;        ;
;   Clock                ;        ;       ;             ;            ;        ;        ;
;    IC                  ;        ; 6     ; 0.000       ; 0          ; 0.000  ; 0.000  ;
;    Cell                ;        ; 5     ; 3.142       ; 43         ; 0.296  ; 1.268  ;
;    PLL Compensation    ;        ; 1     ; -4.932      ; 0          ; -4.932 ; -4.932 ;
;    Routing Element     ;        ; 38    ; 4.095       ; 57         ; 0.000  ; 0.788  ;
+------------------------+--------+-------+-------------+------------+--------+--------+
Note: Negative delays are omitted from totals when calculating percentages

+---------------------------------------------------------------------------------------------------------------------------------------------------------------------+
; Data Arrival Path                                                                                                                                                   ;
+-----------+----------+----+------+--------+--------------------------------------------+----------------------------------------------------------------------------+
; Total     ; Incr     ; RF ; Type ; Fanout ; Location                                   ; Element                                                                    ;
+-----------+----------+----+------+--------+--------------------------------------------+----------------------------------------------------------------------------+
; 350.000   ; 350.000  ;    ;      ;        ;                                            ; launch edge time                                                           ;
; 354.537   ; 4.537    ;    ;      ;        ;                                            ; clock path                                                                 ;
;   350.000 ;   0.000  ;    ;      ;        ;                                            ; source latency                                                             ;
;   350.000 ;   0.000  ;    ;      ; 1      ; PIN_Y13                                    ; FPGA_CLK2_50                                                               ;
;   350.000 ;   0.000  ;    ; RE   ; 1      ; IOPAD_X56_Y0_N0                            ; ARRIAV_IO_PAD                                                              ;
;   350.000 ;   0.000  ;    ; RE   ; 1      ; IO_PAD_OUTPUT_X56_Y0_N0_I1                 ; IO_PAD_OUTPUT                                                              ;
;   350.000 ;   0.000  ;    ; RE   ; 1      ; IO_INPUT_BUFFER_INPUT_X56_Y0_N1_I0         ; IO_INPUT_BUFFER_INPUT                                                      ;
;   350.000 ;   0.000  ; RR ; IC   ; 1      ; IOIBUF_X56_Y0_N1                           ; FPGA_CLK2_50~input|i                                                       ;
;   350.761 ;   0.761  ; RR ; CELL ; 2      ; IOIBUF_X56_Y0_N1                           ; FPGA_CLK2_50~input|o                                                       ;
;   350.761 ;   0.000  ;    ; RE   ; 1      ; IOIBUF_X56_Y0_N1                           ; ARRIAV_IO_IBUF                                                             ;
;   350.761 ;   0.000  ;    ; RE   ; 1      ; IO_INPUT_BUFFER_OUTPUT_X56_Y0_N1_I2        ; IO_INPUT_BUFFER_OUTPUT                                                     ;
;   350.761 ;   0.000  ;    ; RE   ; 1      ; IO_RE_X56_Y0_N0_I96                        ; IO_RE                                                                      ;
;   351.260 ;   0.499  ;    ; RE   ; 2      ; IO_RE_X56_Y0_N0_I66                        ; IO_RE                                                                      ;
;   352.096 ;   0.836  ;    ; RE   ; 1      ; FF_PLL_RE_X89_Y0_N0_I3                     ; FF_PLL_RE                                                                  ;
;   352.096 ;   0.000  ;    ; RE   ; 1      ; F_PLL_BLOCK_RE_X89_Y0_N0_I2                ; F_PLL_BLOCK_RE                                                             ;
;   352.096 ;   0.000  ;    ; RE   ; 1      ; PLL_REFCLK_SELECT_INPUT_X89_Y7_N0_I2       ; PLL_REFCLK_SELECT_INPUT                                                    ;
;   352.096 ;   0.000  ; RR ; IC   ; 1      ; PLLREFCLKSELECT_X89_Y7_N0                  ; emu|pll|pll_inst|altera_pll_i|general[0].gpll~PLL_REFCLK_SELECT|clkin[0]   ;
;   352.429 ;   0.333  ; RR ; CELL ; 1      ; PLLREFCLKSELECT_X89_Y7_N0                  ; emu|pll|pll_inst|altera_pll_i|general[0].gpll~PLL_REFCLK_SELECT|clkout     ;
;   352.429 ;   0.000  ;    ; RE   ; 2      ; PLLREFCLKSELECT_X89_Y7_N0                  ; CYCLONEV_PLL_REFCLK_SELECT                                                 ;
;   352.429 ;   0.000  ;    ; RE   ; 1      ; PLL_REFCLK_SELECT_OUTPUT_X89_Y7_N0_I15     ; PLL_REFCLK_SELECT_OUTPUT                                                   ;
;   352.429 ;   0.000  ;    ; RE   ; 1      ; FRACTIONAL_PLL_INPUT_X89_Y1_N0_I7          ; FRACTIONAL_PLL_INPUT                                                       ;
;   352.429 ;   0.000  ; RR ; IC   ; 10     ; FRACTIONALPLL_X89_Y1_N0                    ; emu|pll|pll_inst|altera_pll_i|general[0].gpll~FRACTIONAL_PLL|refclkin      ;
;   348.661 ;   -3.768 ; RR ; COMP ; 3      ; FRACTIONALPLL_X89_Y1_N0                    ; emu|pll|pll_inst|altera_pll_i|general[0].gpll~FRACTIONAL_PLL|vcoph[0]      ;
;   348.661 ;   0.000  ;    ; RE   ; 19     ; FRACTIONALPLL_X89_Y1_N0                    ; CYCLONEV_FRACTIONAL_PLL                                                    ;
;   348.661 ;   0.000  ;    ; RE   ; 1      ; FRACTIONAL_PLL_OUTPUT_X89_Y1_N0_I19        ; FRACTIONAL_PLL_OUTPUT                                                      ;
;   348.661 ;   0.000  ;    ; RE   ; 3      ; F_PLL_BLOCK_RE_X89_Y0_N0_I109              ; F_PLL_BLOCK_RE                                                             ;
;   348.661 ;   0.000  ;    ; RE   ; 1      ; PLL_OUTPUT_COUNTER_INPUT_X89_Y2_N1_I7      ; PLL_OUTPUT_COUNTER_INPUT                                                   ;
;   348.661 ;   0.000  ; RR ; IC   ; 1      ; PLLOUTPUTCOUNTER_X89_Y2_N1                 ; emu|pll|pll_inst|altera_pll_i|general[0].gpll~PLL_OUTPUT_COUNTER|vco0ph[0] ;
;   350.196 ;   1.535  ; RR ; CELL ; 1      ; PLLOUTPUTCOUNTER_X89_Y2_N1                 ; emu|pll|pll_inst|altera_pll_i|general[0].gpll~PLL_OUTPUT_COUNTER|divclk    ;
;   350.196 ;   0.000  ;    ; RE   ; 1      ; PLLOUTPUTCOUNTER_X89_Y2_N1                 ; CYCLONEV_PLL_OUTPUT_COUNTER                                                ;
;   350.196 ;   0.000  ;    ; RE   ; 1      ; PLL_OUTPUT_COUNTER_OUTPUT_X89_Y2_N1_I16    ; PLL_OUTPUT_COUNTER_OUTPUT                                                  ;
;   350.676 ;   0.480  ;    ; RE   ; 1      ; FF_PLL_RE_X89_Y0_N0_I103                   ; FF_PLL_RE                                                                  ;
;   351.215 ;   0.539  ;    ; RE   ; 1      ; CLKBUF_CLUSTER_RE_X89_Y35_N3_I435          ; CLKBUF_CLUSTER_RE                                                          ;
;   351.215 ;   0.000  ;    ; RE   ; 1      ; CLKBUF_CLUSTER_RE_X89_Y35_N3_I693          ; CLKBUF_CLUSTER_RE                                                          ;
;   351.215 ;   0.000  ;    ; RE   ; 1      ; GCLK_CLUSTER_RE_X89_Y35_N12_I10            ; GCLK_CLUSTER_RE                                                            ;
;   351.215 ;   0.000  ;    ; RE   ; 1      ; CLKBUFBLOCK_INPUT_X89_Y35_N13_I0           ; CLKBUFBLOCK_INPUT                                                          ;
;   351.215 ;   0.000  ; RR ; IC   ; 1      ; CLKCTRL_G11                                ; emu|pll|pll_inst|altera_pll_i|outclk_wire[0]~CLKENA0|inclk                 ;
;   351.537 ;   0.322  ; RR ; CELL ; 1342   ; CLKCTRL_G11                                ; emu|pll|pll_inst|altera_pll_i|outclk_wire[0]~CLKENA0|outclk                ;
;   351.537 ;   0.000  ;    ; RE   ; 1      ; CLKCTRL_G11                                ; ARRIAV_CLKBUF                                                              ;
;   351.537 ;   0.000  ;    ; RE   ; 1      ; CLKBUFBLOCK_OUTPUT_X89_Y35_N13_I2          ; CLKBUFBLOCK_OUTPUT                                                         ;
;   351.537 ;   0.000  ;    ; RE   ; 1      ; GCLK_CLUSTER_RE_X89_Y35_N12_I12            ; GCLK_CLUSTER_RE                                                            ;
;   351.537 ;   0.000  ;    ; RE   ; 1      ; CLKBUF_CLUSTER_RE_X89_Y35_N3_I418          ; CLKBUF_CLUSTER_RE                                                          ;
;   352.672 ;   1.135  ;    ; RE   ; 7      ; GLOBAL_CLOCK_X0_Y36_N0_I11                 ; GLOBAL_CLOCK                                                               ;
;   352.820 ;   0.148  ;    ; RE   ; 20     ; SPINE_CLOCK_X15_Y59_N0_I19                 ; SPINE_CLOCK                                                                ;
;   353.207 ;   0.387  ;    ; RE   ; 1      ; SCLK_TO_ROWCLK_BUF_X15_Y75_N0_I115         ; SCLK_TO_ROWCLK_BUF                                                         ;
;   353.291 ;   0.084  ;    ; RE   ; 2      ; SCLK_TO_ROWCLK_BUF_X15_Y75_N0_I118         ; SCLK_TO_ROWCLK_BUF                                                         ;
;   353.724 ;   0.433  ;    ; RE   ; 3      ; LAB_CLK_X0_Y75_N0_I5                       ; LAB_CLK                                                                    ;
;   353.862 ;   0.138  ;    ; RE   ; 1      ; BLK_CLK_BUF_X12_Y75_N0_I5                  ; BLK_CLK_BUF                                                                ;
;   353.909 ;   0.047  ;    ; RE   ; 1      ; ROWCLKSEL_PREBUF_X12_Y75_N0_I5             ; ROWCLKSEL_PREBUF                                                           ;
;   353.959 ;   0.050  ;    ; RE   ; 1      ; ROWCLKSEL_X12_Y75_N0_I0                    ; ROWCLKSEL                                                                  ;
;   353.959 ;   0.000  ;    ; RE   ; 2      ; GLOBAL_LOCAL_SEL_X12_Y75_N0_I0             ; GLOBAL_LOCAL_SEL                                                           ;
;   353.959 ;   0.000  ;    ; RE   ; 15     ; LAB_INPUT_X12_Y75_N0_I1                    ; LAB_INPUT                                                                  ;
;   353.958 ;   -0.001 ; RR ; IC   ; 1      ; FF_X12_Y75_N29                             ; emu|audio_reset_stretch[0]|clk                                             ;
;   354.537 ;   0.579  ; RR ; CELL ; 1      ; FF_X12_Y75_N29                             ; emu:emu|audio_reset_stretch[0]                                             ;
; 357.698   ; 3.161    ;    ;      ;        ;                                            ; data path                                                                  ;
;   354.537 ;   0.000  ;    ; uTco ; 1      ; FF_X12_Y75_N29                             ; emu:emu|audio_reset_stretch[0]                                             ;
;   354.537 ;   0.000  ; RR ; CELL ; 3      ; FF_X12_Y75_N29                             ; emu|audio_reset_stretch[0]|q                                               ;
;   354.609 ;   0.072  ;    ; RE   ; 2      ; FF_X12_Y75_N29                             ; ARRIAV_FF                                                                  ;
;   354.731 ;   0.122  ;    ; RE   ; 2      ; LOCAL_LINE_X12_Y75_N0_I9                   ; LOCAL_LINE                                                                 ;
;   354.840 ;   0.109  ;    ; RE   ; 1      ; BLOCK_INPUT_MUX_X12_Y75_N0_I2              ; LEIM_INPUT                                                                 ;
;   354.840 ;   0.000  ; RR ; IC   ; 1      ; LABCELL_X12_Y75_N3                         ; emu|Equal4~0|dataa                                                         ;
;   355.432 ;   0.592  ; RF ; CELL ; 6      ; LABCELL_X12_Y75_N3                         ; emu|Equal4~0|combout                                                       ;
;   355.432 ;   0.000  ;    ; RE   ; 2      ; LABCELL_X12_Y75_N3                         ; ARRIAV_LCELL_COMB                                                          ;
;   355.521 ;   0.089  ;    ; RE   ; 2      ; LE_BUFFER_X12_Y75_N0_I3                    ; LE_BUFFER                                                                  ;
;   355.665 ;   0.144  ;    ; RE   ; 1      ; LOCAL_INTERCONNECT_X11_Y75_N0_I1           ; LAB_LINE                                                                   ;
;   355.764 ;   0.099  ;    ; RE   ; 1      ; BLOCK_INPUT_MUX_X11_Y75_N0_I26             ; LEIM_INPUT                                                                 ;
;   355.763 ;   -0.001 ; FF ; IC   ; 1      ; LABCELL_X11_Y75_N21                        ; emu|audio_reset_request|dataa                                              ;
;   356.313 ;   0.550  ; FR ; CELL ; 22     ; LABCELL_X11_Y75_N21                        ; emu|audio_reset_request|combout                                            ;
;   356.313 ;   0.000  ;    ; RE   ; 2      ; LABCELL_X11_Y75_N21                        ; ARRIAV_LCELL_COMB                                                          ;
;   356.406 ;   0.093  ;    ; RE   ; 2      ; LE_BUFFER_X11_Y75_N0_I14                   ; LE_BUFFER                                                                  ;
;   356.572 ;   0.166  ;    ; RE   ; 2      ; R6_X6_Y75_N0_I21                           ; H_SEG6                                                                     ;
;   356.726 ;   0.154  ;    ; RE   ; 3      ; R3_X9_Y75_N0_I14                           ; H_SEG3                                                                     ;
;   356.874 ;   0.148  ;    ; RE   ; 1      ; LOCAL_INTERCONNECT_X11_Y75_N0_I22          ; LAB_LINE                                                                   ;
;   357.074 ;   0.200  ;    ; RE   ; 1      ; BLOCK_INPUT_MUX_PASSTHROUGH_X11_Y75_N0_I83 ; LEIM                                                                       ;
;   357.074 ;   0.000  ;    ; RE   ; 1      ; GLOBAL_LOCAL_SEL_X11_Y75_N0_I2             ; GLOBAL_LOCAL_SEL                                                           ;
;   357.074 ;   0.000  ;    ; RE   ; 6      ; LAB_INPUT_X11_Y75_N0_I3                    ; LAB_INPUT                                                                  ;
;   357.075 ;   0.001  ; RR ; IC   ; 1      ; FF_X11_Y75_N59                             ; emu|reset_audio_src_sync[0]|clrn                                           ;
;   357.698 ;   0.623  ; RF ; CELL ; 1      ; FF_X11_Y75_N59                             ; emu:emu|reset_audio_src_sync[0]                                            ;
+-----------+----------+----+------+--------+--------------------------------------------+----------------------------------------------------------------------------+

+------------------------------------------------------------------------------------------------------------------------------------------------------------------+
; Data Required Path                                                                                                                                               ;
+-----------+----------+----+------+--------+-----------------------------------------+----------------------------------------------------------------------------+
; Total     ; Incr     ; RF ; Type ; Fanout ; Location                                ; Element                                                                    ;
+-----------+----------+----+------+--------+-----------------------------------------+----------------------------------------------------------------------------+
; 351.842   ; 351.842  ;    ;      ;        ;                                         ; latch edge time                                                            ;
; 355.500   ; 3.658    ;    ;      ;        ;                                         ; clock path                                                                 ;
;   351.842 ;   0.000  ;    ;      ;        ;                                         ; source latency                                                             ;
;   351.842 ;   0.000  ;    ;      ; 1      ; PIN_Y13                                 ; FPGA_CLK2_50                                                               ;
;   351.842 ;   0.000  ;    ; RE   ; 1      ; IOPAD_X56_Y0_N0                         ; ARRIAV_IO_PAD                                                              ;
;   351.842 ;   0.000  ;    ; RE   ; 1      ; IO_PAD_OUTPUT_X56_Y0_N0_I1              ; IO_PAD_OUTPUT                                                              ;
;   351.842 ;   0.000  ;    ; RE   ; 1      ; IO_INPUT_BUFFER_INPUT_X56_Y0_N1_I0      ; IO_INPUT_BUFFER_INPUT                                                      ;
;   351.842 ;   0.000  ; RR ; IC   ; 1      ; IOIBUF_X56_Y0_N1                        ; FPGA_CLK2_50~input|i                                                       ;
;   352.603 ;   0.761  ; RR ; CELL ; 2      ; IOIBUF_X56_Y0_N1                        ; FPGA_CLK2_50~input|o                                                       ;
;   352.603 ;   0.000  ;    ; RE   ; 1      ; IOIBUF_X56_Y0_N1                        ; ARRIAV_IO_IBUF                                                             ;
;   352.603 ;   0.000  ;    ; RE   ; 1      ; IO_INPUT_BUFFER_OUTPUT_X56_Y0_N1_I2     ; IO_INPUT_BUFFER_OUTPUT                                                     ;
;   352.603 ;   0.000  ;    ; RE   ; 1      ; IO_RE_X56_Y0_N0_I96                     ; IO_RE                                                                      ;
;   352.986 ;   0.383  ;    ; RE   ; 2      ; IO_RE_X56_Y0_N0_I66                     ; IO_RE                                                                      ;
;   353.774 ;   0.788  ;    ; RE   ; 1      ; FF_PLL_RE_X89_Y0_N0_I3                  ; FF_PLL_RE                                                                  ;
;   353.774 ;   0.000  ;    ; RE   ; 1      ; F_PLL_BLOCK_RE_X89_Y0_N0_I2             ; F_PLL_BLOCK_RE                                                             ;
;   353.774 ;   0.000  ;    ; RE   ; 1      ; PLL_REFCLK_SELECT_INPUT_X89_Y7_N0_I2    ; PLL_REFCLK_SELECT_INPUT                                                    ;
;   353.774 ;   0.000  ; RR ; IC   ; 1      ; PLLREFCLKSELECT_X89_Y7_N0               ; emu|pll|pll_inst|altera_pll_i|general[0].gpll~PLL_REFCLK_SELECT|clkin[0]   ;
;   354.082 ;   0.308  ; RR ; CELL ; 1      ; PLLREFCLKSELECT_X89_Y7_N0               ; emu|pll|pll_inst|altera_pll_i|general[0].gpll~PLL_REFCLK_SELECT|clkout     ;
;   354.082 ;   0.000  ;    ; RE   ; 2      ; PLLREFCLKSELECT_X89_Y7_N0               ; CYCLONEV_PLL_REFCLK_SELECT                                                 ;
;   354.082 ;   0.000  ;    ; RE   ; 1      ; PLL_REFCLK_SELECT_OUTPUT_X89_Y7_N0_I15  ; PLL_REFCLK_SELECT_OUTPUT                                                   ;
;   354.082 ;   0.000  ;    ; RE   ; 1      ; FRACTIONAL_PLL_INPUT_X89_Y1_N0_I7       ; FRACTIONAL_PLL_INPUT                                                       ;
;   354.082 ;   0.000  ; RR ; IC   ; 10     ; FRACTIONALPLL_X89_Y1_N0                 ; emu|pll|pll_inst|altera_pll_i|general[0].gpll~FRACTIONAL_PLL|refclkin      ;
;   349.150 ;   -4.932 ; RR ; COMP ; 3      ; FRACTIONALPLL_X89_Y1_N0                 ; emu|pll|pll_inst|altera_pll_i|general[0].gpll~FRACTIONAL_PLL|vcoph[0]      ;
;   349.150 ;   0.000  ;    ; RE   ; 19     ; FRACTIONALPLL_X89_Y1_N0                 ; CYCLONEV_FRACTIONAL_PLL                                                    ;
;   349.150 ;   0.000  ;    ; RE   ; 1      ; FRACTIONAL_PLL_OUTPUT_X89_Y1_N0_I19     ; FRACTIONAL_PLL_OUTPUT                                                      ;
;   349.150 ;   0.000  ;    ; RE   ; 3      ; F_PLL_BLOCK_RE_X89_Y0_N0_I109           ; F_PLL_BLOCK_RE                                                             ;
;   349.150 ;   0.000  ;    ; RE   ; 1      ; PLL_OUTPUT_COUNTER_INPUT_X89_Y0_N1_I7   ; PLL_OUTPUT_COUNTER_INPUT                                                   ;
;   349.150 ;   0.000  ; RR ; IC   ; 1      ; PLLOUTPUTCOUNTER_X89_Y0_N1              ; emu|pll|pll_inst|altera_pll_i|general[2].gpll~PLL_OUTPUT_COUNTER|vco0ph[0] ;
;   350.418 ;   1.268  ; RR ; CELL ; 1      ; PLLOUTPUTCOUNTER_X89_Y0_N1              ; emu|pll|pll_inst|altera_pll_i|general[2].gpll~PLL_OUTPUT_COUNTER|divclk    ;
;   350.418 ;   0.000  ;    ; RE   ; 1      ; PLLOUTPUTCOUNTER_X89_Y0_N1              ; CYCLONEV_PLL_OUTPUT_COUNTER                                                ;
;   350.418 ;   0.000  ;    ; RE   ; 1      ; PLL_OUTPUT_COUNTER_OUTPUT_X89_Y0_N1_I16 ; PLL_OUTPUT_COUNTER_OUTPUT                                                  ;
;   350.855 ;   0.437  ;    ; RE   ; 1      ; FF_PLL_RE_X89_Y0_N0_I101                ; FF_PLL_RE                                                                  ;
;   351.362 ;   0.507  ;    ; RE   ; 1      ; CLKBUF_CLUSTER_RE_X89_Y35_N3_I433       ; CLKBUF_CLUSTER_RE                                                          ;
;   351.362 ;   0.000  ;    ; RE   ; 1      ; CLKBUF_CLUSTER_RE_X89_Y35_N3_I563       ; CLKBUF_CLUSTER_RE                                                          ;
;   351.362 ;   0.000  ;    ; RE   ; 1      ; GCLK_CLUSTER_RE_X89_Y35_N6_I10          ; GCLK_CLUSTER_RE                                                            ;
;   351.362 ;   0.000  ;    ; RE   ; 1      ; CLKBUFBLOCK_INPUT_X89_Y35_N7_I0         ; CLKBUFBLOCK_INPUT                                                          ;
;   351.362 ;   0.000  ; RR ; IC   ; 1      ; CLKCTRL_G9                              ; emu|pll|pll_inst|altera_pll_i|outclk_wire[2]~CLKENA0|inclk                 ;
;   351.658 ;   0.296  ; RR ; CELL ; 32647  ; CLKCTRL_G9                              ; emu|pll|pll_inst|altera_pll_i|outclk_wire[2]~CLKENA0|outclk                ;
;   351.658 ;   0.000  ;    ; RE   ; 1      ; CLKCTRL_G9                              ; ARRIAV_CLKBUF                                                              ;
;   351.658 ;   0.000  ;    ; RE   ; 1      ; CLKBUFBLOCK_OUTPUT_X89_Y35_N7_I2        ; CLKBUFBLOCK_OUTPUT                                                         ;
;   351.658 ;   0.000  ;    ; RE   ; 1      ; GCLK_CLUSTER_RE_X89_Y35_N6_I12          ; GCLK_CLUSTER_RE                                                            ;
;   351.658 ;   0.000  ;    ; RE   ; 1      ; CLKBUF_CLUSTER_RE_X89_Y35_N3_I416       ; CLKBUF_CLUSTER_RE                                                          ;
;   352.407 ;   0.749  ;    ; RE   ; 12     ; GLOBAL_CLOCK_X0_Y36_N0_I9               ; GLOBAL_CLOCK                                                               ;
;   352.562 ;   0.155  ;    ; RE   ; 7      ; SPINE_CLOCK_X15_Y59_N0_I7               ; SPINE_CLOCK                                                                ;
;   352.936 ;   0.374  ;    ; RE   ; 1      ; SCLK_TO_ROWCLK_BUF_X15_Y75_N0_I42       ; SCLK_TO_ROWCLK_BUF                                                         ;
;   353.008 ;   0.072  ;    ; RE   ; 1      ; SCLK_TO_ROWCLK_BUF_X15_Y75_N0_I45       ; SCLK_TO_ROWCLK_BUF                                                         ;
;   353.420 ;   0.412  ;    ; RE   ; 6      ; LAB_CLK_X0_Y75_N0_I2                    ; LAB_CLK                                                                    ;
;   353.547 ;   0.127  ;    ; RE   ; 1      ; BLK_CLK_BUF_X11_Y75_N0_I2               ; BLK_CLK_BUF                                                                ;
;   353.592 ;   0.045  ;    ; RE   ; 1      ; ROWCLKSEL_PREBUF_X11_Y75_N0_I2          ; ROWCLKSEL_PREBUF                                                           ;
;   353.638 ;   0.046  ;    ; RE   ; 1      ; ROWCLKSEL_X11_Y75_N0_I0                 ; ROWCLKSEL                                                                  ;
;   353.638 ;   0.000  ;    ; RE   ; 1      ; GLOBAL_LOCAL_SEL_X11_Y75_N0_I0          ; GLOBAL_LOCAL_SEL                                                           ;
;   353.638 ;   0.000  ;    ; RE   ; 6      ; LAB_INPUT_X11_Y75_N0_I0                 ; LAB_INPUT                                                                  ;
;   353.638 ;   0.000  ; RR ; IC   ; 1      ; FF_X11_Y75_N59                          ; emu|reset_audio_src_sync[0]|clk                                            ;
;   354.147 ;   0.509  ; RR ; CELL ; 1      ; FF_X11_Y75_N59                          ; emu:emu|reset_audio_src_sync[0]                                            ;
;   355.500 ;   1.353  ;    ;      ;        ;                                         ; clock pessimism removed                                                    ;
; 355.340   ; -0.160   ;    ;      ;        ;                                         ; clock uncertainty                                                          ;
; 355.340   ; 0.000    ;    ; uTsu ; 1      ; FF_X11_Y75_N59                          ; emu:emu|reset_audio_src_sync[0]                                            ;
+-----------+----------+----+------+--------+-----------------------------------------+----------------------------------------------------------------------------+

----------------------------
; Extra Fitter Information ;
----------------------------
HTML report is unavailable in plain text report export.


Path #5: Recovery slack is -2.358 (VIOLATED)
===============================================================================
+----------------------------------------------------------------------------------------------+
; Path Summary                                                                                 ;
+--------------------+-------------------------------------------------------------------------+
; Property           ; Value                                                                   ;
+--------------------+-------------------------------------------------------------------------+
; From Node          ; emu:emu|audio_reset_stretch[0]                                          ;
; To Node            ; emu:emu|audio_mode_src[1]                                               ;
; Launch Clock       ; emu|pll|pll_inst|altera_pll_i|general[0].gpll~PLL_OUTPUT_COUNTER|divclk ;
; Latch Clock        ; emu|pll|pll_inst|altera_pll_i|general[2].gpll~PLL_OUTPUT_COUNTER|divclk ;
; Data Arrival Time  ; 357.698                                                                 ;
; Data Required Time ; 355.340                                                                 ;
; Slack              ; -2.358 (VIOLATED)                                                       ;
+--------------------+-------------------------------------------------------------------------+

+--------------------------------------------------------------------------------------+
; Statistics                                                                           ;
+------------------------+--------+-------+-------------+------------+--------+--------+
; Property               ; Value  ; Count ; Total Delay ; % of Total ; Min    ; Max    ;
+------------------------+--------+-------+-------------+------------+--------+--------+
; Recovery Relationship  ; 1.842  ;       ;             ;            ;        ;        ;
; Clock Skew             ; -0.879 ;       ;             ;            ;        ;        ;
; Data Delay             ; 3.161  ;       ;             ;            ;        ;        ;
; Number of Logic Levels ;        ; 2     ;             ;            ;        ;        ;
; Physical Delays        ;        ;       ;             ;            ;        ;        ;
;  Arrival Path          ;        ;       ;             ;            ;        ;        ;
;   Clock                ;        ;       ;             ;            ;        ;        ;
;    IC                  ;        ; 6     ; -0.001      ; 0          ; -0.001 ; 0.000  ;
;    Cell                ;        ; 5     ; 3.530       ; 42         ; 0.322  ; 1.535  ;
;    PLL Compensation    ;        ; 1     ; -3.768      ; 0          ; -3.768 ; -3.768 ;
;    Routing Element     ;        ; 38    ; 4.776       ; 58         ; 0.000  ; 1.135  ;
;   Data                 ;        ;       ;             ;            ;        ;        ;
;    IC                  ;        ; 3     ; 0.000       ; 0          ; -0.001 ; 0.001  ;
;    Cell                ;        ; 4     ; 1.765       ; 56         ; 0.000  ; 0.623  ;
;    uTco                ;        ; 1     ; 0.000       ; 0          ; 0.000  ; 0.000  ;
;    Routing Element     ;        ; 15    ; 1.396       ; 44         ; 0.000  ; 0.200  ;
;  Required Path         ;        ;       ;             ;            ;        ;        ;
;   Clock                ;        ;       ;             ;            ;        ;        ;
;    IC                  ;        ; 6     ; 0.000       ; 0          ; 0.000  ; 0.000  ;
;    Cell                ;        ; 5     ; 3.142       ; 43         ; 0.296  ; 1.268  ;
;    PLL Compensation    ;        ; 1     ; -4.932      ; 0          ; -4.932 ; -4.932 ;
;    Routing Element     ;        ; 38    ; 4.095       ; 57         ; 0.000  ; 0.788  ;
+------------------------+--------+-------+-------------+------------+--------+--------+
Note: Negative delays are omitted from totals when calculating percentages

+---------------------------------------------------------------------------------------------------------------------------------------------------------------------+
; Data Arrival Path                                                                                                                                                   ;
+-----------+----------+----+------+--------+--------------------------------------------+----------------------------------------------------------------------------+
; Total     ; Incr     ; RF ; Type ; Fanout ; Location                                   ; Element                                                                    ;
+-----------+----------+----+------+--------+--------------------------------------------+----------------------------------------------------------------------------+
; 350.000   ; 350.000  ;    ;      ;        ;                                            ; launch edge time                                                           ;
; 354.537   ; 4.537    ;    ;      ;        ;                                            ; clock path                                                                 ;
;   350.000 ;   0.000  ;    ;      ;        ;                                            ; source latency                                                             ;
;   350.000 ;   0.000  ;    ;      ; 1      ; PIN_Y13                                    ; FPGA_CLK2_50                                                               ;
;   350.000 ;   0.000  ;    ; RE   ; 1      ; IOPAD_X56_Y0_N0                            ; ARRIAV_IO_PAD                                                              ;
;   350.000 ;   0.000  ;    ; RE   ; 1      ; IO_PAD_OUTPUT_X56_Y0_N0_I1                 ; IO_PAD_OUTPUT                                                              ;
;   350.000 ;   0.000  ;    ; RE   ; 1      ; IO_INPUT_BUFFER_INPUT_X56_Y0_N1_I0         ; IO_INPUT_BUFFER_INPUT                                                      ;
;   350.000 ;   0.000  ; RR ; IC   ; 1      ; IOIBUF_X56_Y0_N1                           ; FPGA_CLK2_50~input|i                                                       ;
;   350.761 ;   0.761  ; RR ; CELL ; 2      ; IOIBUF_X56_Y0_N1                           ; FPGA_CLK2_50~input|o                                                       ;
;   350.761 ;   0.000  ;    ; RE   ; 1      ; IOIBUF_X56_Y0_N1                           ; ARRIAV_IO_IBUF                                                             ;
;   350.761 ;   0.000  ;    ; RE   ; 1      ; IO_INPUT_BUFFER_OUTPUT_X56_Y0_N1_I2        ; IO_INPUT_BUFFER_OUTPUT                                                     ;
;   350.761 ;   0.000  ;    ; RE   ; 1      ; IO_RE_X56_Y0_N0_I96                        ; IO_RE                                                                      ;
;   351.260 ;   0.499  ;    ; RE   ; 2      ; IO_RE_X56_Y0_N0_I66                        ; IO_RE                                                                      ;
;   352.096 ;   0.836  ;    ; RE   ; 1      ; FF_PLL_RE_X89_Y0_N0_I3                     ; FF_PLL_RE                                                                  ;
;   352.096 ;   0.000  ;    ; RE   ; 1      ; F_PLL_BLOCK_RE_X89_Y0_N0_I2                ; F_PLL_BLOCK_RE                                                             ;
;   352.096 ;   0.000  ;    ; RE   ; 1      ; PLL_REFCLK_SELECT_INPUT_X89_Y7_N0_I2       ; PLL_REFCLK_SELECT_INPUT                                                    ;
;   352.096 ;   0.000  ; RR ; IC   ; 1      ; PLLREFCLKSELECT_X89_Y7_N0                  ; emu|pll|pll_inst|altera_pll_i|general[0].gpll~PLL_REFCLK_SELECT|clkin[0]   ;
;   352.429 ;   0.333  ; RR ; CELL ; 1      ; PLLREFCLKSELECT_X89_Y7_N0                  ; emu|pll|pll_inst|altera_pll_i|general[0].gpll~PLL_REFCLK_SELECT|clkout     ;
;   352.429 ;   0.000  ;    ; RE   ; 2      ; PLLREFCLKSELECT_X89_Y7_N0                  ; CYCLONEV_PLL_REFCLK_SELECT                                                 ;
;   352.429 ;   0.000  ;    ; RE   ; 1      ; PLL_REFCLK_SELECT_OUTPUT_X89_Y7_N0_I15     ; PLL_REFCLK_SELECT_OUTPUT                                                   ;
;   352.429 ;   0.000  ;    ; RE   ; 1      ; FRACTIONAL_PLL_INPUT_X89_Y1_N0_I7          ; FRACTIONAL_PLL_INPUT                                                       ;
;   352.429 ;   0.000  ; RR ; IC   ; 10     ; FRACTIONALPLL_X89_Y1_N0                    ; emu|pll|pll_inst|altera_pll_i|general[0].gpll~FRACTIONAL_PLL|refclkin      ;
;   348.661 ;   -3.768 ; RR ; COMP ; 3      ; FRACTIONALPLL_X89_Y1_N0                    ; emu|pll|pll_inst|altera_pll_i|general[0].gpll~FRACTIONAL_PLL|vcoph[0]      ;
;   348.661 ;   0.000  ;    ; RE   ; 19     ; FRACTIONALPLL_X89_Y1_N0                    ; CYCLONEV_FRACTIONAL_PLL                                                    ;
;   348.661 ;   0.000  ;    ; RE   ; 1      ; FRACTIONAL_PLL_OUTPUT_X89_Y1_N0_I19        ; FRACTIONAL_PLL_OUTPUT                                                      ;
;   348.661 ;   0.000  ;    ; RE   ; 3      ; F_PLL_BLOCK_RE_X89_Y0_N0_I109              ; F_PLL_BLOCK_RE                                                             ;
;   348.661 ;   0.000  ;    ; RE   ; 1      ; PLL_OUTPUT_COUNTER_INPUT_X89_Y2_N1_I7      ; PLL_OUTPUT_COUNTER_INPUT                                                   ;
;   348.661 ;   0.000  ; RR ; IC   ; 1      ; PLLOUTPUTCOUNTER_X89_Y2_N1                 ; emu|pll|pll_inst|altera_pll_i|general[0].gpll~PLL_OUTPUT_COUNTER|vco0ph[0] ;
;   350.196 ;   1.535  ; RR ; CELL ; 1      ; PLLOUTPUTCOUNTER_X89_Y2_N1                 ; emu|pll|pll_inst|altera_pll_i|general[0].gpll~PLL_OUTPUT_COUNTER|divclk    ;
;   350.196 ;   0.000  ;    ; RE   ; 1      ; PLLOUTPUTCOUNTER_X89_Y2_N1                 ; CYCLONEV_PLL_OUTPUT_COUNTER                                                ;
;   350.196 ;   0.000  ;    ; RE   ; 1      ; PLL_OUTPUT_COUNTER_OUTPUT_X89_Y2_N1_I16    ; PLL_OUTPUT_COUNTER_OUTPUT                                                  ;
;   350.676 ;   0.480  ;    ; RE   ; 1      ; FF_PLL_RE_X89_Y0_N0_I103                   ; FF_PLL_RE                                                                  ;
;   351.215 ;   0.539  ;    ; RE   ; 1      ; CLKBUF_CLUSTER_RE_X89_Y35_N3_I435          ; CLKBUF_CLUSTER_RE                                                          ;
;   351.215 ;   0.000  ;    ; RE   ; 1      ; CLKBUF_CLUSTER_RE_X89_Y35_N3_I693          ; CLKBUF_CLUSTER_RE                                                          ;
;   351.215 ;   0.000  ;    ; RE   ; 1      ; GCLK_CLUSTER_RE_X89_Y35_N12_I10            ; GCLK_CLUSTER_RE                                                            ;
;   351.215 ;   0.000  ;    ; RE   ; 1      ; CLKBUFBLOCK_INPUT_X89_Y35_N13_I0           ; CLKBUFBLOCK_INPUT                                                          ;
;   351.215 ;   0.000  ; RR ; IC   ; 1      ; CLKCTRL_G11                                ; emu|pll|pll_inst|altera_pll_i|outclk_wire[0]~CLKENA0|inclk                 ;
;   351.537 ;   0.322  ; RR ; CELL ; 1342   ; CLKCTRL_G11                                ; emu|pll|pll_inst|altera_pll_i|outclk_wire[0]~CLKENA0|outclk                ;
;   351.537 ;   0.000  ;    ; RE   ; 1      ; CLKCTRL_G11                                ; ARRIAV_CLKBUF                                                              ;
;   351.537 ;   0.000  ;    ; RE   ; 1      ; CLKBUFBLOCK_OUTPUT_X89_Y35_N13_I2          ; CLKBUFBLOCK_OUTPUT                                                         ;
;   351.537 ;   0.000  ;    ; RE   ; 1      ; GCLK_CLUSTER_RE_X89_Y35_N12_I12            ; GCLK_CLUSTER_RE                                                            ;
;   351.537 ;   0.000  ;    ; RE   ; 1      ; CLKBUF_CLUSTER_RE_X89_Y35_N3_I418          ; CLKBUF_CLUSTER_RE                                                          ;
;   352.672 ;   1.135  ;    ; RE   ; 7      ; GLOBAL_CLOCK_X0_Y36_N0_I11                 ; GLOBAL_CLOCK                                                               ;
;   352.820 ;   0.148  ;    ; RE   ; 20     ; SPINE_CLOCK_X15_Y59_N0_I19                 ; SPINE_CLOCK                                                                ;
;   353.207 ;   0.387  ;    ; RE   ; 1      ; SCLK_TO_ROWCLK_BUF_X15_Y75_N0_I115         ; SCLK_TO_ROWCLK_BUF                                                         ;
;   353.291 ;   0.084  ;    ; RE   ; 2      ; SCLK_TO_ROWCLK_BUF_X15_Y75_N0_I118         ; SCLK_TO_ROWCLK_BUF                                                         ;
;   353.724 ;   0.433  ;    ; RE   ; 3      ; LAB_CLK_X0_Y75_N0_I5                       ; LAB_CLK                                                                    ;
;   353.862 ;   0.138  ;    ; RE   ; 1      ; BLK_CLK_BUF_X12_Y75_N0_I5                  ; BLK_CLK_BUF                                                                ;
;   353.909 ;   0.047  ;    ; RE   ; 1      ; ROWCLKSEL_PREBUF_X12_Y75_N0_I5             ; ROWCLKSEL_PREBUF                                                           ;
;   353.959 ;   0.050  ;    ; RE   ; 1      ; ROWCLKSEL_X12_Y75_N0_I0                    ; ROWCLKSEL                                                                  ;
;   353.959 ;   0.000  ;    ; RE   ; 2      ; GLOBAL_LOCAL_SEL_X12_Y75_N0_I0             ; GLOBAL_LOCAL_SEL                                                           ;
;   353.959 ;   0.000  ;    ; RE   ; 15     ; LAB_INPUT_X12_Y75_N0_I1                    ; LAB_INPUT                                                                  ;
;   353.958 ;   -0.001 ; RR ; IC   ; 1      ; FF_X12_Y75_N29                             ; emu|audio_reset_stretch[0]|clk                                             ;
;   354.537 ;   0.579  ; RR ; CELL ; 1      ; FF_X12_Y75_N29                             ; emu:emu|audio_reset_stretch[0]                                             ;
; 357.698   ; 3.161    ;    ;      ;        ;                                            ; data path                                                                  ;
;   354.537 ;   0.000  ;    ; uTco ; 1      ; FF_X12_Y75_N29                             ; emu:emu|audio_reset_stretch[0]                                             ;
;   354.537 ;   0.000  ; RR ; CELL ; 3      ; FF_X12_Y75_N29                             ; emu|audio_reset_stretch[0]|q                                               ;
;   354.609 ;   0.072  ;    ; RE   ; 2      ; FF_X12_Y75_N29                             ; ARRIAV_FF                                                                  ;
;   354.731 ;   0.122  ;    ; RE   ; 2      ; LOCAL_LINE_X12_Y75_N0_I9                   ; LOCAL_LINE                                                                 ;
;   354.840 ;   0.109  ;    ; RE   ; 1      ; BLOCK_INPUT_MUX_X12_Y75_N0_I2              ; LEIM_INPUT                                                                 ;
;   354.840 ;   0.000  ; RR ; IC   ; 1      ; LABCELL_X12_Y75_N3                         ; emu|Equal4~0|dataa                                                         ;
;   355.432 ;   0.592  ; RF ; CELL ; 6      ; LABCELL_X12_Y75_N3                         ; emu|Equal4~0|combout                                                       ;
;   355.432 ;   0.000  ;    ; RE   ; 2      ; LABCELL_X12_Y75_N3                         ; ARRIAV_LCELL_COMB                                                          ;
;   355.521 ;   0.089  ;    ; RE   ; 2      ; LE_BUFFER_X12_Y75_N0_I3                    ; LE_BUFFER                                                                  ;
;   355.665 ;   0.144  ;    ; RE   ; 1      ; LOCAL_INTERCONNECT_X11_Y75_N0_I1           ; LAB_LINE                                                                   ;
;   355.764 ;   0.099  ;    ; RE   ; 1      ; BLOCK_INPUT_MUX_X11_Y75_N0_I26             ; LEIM_INPUT                                                                 ;
;   355.763 ;   -0.001 ; FF ; IC   ; 1      ; LABCELL_X11_Y75_N21                        ; emu|audio_reset_request|dataa                                              ;
;   356.313 ;   0.550  ; FR ; CELL ; 22     ; LABCELL_X11_Y75_N21                        ; emu|audio_reset_request|combout                                            ;
;   356.313 ;   0.000  ;    ; RE   ; 2      ; LABCELL_X11_Y75_N21                        ; ARRIAV_LCELL_COMB                                                          ;
;   356.406 ;   0.093  ;    ; RE   ; 2      ; LE_BUFFER_X11_Y75_N0_I14                   ; LE_BUFFER                                                                  ;
;   356.572 ;   0.166  ;    ; RE   ; 2      ; R6_X6_Y75_N0_I21                           ; H_SEG6                                                                     ;
;   356.726 ;   0.154  ;    ; RE   ; 3      ; R3_X9_Y75_N0_I14                           ; H_SEG3                                                                     ;
;   356.874 ;   0.148  ;    ; RE   ; 1      ; LOCAL_INTERCONNECT_X11_Y75_N0_I22          ; LAB_LINE                                                                   ;
;   357.074 ;   0.200  ;    ; RE   ; 1      ; BLOCK_INPUT_MUX_PASSTHROUGH_X11_Y75_N0_I83 ; LEIM                                                                       ;
;   357.074 ;   0.000  ;    ; RE   ; 1      ; GLOBAL_LOCAL_SEL_X11_Y75_N0_I2             ; GLOBAL_LOCAL_SEL                                                           ;
;   357.074 ;   0.000  ;    ; RE   ; 6      ; LAB_INPUT_X11_Y75_N0_I3                    ; LAB_INPUT                                                                  ;
;   357.075 ;   0.001  ; RR ; IC   ; 1      ; FF_X11_Y75_N53                             ; emu|audio_mode_src[1]|clrn                                                 ;
;   357.698 ;   0.623  ; RF ; CELL ; 1      ; FF_X11_Y75_N53                             ; emu:emu|audio_mode_src[1]                                                  ;
+-----------+----------+----+------+--------+--------------------------------------------+----------------------------------------------------------------------------+

+------------------------------------------------------------------------------------------------------------------------------------------------------------------+
; Data Required Path                                                                                                                                               ;
+-----------+----------+----+------+--------+-----------------------------------------+----------------------------------------------------------------------------+
; Total     ; Incr     ; RF ; Type ; Fanout ; Location                                ; Element                                                                    ;
+-----------+----------+----+------+--------+-----------------------------------------+----------------------------------------------------------------------------+
; 351.842   ; 351.842  ;    ;      ;        ;                                         ; latch edge time                                                            ;
; 355.500   ; 3.658    ;    ;      ;        ;                                         ; clock path                                                                 ;
;   351.842 ;   0.000  ;    ;      ;        ;                                         ; source latency                                                             ;
;   351.842 ;   0.000  ;    ;      ; 1      ; PIN_Y13                                 ; FPGA_CLK2_50                                                               ;
;   351.842 ;   0.000  ;    ; RE   ; 1      ; IOPAD_X56_Y0_N0                         ; ARRIAV_IO_PAD                                                              ;
;   351.842 ;   0.000  ;    ; RE   ; 1      ; IO_PAD_OUTPUT_X56_Y0_N0_I1              ; IO_PAD_OUTPUT                                                              ;
;   351.842 ;   0.000  ;    ; RE   ; 1      ; IO_INPUT_BUFFER_INPUT_X56_Y0_N1_I0      ; IO_INPUT_BUFFER_INPUT                                                      ;
;   351.842 ;   0.000  ; RR ; IC   ; 1      ; IOIBUF_X56_Y0_N1                        ; FPGA_CLK2_50~input|i                                                       ;
;   352.603 ;   0.761  ; RR ; CELL ; 2      ; IOIBUF_X56_Y0_N1                        ; FPGA_CLK2_50~input|o                                                       ;
;   352.603 ;   0.000  ;    ; RE   ; 1      ; IOIBUF_X56_Y0_N1                        ; ARRIAV_IO_IBUF                                                             ;
;   352.603 ;   0.000  ;    ; RE   ; 1      ; IO_INPUT_BUFFER_OUTPUT_X56_Y0_N1_I2     ; IO_INPUT_BUFFER_OUTPUT                                                     ;
;   352.603 ;   0.000  ;    ; RE   ; 1      ; IO_RE_X56_Y0_N0_I96                     ; IO_RE                                                                      ;
;   352.986 ;   0.383  ;    ; RE   ; 2      ; IO_RE_X56_Y0_N0_I66                     ; IO_RE                                                                      ;
;   353.774 ;   0.788  ;    ; RE   ; 1      ; FF_PLL_RE_X89_Y0_N0_I3                  ; FF_PLL_RE                                                                  ;
;   353.774 ;   0.000  ;    ; RE   ; 1      ; F_PLL_BLOCK_RE_X89_Y0_N0_I2             ; F_PLL_BLOCK_RE                                                             ;
;   353.774 ;   0.000  ;    ; RE   ; 1      ; PLL_REFCLK_SELECT_INPUT_X89_Y7_N0_I2    ; PLL_REFCLK_SELECT_INPUT                                                    ;
;   353.774 ;   0.000  ; RR ; IC   ; 1      ; PLLREFCLKSELECT_X89_Y7_N0               ; emu|pll|pll_inst|altera_pll_i|general[0].gpll~PLL_REFCLK_SELECT|clkin[0]   ;
;   354.082 ;   0.308  ; RR ; CELL ; 1      ; PLLREFCLKSELECT_X89_Y7_N0               ; emu|pll|pll_inst|altera_pll_i|general[0].gpll~PLL_REFCLK_SELECT|clkout     ;
;   354.082 ;   0.000  ;    ; RE   ; 2      ; PLLREFCLKSELECT_X89_Y7_N0               ; CYCLONEV_PLL_REFCLK_SELECT                                                 ;
;   354.082 ;   0.000  ;    ; RE   ; 1      ; PLL_REFCLK_SELECT_OUTPUT_X89_Y7_N0_I15  ; PLL_REFCLK_SELECT_OUTPUT                                                   ;
;   354.082 ;   0.000  ;    ; RE   ; 1      ; FRACTIONAL_PLL_INPUT_X89_Y1_N0_I7       ; FRACTIONAL_PLL_INPUT                                                       ;
;   354.082 ;   0.000  ; RR ; IC   ; 10     ; FRACTIONALPLL_X89_Y1_N0                 ; emu|pll|pll_inst|altera_pll_i|general[0].gpll~FRACTIONAL_PLL|refclkin      ;
;   349.150 ;   -4.932 ; RR ; COMP ; 3      ; FRACTIONALPLL_X89_Y1_N0                 ; emu|pll|pll_inst|altera_pll_i|general[0].gpll~FRACTIONAL_PLL|vcoph[0]      ;
;   349.150 ;   0.000  ;    ; RE   ; 19     ; FRACTIONALPLL_X89_Y1_N0                 ; CYCLONEV_FRACTIONAL_PLL                                                    ;
;   349.150 ;   0.000  ;    ; RE   ; 1      ; FRACTIONAL_PLL_OUTPUT_X89_Y1_N0_I19     ; FRACTIONAL_PLL_OUTPUT                                                      ;
;   349.150 ;   0.000  ;    ; RE   ; 3      ; F_PLL_BLOCK_RE_X89_Y0_N0_I109           ; F_PLL_BLOCK_RE                                                             ;
;   349.150 ;   0.000  ;    ; RE   ; 1      ; PLL_OUTPUT_COUNTER_INPUT_X89_Y0_N1_I7   ; PLL_OUTPUT_COUNTER_INPUT                                                   ;
;   349.150 ;   0.000  ; RR ; IC   ; 1      ; PLLOUTPUTCOUNTER_X89_Y0_N1              ; emu|pll|pll_inst|altera_pll_i|general[2].gpll~PLL_OUTPUT_COUNTER|vco0ph[0] ;
;   350.418 ;   1.268  ; RR ; CELL ; 1      ; PLLOUTPUTCOUNTER_X89_Y0_N1              ; emu|pll|pll_inst|altera_pll_i|general[2].gpll~PLL_OUTPUT_COUNTER|divclk    ;
;   350.418 ;   0.000  ;    ; RE   ; 1      ; PLLOUTPUTCOUNTER_X89_Y0_N1              ; CYCLONEV_PLL_OUTPUT_COUNTER                                                ;
;   350.418 ;   0.000  ;    ; RE   ; 1      ; PLL_OUTPUT_COUNTER_OUTPUT_X89_Y0_N1_I16 ; PLL_OUTPUT_COUNTER_OUTPUT                                                  ;
;   350.855 ;   0.437  ;    ; RE   ; 1      ; FF_PLL_RE_X89_Y0_N0_I101                ; FF_PLL_RE                                                                  ;
;   351.362 ;   0.507  ;    ; RE   ; 1      ; CLKBUF_CLUSTER_RE_X89_Y35_N3_I433       ; CLKBUF_CLUSTER_RE                                                          ;
;   351.362 ;   0.000  ;    ; RE   ; 1      ; CLKBUF_CLUSTER_RE_X89_Y35_N3_I563       ; CLKBUF_CLUSTER_RE                                                          ;
;   351.362 ;   0.000  ;    ; RE   ; 1      ; GCLK_CLUSTER_RE_X89_Y35_N6_I10          ; GCLK_CLUSTER_RE                                                            ;
;   351.362 ;   0.000  ;    ; RE   ; 1      ; CLKBUFBLOCK_INPUT_X89_Y35_N7_I0         ; CLKBUFBLOCK_INPUT                                                          ;
;   351.362 ;   0.000  ; RR ; IC   ; 1      ; CLKCTRL_G9                              ; emu|pll|pll_inst|altera_pll_i|outclk_wire[2]~CLKENA0|inclk                 ;
;   351.658 ;   0.296  ; RR ; CELL ; 32647  ; CLKCTRL_G9                              ; emu|pll|pll_inst|altera_pll_i|outclk_wire[2]~CLKENA0|outclk                ;
;   351.658 ;   0.000  ;    ; RE   ; 1      ; CLKCTRL_G9                              ; ARRIAV_CLKBUF                                                              ;
;   351.658 ;   0.000  ;    ; RE   ; 1      ; CLKBUFBLOCK_OUTPUT_X89_Y35_N7_I2        ; CLKBUFBLOCK_OUTPUT                                                         ;
;   351.658 ;   0.000  ;    ; RE   ; 1      ; GCLK_CLUSTER_RE_X89_Y35_N6_I12          ; GCLK_CLUSTER_RE                                                            ;
;   351.658 ;   0.000  ;    ; RE   ; 1      ; CLKBUF_CLUSTER_RE_X89_Y35_N3_I416       ; CLKBUF_CLUSTER_RE                                                          ;
;   352.407 ;   0.749  ;    ; RE   ; 12     ; GLOBAL_CLOCK_X0_Y36_N0_I9               ; GLOBAL_CLOCK                                                               ;
;   352.562 ;   0.155  ;    ; RE   ; 7      ; SPINE_CLOCK_X15_Y59_N0_I7               ; SPINE_CLOCK                                                                ;
;   352.936 ;   0.374  ;    ; RE   ; 1      ; SCLK_TO_ROWCLK_BUF_X15_Y75_N0_I42       ; SCLK_TO_ROWCLK_BUF                                                         ;
;   353.008 ;   0.072  ;    ; RE   ; 1      ; SCLK_TO_ROWCLK_BUF_X15_Y75_N0_I45       ; SCLK_TO_ROWCLK_BUF                                                         ;
;   353.420 ;   0.412  ;    ; RE   ; 6      ; LAB_CLK_X0_Y75_N0_I2                    ; LAB_CLK                                                                    ;
;   353.547 ;   0.127  ;    ; RE   ; 1      ; BLK_CLK_BUF_X11_Y75_N0_I2               ; BLK_CLK_BUF                                                                ;
;   353.592 ;   0.045  ;    ; RE   ; 1      ; ROWCLKSEL_PREBUF_X11_Y75_N0_I2          ; ROWCLKSEL_PREBUF                                                           ;
;   353.638 ;   0.046  ;    ; RE   ; 1      ; ROWCLKSEL_X11_Y75_N0_I0                 ; ROWCLKSEL                                                                  ;
;   353.638 ;   0.000  ;    ; RE   ; 1      ; GLOBAL_LOCAL_SEL_X11_Y75_N0_I0          ; GLOBAL_LOCAL_SEL                                                           ;
;   353.638 ;   0.000  ;    ; RE   ; 6      ; LAB_INPUT_X11_Y75_N0_I0                 ; LAB_INPUT                                                                  ;
;   353.638 ;   0.000  ; RR ; IC   ; 1      ; FF_X11_Y75_N53                          ; emu|audio_mode_src[1]|clk                                                  ;
;   354.147 ;   0.509  ; RR ; CELL ; 1      ; FF_X11_Y75_N53                          ; emu:emu|audio_mode_src[1]                                                  ;
;   355.500 ;   1.353  ;    ;      ;        ;                                         ; clock pessimism removed                                                    ;
; 355.340   ; -0.160   ;    ;      ;        ;                                         ; clock uncertainty                                                          ;
; 355.340   ; 0.000    ;    ; uTsu ; 1      ; FF_X11_Y75_N53                          ; emu:emu|audio_mode_src[1]                                                  ;
+-----------+----------+----+------+--------+-----------------------------------------+----------------------------------------------------------------------------+

----------------------------
; Extra Fitter Information ;
----------------------------
HTML report is unavailable in plain text report export.


Path #6: Recovery slack is -2.358 (VIOLATED)
===============================================================================
+----------------------------------------------------------------------------------------------+
; Path Summary                                                                                 ;
+--------------------+-------------------------------------------------------------------------+
; Property           ; Value                                                                   ;
+--------------------+-------------------------------------------------------------------------+
; From Node          ; emu:emu|audio_reset_stretch[0]                                          ;
; To Node            ; emu:emu|audio_flac_eos_sync[0]                                          ;
; Launch Clock       ; emu|pll|pll_inst|altera_pll_i|general[0].gpll~PLL_OUTPUT_COUNTER|divclk ;
; Latch Clock        ; emu|pll|pll_inst|altera_pll_i|general[2].gpll~PLL_OUTPUT_COUNTER|divclk ;
; Data Arrival Time  ; 357.698                                                                 ;
; Data Required Time ; 355.340                                                                 ;
; Slack              ; -2.358 (VIOLATED)                                                       ;
+--------------------+-------------------------------------------------------------------------+

+--------------------------------------------------------------------------------------+
; Statistics                                                                           ;
+------------------------+--------+-------+-------------+------------+--------+--------+
; Property               ; Value  ; Count ; Total Delay ; % of Total ; Min    ; Max    ;
+------------------------+--------+-------+-------------+------------+--------+--------+
; Recovery Relationship  ; 1.842  ;       ;             ;            ;        ;        ;
; Clock Skew             ; -0.879 ;       ;             ;            ;        ;        ;
; Data Delay             ; 3.161  ;       ;             ;            ;        ;        ;
; Number of Logic Levels ;        ; 2     ;             ;            ;        ;        ;
; Physical Delays        ;        ;       ;             ;            ;        ;        ;
;  Arrival Path          ;        ;       ;             ;            ;        ;        ;
;   Clock                ;        ;       ;             ;            ;        ;        ;
;    IC                  ;        ; 6     ; -0.001      ; 0          ; -0.001 ; 0.000  ;
;    Cell                ;        ; 5     ; 3.530       ; 42         ; 0.322  ; 1.535  ;
;    PLL Compensation    ;        ; 1     ; -3.768      ; 0          ; -3.768 ; -3.768 ;
;    Routing Element     ;        ; 38    ; 4.776       ; 58         ; 0.000  ; 1.135  ;
;   Data                 ;        ;       ;             ;            ;        ;        ;
;    IC                  ;        ; 3     ; 0.000       ; 0          ; -0.001 ; 0.001  ;
;    Cell                ;        ; 4     ; 1.765       ; 56         ; 0.000  ; 0.623  ;
;    uTco                ;        ; 1     ; 0.000       ; 0          ; 0.000  ; 0.000  ;
;    Routing Element     ;        ; 15    ; 1.396       ; 44         ; 0.000  ; 0.200  ;
;  Required Path         ;        ;       ;             ;            ;        ;        ;
;   Clock                ;        ;       ;             ;            ;        ;        ;
;    IC                  ;        ; 6     ; 0.000       ; 0          ; 0.000  ; 0.000  ;
;    Cell                ;        ; 5     ; 3.142       ; 43         ; 0.296  ; 1.268  ;
;    PLL Compensation    ;        ; 1     ; -4.932      ; 0          ; -4.932 ; -4.932 ;
;    Routing Element     ;        ; 38    ; 4.095       ; 57         ; 0.000  ; 0.788  ;
+------------------------+--------+-------+-------------+------------+--------+--------+
Note: Negative delays are omitted from totals when calculating percentages

+---------------------------------------------------------------------------------------------------------------------------------------------------------------------+
; Data Arrival Path                                                                                                                                                   ;
+-----------+----------+----+------+--------+--------------------------------------------+----------------------------------------------------------------------------+
; Total     ; Incr     ; RF ; Type ; Fanout ; Location                                   ; Element                                                                    ;
+-----------+----------+----+------+--------+--------------------------------------------+----------------------------------------------------------------------------+
; 350.000   ; 350.000  ;    ;      ;        ;                                            ; launch edge time                                                           ;
; 354.537   ; 4.537    ;    ;      ;        ;                                            ; clock path                                                                 ;
;   350.000 ;   0.000  ;    ;      ;        ;                                            ; source latency                                                             ;
;   350.000 ;   0.000  ;    ;      ; 1      ; PIN_Y13                                    ; FPGA_CLK2_50                                                               ;
;   350.000 ;   0.000  ;    ; RE   ; 1      ; IOPAD_X56_Y0_N0                            ; ARRIAV_IO_PAD                                                              ;
;   350.000 ;   0.000  ;    ; RE   ; 1      ; IO_PAD_OUTPUT_X56_Y0_N0_I1                 ; IO_PAD_OUTPUT                                                              ;
;   350.000 ;   0.000  ;    ; RE   ; 1      ; IO_INPUT_BUFFER_INPUT_X56_Y0_N1_I0         ; IO_INPUT_BUFFER_INPUT                                                      ;
;   350.000 ;   0.000  ; RR ; IC   ; 1      ; IOIBUF_X56_Y0_N1                           ; FPGA_CLK2_50~input|i                                                       ;
;   350.761 ;   0.761  ; RR ; CELL ; 2      ; IOIBUF_X56_Y0_N1                           ; FPGA_CLK2_50~input|o                                                       ;
;   350.761 ;   0.000  ;    ; RE   ; 1      ; IOIBUF_X56_Y0_N1                           ; ARRIAV_IO_IBUF                                                             ;
;   350.761 ;   0.000  ;    ; RE   ; 1      ; IO_INPUT_BUFFER_OUTPUT_X56_Y0_N1_I2        ; IO_INPUT_BUFFER_OUTPUT                                                     ;
;   350.761 ;   0.000  ;    ; RE   ; 1      ; IO_RE_X56_Y0_N0_I96                        ; IO_RE                                                                      ;
;   351.260 ;   0.499  ;    ; RE   ; 2      ; IO_RE_X56_Y0_N0_I66                        ; IO_RE                                                                      ;
;   352.096 ;   0.836  ;    ; RE   ; 1      ; FF_PLL_RE_X89_Y0_N0_I3                     ; FF_PLL_RE                                                                  ;
;   352.096 ;   0.000  ;    ; RE   ; 1      ; F_PLL_BLOCK_RE_X89_Y0_N0_I2                ; F_PLL_BLOCK_RE                                                             ;
;   352.096 ;   0.000  ;    ; RE   ; 1      ; PLL_REFCLK_SELECT_INPUT_X89_Y7_N0_I2       ; PLL_REFCLK_SELECT_INPUT                                                    ;
;   352.096 ;   0.000  ; RR ; IC   ; 1      ; PLLREFCLKSELECT_X89_Y7_N0                  ; emu|pll|pll_inst|altera_pll_i|general[0].gpll~PLL_REFCLK_SELECT|clkin[0]   ;
;   352.429 ;   0.333  ; RR ; CELL ; 1      ; PLLREFCLKSELECT_X89_Y7_N0                  ; emu|pll|pll_inst|altera_pll_i|general[0].gpll~PLL_REFCLK_SELECT|clkout     ;
;   352.429 ;   0.000  ;    ; RE   ; 2      ; PLLREFCLKSELECT_X89_Y7_N0                  ; CYCLONEV_PLL_REFCLK_SELECT                                                 ;
;   352.429 ;   0.000  ;    ; RE   ; 1      ; PLL_REFCLK_SELECT_OUTPUT_X89_Y7_N0_I15     ; PLL_REFCLK_SELECT_OUTPUT                                                   ;
;   352.429 ;   0.000  ;    ; RE   ; 1      ; FRACTIONAL_PLL_INPUT_X89_Y1_N0_I7          ; FRACTIONAL_PLL_INPUT                                                       ;
;   352.429 ;   0.000  ; RR ; IC   ; 10     ; FRACTIONALPLL_X89_Y1_N0                    ; emu|pll|pll_inst|altera_pll_i|general[0].gpll~FRACTIONAL_PLL|refclkin      ;
;   348.661 ;   -3.768 ; RR ; COMP ; 3      ; FRACTIONALPLL_X89_Y1_N0                    ; emu|pll|pll_inst|altera_pll_i|general[0].gpll~FRACTIONAL_PLL|vcoph[0]      ;
;   348.661 ;   0.000  ;    ; RE   ; 19     ; FRACTIONALPLL_X89_Y1_N0                    ; CYCLONEV_FRACTIONAL_PLL                                                    ;
;   348.661 ;   0.000  ;    ; RE   ; 1      ; FRACTIONAL_PLL_OUTPUT_X89_Y1_N0_I19        ; FRACTIONAL_PLL_OUTPUT                                                      ;
;   348.661 ;   0.000  ;    ; RE   ; 3      ; F_PLL_BLOCK_RE_X89_Y0_N0_I109              ; F_PLL_BLOCK_RE                                                             ;
;   348.661 ;   0.000  ;    ; RE   ; 1      ; PLL_OUTPUT_COUNTER_INPUT_X89_Y2_N1_I7      ; PLL_OUTPUT_COUNTER_INPUT                                                   ;
;   348.661 ;   0.000  ; RR ; IC   ; 1      ; PLLOUTPUTCOUNTER_X89_Y2_N1                 ; emu|pll|pll_inst|altera_pll_i|general[0].gpll~PLL_OUTPUT_COUNTER|vco0ph[0] ;
;   350.196 ;   1.535  ; RR ; CELL ; 1      ; PLLOUTPUTCOUNTER_X89_Y2_N1                 ; emu|pll|pll_inst|altera_pll_i|general[0].gpll~PLL_OUTPUT_COUNTER|divclk    ;
;   350.196 ;   0.000  ;    ; RE   ; 1      ; PLLOUTPUTCOUNTER_X89_Y2_N1                 ; CYCLONEV_PLL_OUTPUT_COUNTER                                                ;
;   350.196 ;   0.000  ;    ; RE   ; 1      ; PLL_OUTPUT_COUNTER_OUTPUT_X89_Y2_N1_I16    ; PLL_OUTPUT_COUNTER_OUTPUT                                                  ;
;   350.676 ;   0.480  ;    ; RE   ; 1      ; FF_PLL_RE_X89_Y0_N0_I103                   ; FF_PLL_RE                                                                  ;
;   351.215 ;   0.539  ;    ; RE   ; 1      ; CLKBUF_CLUSTER_RE_X89_Y35_N3_I435          ; CLKBUF_CLUSTER_RE                                                          ;
;   351.215 ;   0.000  ;    ; RE   ; 1      ; CLKBUF_CLUSTER_RE_X89_Y35_N3_I693          ; CLKBUF_CLUSTER_RE                                                          ;
;   351.215 ;   0.000  ;    ; RE   ; 1      ; GCLK_CLUSTER_RE_X89_Y35_N12_I10            ; GCLK_CLUSTER_RE                                                            ;
;   351.215 ;   0.000  ;    ; RE   ; 1      ; CLKBUFBLOCK_INPUT_X89_Y35_N13_I0           ; CLKBUFBLOCK_INPUT                                                          ;
;   351.215 ;   0.000  ; RR ; IC   ; 1      ; CLKCTRL_G11                                ; emu|pll|pll_inst|altera_pll_i|outclk_wire[0]~CLKENA0|inclk                 ;
;   351.537 ;   0.322  ; RR ; CELL ; 1342   ; CLKCTRL_G11                                ; emu|pll|pll_inst|altera_pll_i|outclk_wire[0]~CLKENA0|outclk                ;
;   351.537 ;   0.000  ;    ; RE   ; 1      ; CLKCTRL_G11                                ; ARRIAV_CLKBUF                                                              ;
;   351.537 ;   0.000  ;    ; RE   ; 1      ; CLKBUFBLOCK_OUTPUT_X89_Y35_N13_I2          ; CLKBUFBLOCK_OUTPUT                                                         ;
;   351.537 ;   0.000  ;    ; RE   ; 1      ; GCLK_CLUSTER_RE_X89_Y35_N12_I12            ; GCLK_CLUSTER_RE                                                            ;
;   351.537 ;   0.000  ;    ; RE   ; 1      ; CLKBUF_CLUSTER_RE_X89_Y35_N3_I418          ; CLKBUF_CLUSTER_RE                                                          ;
;   352.672 ;   1.135  ;    ; RE   ; 7      ; GLOBAL_CLOCK_X0_Y36_N0_I11                 ; GLOBAL_CLOCK                                                               ;
;   352.820 ;   0.148  ;    ; RE   ; 20     ; SPINE_CLOCK_X15_Y59_N0_I19                 ; SPINE_CLOCK                                                                ;
;   353.207 ;   0.387  ;    ; RE   ; 1      ; SCLK_TO_ROWCLK_BUF_X15_Y75_N0_I115         ; SCLK_TO_ROWCLK_BUF                                                         ;
;   353.291 ;   0.084  ;    ; RE   ; 2      ; SCLK_TO_ROWCLK_BUF_X15_Y75_N0_I118         ; SCLK_TO_ROWCLK_BUF                                                         ;
;   353.724 ;   0.433  ;    ; RE   ; 3      ; LAB_CLK_X0_Y75_N0_I5                       ; LAB_CLK                                                                    ;
;   353.862 ;   0.138  ;    ; RE   ; 1      ; BLK_CLK_BUF_X12_Y75_N0_I5                  ; BLK_CLK_BUF                                                                ;
;   353.909 ;   0.047  ;    ; RE   ; 1      ; ROWCLKSEL_PREBUF_X12_Y75_N0_I5             ; ROWCLKSEL_PREBUF                                                           ;
;   353.959 ;   0.050  ;    ; RE   ; 1      ; ROWCLKSEL_X12_Y75_N0_I0                    ; ROWCLKSEL                                                                  ;
;   353.959 ;   0.000  ;    ; RE   ; 2      ; GLOBAL_LOCAL_SEL_X12_Y75_N0_I0             ; GLOBAL_LOCAL_SEL                                                           ;
;   353.959 ;   0.000  ;    ; RE   ; 15     ; LAB_INPUT_X12_Y75_N0_I1                    ; LAB_INPUT                                                                  ;
;   353.958 ;   -0.001 ; RR ; IC   ; 1      ; FF_X12_Y75_N29                             ; emu|audio_reset_stretch[0]|clk                                             ;
;   354.537 ;   0.579  ; RR ; CELL ; 1      ; FF_X12_Y75_N29                             ; emu:emu|audio_reset_stretch[0]                                             ;
; 357.698   ; 3.161    ;    ;      ;        ;                                            ; data path                                                                  ;
;   354.537 ;   0.000  ;    ; uTco ; 1      ; FF_X12_Y75_N29                             ; emu:emu|audio_reset_stretch[0]                                             ;
;   354.537 ;   0.000  ; RR ; CELL ; 3      ; FF_X12_Y75_N29                             ; emu|audio_reset_stretch[0]|q                                               ;
;   354.609 ;   0.072  ;    ; RE   ; 2      ; FF_X12_Y75_N29                             ; ARRIAV_FF                                                                  ;
;   354.731 ;   0.122  ;    ; RE   ; 2      ; LOCAL_LINE_X12_Y75_N0_I9                   ; LOCAL_LINE                                                                 ;
;   354.840 ;   0.109  ;    ; RE   ; 1      ; BLOCK_INPUT_MUX_X12_Y75_N0_I2              ; LEIM_INPUT                                                                 ;
;   354.840 ;   0.000  ; RR ; IC   ; 1      ; LABCELL_X12_Y75_N3                         ; emu|Equal4~0|dataa                                                         ;
;   355.432 ;   0.592  ; RF ; CELL ; 6      ; LABCELL_X12_Y75_N3                         ; emu|Equal4~0|combout                                                       ;
;   355.432 ;   0.000  ;    ; RE   ; 2      ; LABCELL_X12_Y75_N3                         ; ARRIAV_LCELL_COMB                                                          ;
;   355.521 ;   0.089  ;    ; RE   ; 2      ; LE_BUFFER_X12_Y75_N0_I3                    ; LE_BUFFER                                                                  ;
;   355.665 ;   0.144  ;    ; RE   ; 1      ; LOCAL_INTERCONNECT_X11_Y75_N0_I1           ; LAB_LINE                                                                   ;
;   355.764 ;   0.099  ;    ; RE   ; 1      ; BLOCK_INPUT_MUX_X11_Y75_N0_I26             ; LEIM_INPUT                                                                 ;
;   355.763 ;   -0.001 ; FF ; IC   ; 1      ; LABCELL_X11_Y75_N21                        ; emu|audio_reset_request|dataa                                              ;
;   356.313 ;   0.550  ; FR ; CELL ; 22     ; LABCELL_X11_Y75_N21                        ; emu|audio_reset_request|combout                                            ;
;   356.313 ;   0.000  ;    ; RE   ; 2      ; LABCELL_X11_Y75_N21                        ; ARRIAV_LCELL_COMB                                                          ;
;   356.406 ;   0.093  ;    ; RE   ; 2      ; LE_BUFFER_X11_Y75_N0_I14                   ; LE_BUFFER                                                                  ;
;   356.572 ;   0.166  ;    ; RE   ; 2      ; R6_X6_Y75_N0_I21                           ; H_SEG6                                                                     ;
;   356.726 ;   0.154  ;    ; RE   ; 3      ; R3_X9_Y75_N0_I14                           ; H_SEG3                                                                     ;
;   356.874 ;   0.148  ;    ; RE   ; 1      ; LOCAL_INTERCONNECT_X11_Y75_N0_I22          ; LAB_LINE                                                                   ;
;   357.074 ;   0.200  ;    ; RE   ; 1      ; BLOCK_INPUT_MUX_PASSTHROUGH_X11_Y75_N0_I83 ; LEIM                                                                       ;
;   357.074 ;   0.000  ;    ; RE   ; 1      ; GLOBAL_LOCAL_SEL_X11_Y75_N0_I2             ; GLOBAL_LOCAL_SEL                                                           ;
;   357.074 ;   0.000  ;    ; RE   ; 6      ; LAB_INPUT_X11_Y75_N0_I3                    ; LAB_INPUT                                                                  ;
;   357.075 ;   0.001  ; RR ; IC   ; 1      ; FF_X11_Y75_N23                             ; emu|audio_flac_eos_sync[0]|clrn                                            ;
;   357.698 ;   0.623  ; RF ; CELL ; 1      ; FF_X11_Y75_N23                             ; emu:emu|audio_flac_eos_sync[0]                                             ;
+-----------+----------+----+------+--------+--------------------------------------------+----------------------------------------------------------------------------+

+------------------------------------------------------------------------------------------------------------------------------------------------------------------+
; Data Required Path                                                                                                                                               ;
+-----------+----------+----+------+--------+-----------------------------------------+----------------------------------------------------------------------------+
; Total     ; Incr     ; RF ; Type ; Fanout ; Location                                ; Element                                                                    ;
+-----------+----------+----+------+--------+-----------------------------------------+----------------------------------------------------------------------------+
; 351.842   ; 351.842  ;    ;      ;        ;                                         ; latch edge time                                                            ;
; 355.500   ; 3.658    ;    ;      ;        ;                                         ; clock path                                                                 ;
;   351.842 ;   0.000  ;    ;      ;        ;                                         ; source latency                                                             ;
;   351.842 ;   0.000  ;    ;      ; 1      ; PIN_Y13                                 ; FPGA_CLK2_50                                                               ;
;   351.842 ;   0.000  ;    ; RE   ; 1      ; IOPAD_X56_Y0_N0                         ; ARRIAV_IO_PAD                                                              ;
;   351.842 ;   0.000  ;    ; RE   ; 1      ; IO_PAD_OUTPUT_X56_Y0_N0_I1              ; IO_PAD_OUTPUT                                                              ;
;   351.842 ;   0.000  ;    ; RE   ; 1      ; IO_INPUT_BUFFER_INPUT_X56_Y0_N1_I0      ; IO_INPUT_BUFFER_INPUT                                                      ;
;   351.842 ;   0.000  ; RR ; IC   ; 1      ; IOIBUF_X56_Y0_N1                        ; FPGA_CLK2_50~input|i                                                       ;
;   352.603 ;   0.761  ; RR ; CELL ; 2      ; IOIBUF_X56_Y0_N1                        ; FPGA_CLK2_50~input|o                                                       ;
;   352.603 ;   0.000  ;    ; RE   ; 1      ; IOIBUF_X56_Y0_N1                        ; ARRIAV_IO_IBUF                                                             ;
;   352.603 ;   0.000  ;    ; RE   ; 1      ; IO_INPUT_BUFFER_OUTPUT_X56_Y0_N1_I2     ; IO_INPUT_BUFFER_OUTPUT                                                     ;
;   352.603 ;   0.000  ;    ; RE   ; 1      ; IO_RE_X56_Y0_N0_I96                     ; IO_RE                                                                      ;
;   352.986 ;   0.383  ;    ; RE   ; 2      ; IO_RE_X56_Y0_N0_I66                     ; IO_RE                                                                      ;
;   353.774 ;   0.788  ;    ; RE   ; 1      ; FF_PLL_RE_X89_Y0_N0_I3                  ; FF_PLL_RE                                                                  ;
;   353.774 ;   0.000  ;    ; RE   ; 1      ; F_PLL_BLOCK_RE_X89_Y0_N0_I2             ; F_PLL_BLOCK_RE                                                             ;
;   353.774 ;   0.000  ;    ; RE   ; 1      ; PLL_REFCLK_SELECT_INPUT_X89_Y7_N0_I2    ; PLL_REFCLK_SELECT_INPUT                                                    ;
;   353.774 ;   0.000  ; RR ; IC   ; 1      ; PLLREFCLKSELECT_X89_Y7_N0               ; emu|pll|pll_inst|altera_pll_i|general[0].gpll~PLL_REFCLK_SELECT|clkin[0]   ;
;   354.082 ;   0.308  ; RR ; CELL ; 1      ; PLLREFCLKSELECT_X89_Y7_N0               ; emu|pll|pll_inst|altera_pll_i|general[0].gpll~PLL_REFCLK_SELECT|clkout     ;
;   354.082 ;   0.000  ;    ; RE   ; 2      ; PLLREFCLKSELECT_X89_Y7_N0               ; CYCLONEV_PLL_REFCLK_SELECT                                                 ;
;   354.082 ;   0.000  ;    ; RE   ; 1      ; PLL_REFCLK_SELECT_OUTPUT_X89_Y7_N0_I15  ; PLL_REFCLK_SELECT_OUTPUT                                                   ;
;   354.082 ;   0.000  ;    ; RE   ; 1      ; FRACTIONAL_PLL_INPUT_X89_Y1_N0_I7       ; FRACTIONAL_PLL_INPUT                                                       ;
;   354.082 ;   0.000  ; RR ; IC   ; 10     ; FRACTIONALPLL_X89_Y1_N0                 ; emu|pll|pll_inst|altera_pll_i|general[0].gpll~FRACTIONAL_PLL|refclkin      ;
;   349.150 ;   -4.932 ; RR ; COMP ; 3      ; FRACTIONALPLL_X89_Y1_N0                 ; emu|pll|pll_inst|altera_pll_i|general[0].gpll~FRACTIONAL_PLL|vcoph[0]      ;
;   349.150 ;   0.000  ;    ; RE   ; 19     ; FRACTIONALPLL_X89_Y1_N0                 ; CYCLONEV_FRACTIONAL_PLL                                                    ;
;   349.150 ;   0.000  ;    ; RE   ; 1      ; FRACTIONAL_PLL_OUTPUT_X89_Y1_N0_I19     ; FRACTIONAL_PLL_OUTPUT                                                      ;
;   349.150 ;   0.000  ;    ; RE   ; 3      ; F_PLL_BLOCK_RE_X89_Y0_N0_I109           ; F_PLL_BLOCK_RE                                                             ;
;   349.150 ;   0.000  ;    ; RE   ; 1      ; PLL_OUTPUT_COUNTER_INPUT_X89_Y0_N1_I7   ; PLL_OUTPUT_COUNTER_INPUT                                                   ;
;   349.150 ;   0.000  ; RR ; IC   ; 1      ; PLLOUTPUTCOUNTER_X89_Y0_N1              ; emu|pll|pll_inst|altera_pll_i|general[2].gpll~PLL_OUTPUT_COUNTER|vco0ph[0] ;
;   350.418 ;   1.268  ; RR ; CELL ; 1      ; PLLOUTPUTCOUNTER_X89_Y0_N1              ; emu|pll|pll_inst|altera_pll_i|general[2].gpll~PLL_OUTPUT_COUNTER|divclk    ;
;   350.418 ;   0.000  ;    ; RE   ; 1      ; PLLOUTPUTCOUNTER_X89_Y0_N1              ; CYCLONEV_PLL_OUTPUT_COUNTER                                                ;
;   350.418 ;   0.000  ;    ; RE   ; 1      ; PLL_OUTPUT_COUNTER_OUTPUT_X89_Y0_N1_I16 ; PLL_OUTPUT_COUNTER_OUTPUT                                                  ;
;   350.855 ;   0.437  ;    ; RE   ; 1      ; FF_PLL_RE_X89_Y0_N0_I101                ; FF_PLL_RE                                                                  ;
;   351.362 ;   0.507  ;    ; RE   ; 1      ; CLKBUF_CLUSTER_RE_X89_Y35_N3_I433       ; CLKBUF_CLUSTER_RE                                                          ;
;   351.362 ;   0.000  ;    ; RE   ; 1      ; CLKBUF_CLUSTER_RE_X89_Y35_N3_I563       ; CLKBUF_CLUSTER_RE                                                          ;
;   351.362 ;   0.000  ;    ; RE   ; 1      ; GCLK_CLUSTER_RE_X89_Y35_N6_I10          ; GCLK_CLUSTER_RE                                                            ;
;   351.362 ;   0.000  ;    ; RE   ; 1      ; CLKBUFBLOCK_INPUT_X89_Y35_N7_I0         ; CLKBUFBLOCK_INPUT                                                          ;
;   351.362 ;   0.000  ; RR ; IC   ; 1      ; CLKCTRL_G9                              ; emu|pll|pll_inst|altera_pll_i|outclk_wire[2]~CLKENA0|inclk                 ;
;   351.658 ;   0.296  ; RR ; CELL ; 32647  ; CLKCTRL_G9                              ; emu|pll|pll_inst|altera_pll_i|outclk_wire[2]~CLKENA0|outclk                ;
;   351.658 ;   0.000  ;    ; RE   ; 1      ; CLKCTRL_G9                              ; ARRIAV_CLKBUF                                                              ;
;   351.658 ;   0.000  ;    ; RE   ; 1      ; CLKBUFBLOCK_OUTPUT_X89_Y35_N7_I2        ; CLKBUFBLOCK_OUTPUT                                                         ;
;   351.658 ;   0.000  ;    ; RE   ; 1      ; GCLK_CLUSTER_RE_X89_Y35_N6_I12          ; GCLK_CLUSTER_RE                                                            ;
;   351.658 ;   0.000  ;    ; RE   ; 1      ; CLKBUF_CLUSTER_RE_X89_Y35_N3_I416       ; CLKBUF_CLUSTER_RE                                                          ;
;   352.407 ;   0.749  ;    ; RE   ; 12     ; GLOBAL_CLOCK_X0_Y36_N0_I9               ; GLOBAL_CLOCK                                                               ;
;   352.562 ;   0.155  ;    ; RE   ; 7      ; SPINE_CLOCK_X15_Y59_N0_I7               ; SPINE_CLOCK                                                                ;
;   352.936 ;   0.374  ;    ; RE   ; 1      ; SCLK_TO_ROWCLK_BUF_X15_Y75_N0_I42       ; SCLK_TO_ROWCLK_BUF                                                         ;
;   353.008 ;   0.072  ;    ; RE   ; 1      ; SCLK_TO_ROWCLK_BUF_X15_Y75_N0_I45       ; SCLK_TO_ROWCLK_BUF                                                         ;
;   353.420 ;   0.412  ;    ; RE   ; 6      ; LAB_CLK_X0_Y75_N0_I2                    ; LAB_CLK                                                                    ;
;   353.547 ;   0.127  ;    ; RE   ; 1      ; BLK_CLK_BUF_X11_Y75_N0_I2               ; BLK_CLK_BUF                                                                ;
;   353.592 ;   0.045  ;    ; RE   ; 1      ; ROWCLKSEL_PREBUF_X11_Y75_N0_I2          ; ROWCLKSEL_PREBUF                                                           ;
;   353.638 ;   0.046  ;    ; RE   ; 1      ; ROWCLKSEL_X11_Y75_N0_I0                 ; ROWCLKSEL                                                                  ;
;   353.638 ;   0.000  ;    ; RE   ; 1      ; GLOBAL_LOCAL_SEL_X11_Y75_N0_I0          ; GLOBAL_LOCAL_SEL                                                           ;
;   353.638 ;   0.000  ;    ; RE   ; 6      ; LAB_INPUT_X11_Y75_N0_I0                 ; LAB_INPUT                                                                  ;
;   353.638 ;   0.000  ; RR ; IC   ; 1      ; FF_X11_Y75_N23                          ; emu|audio_flac_eos_sync[0]|clk                                             ;
;   354.147 ;   0.509  ; RR ; CELL ; 1      ; FF_X11_Y75_N23                          ; emu:emu|audio_flac_eos_sync[0]                                             ;
;   355.500 ;   1.353  ;    ;      ;        ;                                         ; clock pessimism removed                                                    ;
; 355.340   ; -0.160   ;    ;      ;        ;                                         ; clock uncertainty                                                          ;
; 355.340   ; 0.000    ;    ; uTsu ; 1      ; FF_X11_Y75_N23                          ; emu:emu|audio_flac_eos_sync[0]                                             ;
+-----------+----------+----+------+--------+-----------------------------------------+----------------------------------------------------------------------------+

----------------------------
; Extra Fitter Information ;
----------------------------
HTML report is unavailable in plain text report export.


Path #7: Recovery slack is -2.338 (VIOLATED)
===============================================================================
+----------------------------------------------------------------------------------------------+
; Path Summary                                                                                 ;
+--------------------+-------------------------------------------------------------------------+
; Property           ; Value                                                                   ;
+--------------------+-------------------------------------------------------------------------+
; From Node          ; emu:emu|audio_reset_stretch[4]~DUPLICATE                                ;
; To Node            ; emu:emu|audio_mode_src[2]                                               ;
; Launch Clock       ; emu|pll|pll_inst|altera_pll_i|general[0].gpll~PLL_OUTPUT_COUNTER|divclk ;
; Latch Clock        ; emu|pll|pll_inst|altera_pll_i|general[2].gpll~PLL_OUTPUT_COUNTER|divclk ;
; Data Arrival Time  ; 357.672                                                                 ;
; Data Required Time ; 355.334                                                                 ;
; Slack              ; -2.338 (VIOLATED)                                                       ;
+--------------------+-------------------------------------------------------------------------+

+--------------------------------------------------------------------------------------+
; Statistics                                                                           ;
+------------------------+--------+-------+-------------+------------+--------+--------+
; Property               ; Value  ; Count ; Total Delay ; % of Total ; Min    ; Max    ;
+------------------------+--------+-------+-------------+------------+--------+--------+
; Recovery Relationship  ; 1.842  ;       ;             ;            ;        ;        ;
; Clock Skew             ; -0.880 ;       ;             ;            ;        ;        ;
; Data Delay             ; 3.140  ;       ;             ;            ;        ;        ;
; Number of Logic Levels ;        ; 2     ;             ;            ;        ;        ;
; Physical Delays        ;        ;       ;             ;            ;        ;        ;
;  Arrival Path          ;        ;       ;             ;            ;        ;        ;
;   Clock                ;        ;       ;             ;            ;        ;        ;
;    IC                  ;        ; 6     ; -0.001      ; 0          ; -0.001 ; 0.000  ;
;    Cell                ;        ; 5     ; 3.525       ; 42         ; 0.322  ; 1.535  ;
;    PLL Compensation    ;        ; 1     ; -3.768      ; 0          ; -3.768 ; -3.768 ;
;    Routing Element     ;        ; 38    ; 4.776       ; 58         ; 0.000  ; 1.135  ;
;   Data                 ;        ;       ;             ;            ;        ;        ;
;    IC                  ;        ; 3     ; 0.000       ; 0          ; -0.001 ; 0.001  ;
;    Cell                ;        ; 4     ; 1.672       ; 53         ; 0.000  ; 0.623  ;
;    uTco                ;        ; 1     ; 0.000       ; 0          ; 0.000  ; 0.000  ;
;    Routing Element     ;        ; 15    ; 1.468       ; 47         ; 0.000  ; 0.200  ;
;  Required Path         ;        ;       ;             ;            ;        ;        ;
;   Clock                ;        ;       ;             ;            ;        ;        ;
;    IC                  ;        ; 6     ; 0.000       ; 0          ; 0.000  ; 0.000  ;
;    Cell                ;        ; 5     ; 3.136       ; 43         ; 0.296  ; 1.268  ;
;    PLL Compensation    ;        ; 1     ; -4.932      ; 0          ; -4.932 ; -4.932 ;
;    Routing Element     ;        ; 38    ; 4.095       ; 57         ; 0.000  ; 0.788  ;
+------------------------+--------+-------+-------------+------------+--------+--------+
Note: Negative delays are omitted from totals when calculating percentages

+---------------------------------------------------------------------------------------------------------------------------------------------------------------------+
; Data Arrival Path                                                                                                                                                   ;
+-----------+----------+----+------+--------+--------------------------------------------+----------------------------------------------------------------------------+
; Total     ; Incr     ; RF ; Type ; Fanout ; Location                                   ; Element                                                                    ;
+-----------+----------+----+------+--------+--------------------------------------------+----------------------------------------------------------------------------+
; 350.000   ; 350.000  ;    ;      ;        ;                                            ; launch edge time                                                           ;
; 354.532   ; 4.532    ;    ;      ;        ;                                            ; clock path                                                                 ;
;   350.000 ;   0.000  ;    ;      ;        ;                                            ; source latency                                                             ;
;   350.000 ;   0.000  ;    ;      ; 1      ; PIN_Y13                                    ; FPGA_CLK2_50                                                               ;
;   350.000 ;   0.000  ;    ; RE   ; 1      ; IOPAD_X56_Y0_N0                            ; ARRIAV_IO_PAD                                                              ;
;   350.000 ;   0.000  ;    ; RE   ; 1      ; IO_PAD_OUTPUT_X56_Y0_N0_I1                 ; IO_PAD_OUTPUT                                                              ;
;   350.000 ;   0.000  ;    ; RE   ; 1      ; IO_INPUT_BUFFER_INPUT_X56_Y0_N1_I0         ; IO_INPUT_BUFFER_INPUT                                                      ;
;   350.000 ;   0.000  ; RR ; IC   ; 1      ; IOIBUF_X56_Y0_N1                           ; FPGA_CLK2_50~input|i                                                       ;
;   350.761 ;   0.761  ; RR ; CELL ; 2      ; IOIBUF_X56_Y0_N1                           ; FPGA_CLK2_50~input|o                                                       ;
;   350.761 ;   0.000  ;    ; RE   ; 1      ; IOIBUF_X56_Y0_N1                           ; ARRIAV_IO_IBUF                                                             ;
;   350.761 ;   0.000  ;    ; RE   ; 1      ; IO_INPUT_BUFFER_OUTPUT_X56_Y0_N1_I2        ; IO_INPUT_BUFFER_OUTPUT                                                     ;
;   350.761 ;   0.000  ;    ; RE   ; 1      ; IO_RE_X56_Y0_N0_I96                        ; IO_RE                                                                      ;
;   351.260 ;   0.499  ;    ; RE   ; 2      ; IO_RE_X56_Y0_N0_I66                        ; IO_RE                                                                      ;
;   352.096 ;   0.836  ;    ; RE   ; 1      ; FF_PLL_RE_X89_Y0_N0_I3                     ; FF_PLL_RE                                                                  ;
;   352.096 ;   0.000  ;    ; RE   ; 1      ; F_PLL_BLOCK_RE_X89_Y0_N0_I2                ; F_PLL_BLOCK_RE                                                             ;
;   352.096 ;   0.000  ;    ; RE   ; 1      ; PLL_REFCLK_SELECT_INPUT_X89_Y7_N0_I2       ; PLL_REFCLK_SELECT_INPUT                                                    ;
;   352.096 ;   0.000  ; RR ; IC   ; 1      ; PLLREFCLKSELECT_X89_Y7_N0                  ; emu|pll|pll_inst|altera_pll_i|general[0].gpll~PLL_REFCLK_SELECT|clkin[0]   ;
;   352.429 ;   0.333  ; RR ; CELL ; 1      ; PLLREFCLKSELECT_X89_Y7_N0                  ; emu|pll|pll_inst|altera_pll_i|general[0].gpll~PLL_REFCLK_SELECT|clkout     ;
;   352.429 ;   0.000  ;    ; RE   ; 2      ; PLLREFCLKSELECT_X89_Y7_N0                  ; CYCLONEV_PLL_REFCLK_SELECT                                                 ;
;   352.429 ;   0.000  ;    ; RE   ; 1      ; PLL_REFCLK_SELECT_OUTPUT_X89_Y7_N0_I15     ; PLL_REFCLK_SELECT_OUTPUT                                                   ;
;   352.429 ;   0.000  ;    ; RE   ; 1      ; FRACTIONAL_PLL_INPUT_X89_Y1_N0_I7          ; FRACTIONAL_PLL_INPUT                                                       ;
;   352.429 ;   0.000  ; RR ; IC   ; 10     ; FRACTIONALPLL_X89_Y1_N0                    ; emu|pll|pll_inst|altera_pll_i|general[0].gpll~FRACTIONAL_PLL|refclkin      ;
;   348.661 ;   -3.768 ; RR ; COMP ; 3      ; FRACTIONALPLL_X89_Y1_N0                    ; emu|pll|pll_inst|altera_pll_i|general[0].gpll~FRACTIONAL_PLL|vcoph[0]      ;
;   348.661 ;   0.000  ;    ; RE   ; 19     ; FRACTIONALPLL_X89_Y1_N0                    ; CYCLONEV_FRACTIONAL_PLL                                                    ;
;   348.661 ;   0.000  ;    ; RE   ; 1      ; FRACTIONAL_PLL_OUTPUT_X89_Y1_N0_I19        ; FRACTIONAL_PLL_OUTPUT                                                      ;
;   348.661 ;   0.000  ;    ; RE   ; 3      ; F_PLL_BLOCK_RE_X89_Y0_N0_I109              ; F_PLL_BLOCK_RE                                                             ;
;   348.661 ;   0.000  ;    ; RE   ; 1      ; PLL_OUTPUT_COUNTER_INPUT_X89_Y2_N1_I7      ; PLL_OUTPUT_COUNTER_INPUT                                                   ;
;   348.661 ;   0.000  ; RR ; IC   ; 1      ; PLLOUTPUTCOUNTER_X89_Y2_N1                 ; emu|pll|pll_inst|altera_pll_i|general[0].gpll~PLL_OUTPUT_COUNTER|vco0ph[0] ;
;   350.196 ;   1.535  ; RR ; CELL ; 1      ; PLLOUTPUTCOUNTER_X89_Y2_N1                 ; emu|pll|pll_inst|altera_pll_i|general[0].gpll~PLL_OUTPUT_COUNTER|divclk    ;
;   350.196 ;   0.000  ;    ; RE   ; 1      ; PLLOUTPUTCOUNTER_X89_Y2_N1                 ; CYCLONEV_PLL_OUTPUT_COUNTER                                                ;
;   350.196 ;   0.000  ;    ; RE   ; 1      ; PLL_OUTPUT_COUNTER_OUTPUT_X89_Y2_N1_I16    ; PLL_OUTPUT_COUNTER_OUTPUT                                                  ;
;   350.676 ;   0.480  ;    ; RE   ; 1      ; FF_PLL_RE_X89_Y0_N0_I103                   ; FF_PLL_RE                                                                  ;
;   351.215 ;   0.539  ;    ; RE   ; 1      ; CLKBUF_CLUSTER_RE_X89_Y35_N3_I435          ; CLKBUF_CLUSTER_RE                                                          ;
;   351.215 ;   0.000  ;    ; RE   ; 1      ; CLKBUF_CLUSTER_RE_X89_Y35_N3_I693          ; CLKBUF_CLUSTER_RE                                                          ;
;   351.215 ;   0.000  ;    ; RE   ; 1      ; GCLK_CLUSTER_RE_X89_Y35_N12_I10            ; GCLK_CLUSTER_RE                                                            ;
;   351.215 ;   0.000  ;    ; RE   ; 1      ; CLKBUFBLOCK_INPUT_X89_Y35_N13_I0           ; CLKBUFBLOCK_INPUT                                                          ;
;   351.215 ;   0.000  ; RR ; IC   ; 1      ; CLKCTRL_G11                                ; emu|pll|pll_inst|altera_pll_i|outclk_wire[0]~CLKENA0|inclk                 ;
;   351.537 ;   0.322  ; RR ; CELL ; 1342   ; CLKCTRL_G11                                ; emu|pll|pll_inst|altera_pll_i|outclk_wire[0]~CLKENA0|outclk                ;
;   351.537 ;   0.000  ;    ; RE   ; 1      ; CLKCTRL_G11                                ; ARRIAV_CLKBUF                                                              ;
;   351.537 ;   0.000  ;    ; RE   ; 1      ; CLKBUFBLOCK_OUTPUT_X89_Y35_N13_I2          ; CLKBUFBLOCK_OUTPUT                                                         ;
;   351.537 ;   0.000  ;    ; RE   ; 1      ; GCLK_CLUSTER_RE_X89_Y35_N12_I12            ; GCLK_CLUSTER_RE                                                            ;
;   351.537 ;   0.000  ;    ; RE   ; 1      ; CLKBUF_CLUSTER_RE_X89_Y35_N3_I418          ; CLKBUF_CLUSTER_RE                                                          ;
;   352.672 ;   1.135  ;    ; RE   ; 7      ; GLOBAL_CLOCK_X0_Y36_N0_I11                 ; GLOBAL_CLOCK                                                               ;
;   352.820 ;   0.148  ;    ; RE   ; 20     ; SPINE_CLOCK_X15_Y59_N0_I19                 ; SPINE_CLOCK                                                                ;
;   353.207 ;   0.387  ;    ; RE   ; 1      ; SCLK_TO_ROWCLK_BUF_X15_Y75_N0_I115         ; SCLK_TO_ROWCLK_BUF                                                         ;
;   353.291 ;   0.084  ;    ; RE   ; 2      ; SCLK_TO_ROWCLK_BUF_X15_Y75_N0_I118         ; SCLK_TO_ROWCLK_BUF                                                         ;
;   353.724 ;   0.433  ;    ; RE   ; 3      ; LAB_CLK_X0_Y75_N0_I5                       ; LAB_CLK                                                                    ;
;   353.862 ;   0.138  ;    ; RE   ; 1      ; BLK_CLK_BUF_X12_Y75_N0_I5                  ; BLK_CLK_BUF                                                                ;
;   353.909 ;   0.047  ;    ; RE   ; 1      ; ROWCLKSEL_PREBUF_X12_Y75_N0_I5             ; ROWCLKSEL_PREBUF                                                           ;
;   353.959 ;   0.050  ;    ; RE   ; 1      ; ROWCLKSEL_X12_Y75_N0_I0                    ; ROWCLKSEL                                                                  ;
;   353.959 ;   0.000  ;    ; RE   ; 2      ; GLOBAL_LOCAL_SEL_X12_Y75_N0_I0             ; GLOBAL_LOCAL_SEL                                                           ;
;   353.959 ;   0.000  ;    ; RE   ; 15     ; LAB_INPUT_X12_Y75_N0_I1                    ; LAB_INPUT                                                                  ;
;   353.958 ;   -0.001 ; RR ; IC   ; 1      ; FF_X12_Y75_N38                             ; emu|audio_reset_stretch[4]~DUPLICATE|clk                                   ;
;   354.532 ;   0.574  ; RR ; CELL ; 1      ; FF_X12_Y75_N38                             ; emu:emu|audio_reset_stretch[4]~DUPLICATE                                   ;
; 357.672   ; 3.140    ;    ;      ;        ;                                            ; data path                                                                  ;
;   354.532 ;   0.000  ;    ; uTco ; 1      ; FF_X12_Y75_N38                             ; emu:emu|audio_reset_stretch[4]~DUPLICATE                                   ;
;   354.532 ;   0.000  ; RR ; CELL ; 1      ; FF_X12_Y75_N38                             ; emu|audio_reset_stretch[4]~DUPLICATE|q                                     ;
;   354.604 ;   0.072  ;    ; RE   ; 1      ; FF_X12_Y75_N38                             ; ARRIAV_FF                                                                  ;
;   354.752 ;   0.148  ;    ; RE   ; 1      ; LOCAL_LINE_X12_Y75_N0_I12                  ; LOCAL_LINE                                                                 ;
;   354.907 ;   0.155  ;    ; RE   ; 1      ; BLOCK_INPUT_MUX_X12_Y75_N0_I4              ; LEIM_INPUT                                                                 ;
;   354.907 ;   0.000  ; RR ; IC   ; 1      ; LABCELL_X12_Y75_N3                         ; emu|Equal4~0|datad                                                         ;
;   355.406 ;   0.499  ; RF ; CELL ; 6      ; LABCELL_X12_Y75_N3                         ; emu|Equal4~0|combout                                                       ;
;   355.406 ;   0.000  ;    ; RE   ; 2      ; LABCELL_X12_Y75_N3                         ; ARRIAV_LCELL_COMB                                                          ;
;   355.495 ;   0.089  ;    ; RE   ; 2      ; LE_BUFFER_X12_Y75_N0_I3                    ; LE_BUFFER                                                                  ;
;   355.639 ;   0.144  ;    ; RE   ; 1      ; LOCAL_INTERCONNECT_X11_Y75_N0_I1           ; LAB_LINE                                                                   ;
;   355.738 ;   0.099  ;    ; RE   ; 1      ; BLOCK_INPUT_MUX_X11_Y75_N0_I26             ; LEIM_INPUT                                                                 ;
;   355.737 ;   -0.001 ; FF ; IC   ; 1      ; LABCELL_X11_Y75_N21                        ; emu|audio_reset_request|dataa                                              ;
;   356.287 ;   0.550  ; FR ; CELL ; 22     ; LABCELL_X11_Y75_N21                        ; emu|audio_reset_request|combout                                            ;
;   356.287 ;   0.000  ;    ; RE   ; 2      ; LABCELL_X11_Y75_N21                        ; ARRIAV_LCELL_COMB                                                          ;
;   356.380 ;   0.093  ;    ; RE   ; 2      ; LE_BUFFER_X11_Y75_N0_I14                   ; LE_BUFFER                                                                  ;
;   356.546 ;   0.166  ;    ; RE   ; 2      ; R6_X6_Y75_N0_I21                           ; H_SEG6                                                                     ;
;   356.700 ;   0.154  ;    ; RE   ; 3      ; R3_X9_Y75_N0_I14                           ; H_SEG3                                                                     ;
;   356.848 ;   0.148  ;    ; RE   ; 1      ; LOCAL_INTERCONNECT_X11_Y75_N0_I22          ; LAB_LINE                                                                   ;
;   357.048 ;   0.200  ;    ; RE   ; 1      ; BLOCK_INPUT_MUX_PASSTHROUGH_X11_Y75_N0_I83 ; LEIM                                                                       ;
;   357.048 ;   0.000  ;    ; RE   ; 1      ; GLOBAL_LOCAL_SEL_X11_Y75_N0_I2             ; GLOBAL_LOCAL_SEL                                                           ;
;   357.048 ;   0.000  ;    ; RE   ; 6      ; LAB_INPUT_X11_Y75_N0_I3                    ; LAB_INPUT                                                                  ;
;   357.049 ;   0.001  ; RR ; IC   ; 1      ; FF_X11_Y75_N56                             ; emu|audio_mode_src[2]|clrn                                                 ;
;   357.672 ;   0.623  ; RF ; CELL ; 1      ; FF_X11_Y75_N56                             ; emu:emu|audio_mode_src[2]                                                  ;
+-----------+----------+----+------+--------+--------------------------------------------+----------------------------------------------------------------------------+

+------------------------------------------------------------------------------------------------------------------------------------------------------------------+
; Data Required Path                                                                                                                                               ;
+-----------+----------+----+------+--------+-----------------------------------------+----------------------------------------------------------------------------+
; Total     ; Incr     ; RF ; Type ; Fanout ; Location                                ; Element                                                                    ;
+-----------+----------+----+------+--------+-----------------------------------------+----------------------------------------------------------------------------+
; 351.842   ; 351.842  ;    ;      ;        ;                                         ; latch edge time                                                            ;
; 355.494   ; 3.652    ;    ;      ;        ;                                         ; clock path                                                                 ;
;   351.842 ;   0.000  ;    ;      ;        ;                                         ; source latency                                                             ;
;   351.842 ;   0.000  ;    ;      ; 1      ; PIN_Y13                                 ; FPGA_CLK2_50                                                               ;
;   351.842 ;   0.000  ;    ; RE   ; 1      ; IOPAD_X56_Y0_N0                         ; ARRIAV_IO_PAD                                                              ;
;   351.842 ;   0.000  ;    ; RE   ; 1      ; IO_PAD_OUTPUT_X56_Y0_N0_I1              ; IO_PAD_OUTPUT                                                              ;
;   351.842 ;   0.000  ;    ; RE   ; 1      ; IO_INPUT_BUFFER_INPUT_X56_Y0_N1_I0      ; IO_INPUT_BUFFER_INPUT                                                      ;
;   351.842 ;   0.000  ; RR ; IC   ; 1      ; IOIBUF_X56_Y0_N1                        ; FPGA_CLK2_50~input|i                                                       ;
;   352.603 ;   0.761  ; RR ; CELL ; 2      ; IOIBUF_X56_Y0_N1                        ; FPGA_CLK2_50~input|o                                                       ;
;   352.603 ;   0.000  ;    ; RE   ; 1      ; IOIBUF_X56_Y0_N1                        ; ARRIAV_IO_IBUF                                                             ;
;   352.603 ;   0.000  ;    ; RE   ; 1      ; IO_INPUT_BUFFER_OUTPUT_X56_Y0_N1_I2     ; IO_INPUT_BUFFER_OUTPUT                                                     ;
;   352.603 ;   0.000  ;    ; RE   ; 1      ; IO_RE_X56_Y0_N0_I96                     ; IO_RE                                                                      ;
;   352.986 ;   0.383  ;    ; RE   ; 2      ; IO_RE_X56_Y0_N0_I66                     ; IO_RE                                                                      ;
;   353.774 ;   0.788  ;    ; RE   ; 1      ; FF_PLL_RE_X89_Y0_N0_I3                  ; FF_PLL_RE                                                                  ;
;   353.774 ;   0.000  ;    ; RE   ; 1      ; F_PLL_BLOCK_RE_X89_Y0_N0_I2             ; F_PLL_BLOCK_RE                                                             ;
;   353.774 ;   0.000  ;    ; RE   ; 1      ; PLL_REFCLK_SELECT_INPUT_X89_Y7_N0_I2    ; PLL_REFCLK_SELECT_INPUT                                                    ;
;   353.774 ;   0.000  ; RR ; IC   ; 1      ; PLLREFCLKSELECT_X89_Y7_N0               ; emu|pll|pll_inst|altera_pll_i|general[0].gpll~PLL_REFCLK_SELECT|clkin[0]   ;
;   354.082 ;   0.308  ; RR ; CELL ; 1      ; PLLREFCLKSELECT_X89_Y7_N0               ; emu|pll|pll_inst|altera_pll_i|general[0].gpll~PLL_REFCLK_SELECT|clkout     ;
;   354.082 ;   0.000  ;    ; RE   ; 2      ; PLLREFCLKSELECT_X89_Y7_N0               ; CYCLONEV_PLL_REFCLK_SELECT                                                 ;
;   354.082 ;   0.000  ;    ; RE   ; 1      ; PLL_REFCLK_SELECT_OUTPUT_X89_Y7_N0_I15  ; PLL_REFCLK_SELECT_OUTPUT                                                   ;
;   354.082 ;   0.000  ;    ; RE   ; 1      ; FRACTIONAL_PLL_INPUT_X89_Y1_N0_I7       ; FRACTIONAL_PLL_INPUT                                                       ;
;   354.082 ;   0.000  ; RR ; IC   ; 10     ; FRACTIONALPLL_X89_Y1_N0                 ; emu|pll|pll_inst|altera_pll_i|general[0].gpll~FRACTIONAL_PLL|refclkin      ;
;   349.150 ;   -4.932 ; RR ; COMP ; 3      ; FRACTIONALPLL_X89_Y1_N0                 ; emu|pll|pll_inst|altera_pll_i|general[0].gpll~FRACTIONAL_PLL|vcoph[0]      ;
;   349.150 ;   0.000  ;    ; RE   ; 19     ; FRACTIONALPLL_X89_Y1_N0                 ; CYCLONEV_FRACTIONAL_PLL                                                    ;
;   349.150 ;   0.000  ;    ; RE   ; 1      ; FRACTIONAL_PLL_OUTPUT_X89_Y1_N0_I19     ; FRACTIONAL_PLL_OUTPUT                                                      ;
;   349.150 ;   0.000  ;    ; RE   ; 3      ; F_PLL_BLOCK_RE_X89_Y0_N0_I109           ; F_PLL_BLOCK_RE                                                             ;
;   349.150 ;   0.000  ;    ; RE   ; 1      ; PLL_OUTPUT_COUNTER_INPUT_X89_Y0_N1_I7   ; PLL_OUTPUT_COUNTER_INPUT                                                   ;
;   349.150 ;   0.000  ; RR ; IC   ; 1      ; PLLOUTPUTCOUNTER_X89_Y0_N1              ; emu|pll|pll_inst|altera_pll_i|general[2].gpll~PLL_OUTPUT_COUNTER|vco0ph[0] ;
;   350.418 ;   1.268  ; RR ; CELL ; 1      ; PLLOUTPUTCOUNTER_X89_Y0_N1              ; emu|pll|pll_inst|altera_pll_i|general[2].gpll~PLL_OUTPUT_COUNTER|divclk    ;
;   350.418 ;   0.000  ;    ; RE   ; 1      ; PLLOUTPUTCOUNTER_X89_Y0_N1              ; CYCLONEV_PLL_OUTPUT_COUNTER                                                ;
;   350.418 ;   0.000  ;    ; RE   ; 1      ; PLL_OUTPUT_COUNTER_OUTPUT_X89_Y0_N1_I16 ; PLL_OUTPUT_COUNTER_OUTPUT                                                  ;
;   350.855 ;   0.437  ;    ; RE   ; 1      ; FF_PLL_RE_X89_Y0_N0_I101                ; FF_PLL_RE                                                                  ;
;   351.362 ;   0.507  ;    ; RE   ; 1      ; CLKBUF_CLUSTER_RE_X89_Y35_N3_I433       ; CLKBUF_CLUSTER_RE                                                          ;
;   351.362 ;   0.000  ;    ; RE   ; 1      ; CLKBUF_CLUSTER_RE_X89_Y35_N3_I563       ; CLKBUF_CLUSTER_RE                                                          ;
;   351.362 ;   0.000  ;    ; RE   ; 1      ; GCLK_CLUSTER_RE_X89_Y35_N6_I10          ; GCLK_CLUSTER_RE                                                            ;
;   351.362 ;   0.000  ;    ; RE   ; 1      ; CLKBUFBLOCK_INPUT_X89_Y35_N7_I0         ; CLKBUFBLOCK_INPUT                                                          ;
;   351.362 ;   0.000  ; RR ; IC   ; 1      ; CLKCTRL_G9                              ; emu|pll|pll_inst|altera_pll_i|outclk_wire[2]~CLKENA0|inclk                 ;
;   351.658 ;   0.296  ; RR ; CELL ; 32647  ; CLKCTRL_G9                              ; emu|pll|pll_inst|altera_pll_i|outclk_wire[2]~CLKENA0|outclk                ;
;   351.658 ;   0.000  ;    ; RE   ; 1      ; CLKCTRL_G9                              ; ARRIAV_CLKBUF                                                              ;
;   351.658 ;   0.000  ;    ; RE   ; 1      ; CLKBUFBLOCK_OUTPUT_X89_Y35_N7_I2        ; CLKBUFBLOCK_OUTPUT                                                         ;
;   351.658 ;   0.000  ;    ; RE   ; 1      ; GCLK_CLUSTER_RE_X89_Y35_N6_I12          ; GCLK_CLUSTER_RE                                                            ;
;   351.658 ;   0.000  ;    ; RE   ; 1      ; CLKBUF_CLUSTER_RE_X89_Y35_N3_I416       ; CLKBUF_CLUSTER_RE                                                          ;
;   352.407 ;   0.749  ;    ; RE   ; 12     ; GLOBAL_CLOCK_X0_Y36_N0_I9               ; GLOBAL_CLOCK                                                               ;
;   352.562 ;   0.155  ;    ; RE   ; 7      ; SPINE_CLOCK_X15_Y59_N0_I7               ; SPINE_CLOCK                                                                ;
;   352.936 ;   0.374  ;    ; RE   ; 1      ; SCLK_TO_ROWCLK_BUF_X15_Y75_N0_I42       ; SCLK_TO_ROWCLK_BUF                                                         ;
;   353.008 ;   0.072  ;    ; RE   ; 1      ; SCLK_TO_ROWCLK_BUF_X15_Y75_N0_I45       ; SCLK_TO_ROWCLK_BUF                                                         ;
;   353.420 ;   0.412  ;    ; RE   ; 6      ; LAB_CLK_X0_Y75_N0_I2                    ; LAB_CLK                                                                    ;
;   353.547 ;   0.127  ;    ; RE   ; 1      ; BLK_CLK_BUF_X11_Y75_N0_I2               ; BLK_CLK_BUF                                                                ;
;   353.592 ;   0.045  ;    ; RE   ; 1      ; ROWCLKSEL_PREBUF_X11_Y75_N0_I2          ; ROWCLKSEL_PREBUF                                                           ;
;   353.638 ;   0.046  ;    ; RE   ; 1      ; ROWCLKSEL_X11_Y75_N0_I0                 ; ROWCLKSEL                                                                  ;
;   353.638 ;   0.000  ;    ; RE   ; 1      ; GLOBAL_LOCAL_SEL_X11_Y75_N0_I0          ; GLOBAL_LOCAL_SEL                                                           ;
;   353.638 ;   0.000  ;    ; RE   ; 6      ; LAB_INPUT_X11_Y75_N0_I0                 ; LAB_INPUT                                                                  ;
;   353.638 ;   0.000  ; RR ; IC   ; 1      ; FF_X11_Y75_N56                          ; emu|audio_mode_src[2]|clk                                                  ;
;   354.141 ;   0.503  ; RR ; CELL ; 1      ; FF_X11_Y75_N56                          ; emu:emu|audio_mode_src[2]                                                  ;
;   355.494 ;   1.353  ;    ;      ;        ;                                         ; clock pessimism removed                                                    ;
; 355.334   ; -0.160   ;    ;      ;        ;                                         ; clock uncertainty                                                          ;
; 355.334   ; 0.000    ;    ; uTsu ; 1      ; FF_X11_Y75_N56                          ; emu:emu|audio_mode_src[2]                                                  ;
+-----------+----------+----+------+--------+-----------------------------------------+----------------------------------------------------------------------------+

----------------------------
; Extra Fitter Information ;
----------------------------
HTML report is unavailable in plain text report export.


Path #8: Recovery slack is -2.338 (VIOLATED)
===============================================================================
+----------------------------------------------------------------------------------------------+
; Path Summary                                                                                 ;
+--------------------+-------------------------------------------------------------------------+
; Property           ; Value                                                                   ;
+--------------------+-------------------------------------------------------------------------+
; From Node          ; emu:emu|audio_reset_stretch[4]~DUPLICATE                                ;
; To Node            ; emu:emu|audio_flac_eos_sync[1]                                          ;
; Launch Clock       ; emu|pll|pll_inst|altera_pll_i|general[0].gpll~PLL_OUTPUT_COUNTER|divclk ;
; Latch Clock        ; emu|pll|pll_inst|altera_pll_i|general[2].gpll~PLL_OUTPUT_COUNTER|divclk ;
; Data Arrival Time  ; 357.672                                                                 ;
; Data Required Time ; 355.334                                                                 ;
; Slack              ; -2.338 (VIOLATED)                                                       ;
+--------------------+-------------------------------------------------------------------------+

+--------------------------------------------------------------------------------------+
; Statistics                                                                           ;
+------------------------+--------+-------+-------------+------------+--------+--------+
; Property               ; Value  ; Count ; Total Delay ; % of Total ; Min    ; Max    ;
+------------------------+--------+-------+-------------+------------+--------+--------+
; Recovery Relationship  ; 1.842  ;       ;             ;            ;        ;        ;
; Clock Skew             ; -0.880 ;       ;             ;            ;        ;        ;
; Data Delay             ; 3.140  ;       ;             ;            ;        ;        ;
; Number of Logic Levels ;        ; 2     ;             ;            ;        ;        ;
; Physical Delays        ;        ;       ;             ;            ;        ;        ;
;  Arrival Path          ;        ;       ;             ;            ;        ;        ;
;   Clock                ;        ;       ;             ;            ;        ;        ;
;    IC                  ;        ; 6     ; -0.001      ; 0          ; -0.001 ; 0.000  ;
;    Cell                ;        ; 5     ; 3.525       ; 42         ; 0.322  ; 1.535  ;
;    PLL Compensation    ;        ; 1     ; -3.768      ; 0          ; -3.768 ; -3.768 ;
;    Routing Element     ;        ; 38    ; 4.776       ; 58         ; 0.000  ; 1.135  ;
;   Data                 ;        ;       ;             ;            ;        ;        ;
;    IC                  ;        ; 3     ; 0.000       ; 0          ; -0.001 ; 0.001  ;
;    Cell                ;        ; 4     ; 1.672       ; 53         ; 0.000  ; 0.623  ;
;    uTco                ;        ; 1     ; 0.000       ; 0          ; 0.000  ; 0.000  ;
;    Routing Element     ;        ; 15    ; 1.468       ; 47         ; 0.000  ; 0.200  ;
;  Required Path         ;        ;       ;             ;            ;        ;        ;
;   Clock                ;        ;       ;             ;            ;        ;        ;
;    IC                  ;        ; 6     ; 0.000       ; 0          ; 0.000  ; 0.000  ;
;    Cell                ;        ; 5     ; 3.136       ; 43         ; 0.296  ; 1.268  ;
;    PLL Compensation    ;        ; 1     ; -4.932      ; 0          ; -4.932 ; -4.932 ;
;    Routing Element     ;        ; 38    ; 4.095       ; 57         ; 0.000  ; 0.788  ;
+------------------------+--------+-------+-------------+------------+--------+--------+
Note: Negative delays are omitted from totals when calculating percentages

+---------------------------------------------------------------------------------------------------------------------------------------------------------------------+
; Data Arrival Path                                                                                                                                                   ;
+-----------+----------+----+------+--------+--------------------------------------------+----------------------------------------------------------------------------+
; Total     ; Incr     ; RF ; Type ; Fanout ; Location                                   ; Element                                                                    ;
+-----------+----------+----+------+--------+--------------------------------------------+----------------------------------------------------------------------------+
; 350.000   ; 350.000  ;    ;      ;        ;                                            ; launch edge time                                                           ;
; 354.532   ; 4.532    ;    ;      ;        ;                                            ; clock path                                                                 ;
;   350.000 ;   0.000  ;    ;      ;        ;                                            ; source latency                                                             ;
;   350.000 ;   0.000  ;    ;      ; 1      ; PIN_Y13                                    ; FPGA_CLK2_50                                                               ;
;   350.000 ;   0.000  ;    ; RE   ; 1      ; IOPAD_X56_Y0_N0                            ; ARRIAV_IO_PAD                                                              ;
;   350.000 ;   0.000  ;    ; RE   ; 1      ; IO_PAD_OUTPUT_X56_Y0_N0_I1                 ; IO_PAD_OUTPUT                                                              ;
;   350.000 ;   0.000  ;    ; RE   ; 1      ; IO_INPUT_BUFFER_INPUT_X56_Y0_N1_I0         ; IO_INPUT_BUFFER_INPUT                                                      ;
;   350.000 ;   0.000  ; RR ; IC   ; 1      ; IOIBUF_X56_Y0_N1                           ; FPGA_CLK2_50~input|i                                                       ;
;   350.761 ;   0.761  ; RR ; CELL ; 2      ; IOIBUF_X56_Y0_N1                           ; FPGA_CLK2_50~input|o                                                       ;
;   350.761 ;   0.000  ;    ; RE   ; 1      ; IOIBUF_X56_Y0_N1                           ; ARRIAV_IO_IBUF                                                             ;
;   350.761 ;   0.000  ;    ; RE   ; 1      ; IO_INPUT_BUFFER_OUTPUT_X56_Y0_N1_I2        ; IO_INPUT_BUFFER_OUTPUT                                                     ;
;   350.761 ;   0.000  ;    ; RE   ; 1      ; IO_RE_X56_Y0_N0_I96                        ; IO_RE                                                                      ;
;   351.260 ;   0.499  ;    ; RE   ; 2      ; IO_RE_X56_Y0_N0_I66                        ; IO_RE                                                                      ;
;   352.096 ;   0.836  ;    ; RE   ; 1      ; FF_PLL_RE_X89_Y0_N0_I3                     ; FF_PLL_RE                                                                  ;
;   352.096 ;   0.000  ;    ; RE   ; 1      ; F_PLL_BLOCK_RE_X89_Y0_N0_I2                ; F_PLL_BLOCK_RE                                                             ;
;   352.096 ;   0.000  ;    ; RE   ; 1      ; PLL_REFCLK_SELECT_INPUT_X89_Y7_N0_I2       ; PLL_REFCLK_SELECT_INPUT                                                    ;
;   352.096 ;   0.000  ; RR ; IC   ; 1      ; PLLREFCLKSELECT_X89_Y7_N0                  ; emu|pll|pll_inst|altera_pll_i|general[0].gpll~PLL_REFCLK_SELECT|clkin[0]   ;
;   352.429 ;   0.333  ; RR ; CELL ; 1      ; PLLREFCLKSELECT_X89_Y7_N0                  ; emu|pll|pll_inst|altera_pll_i|general[0].gpll~PLL_REFCLK_SELECT|clkout     ;
;   352.429 ;   0.000  ;    ; RE   ; 2      ; PLLREFCLKSELECT_X89_Y7_N0                  ; CYCLONEV_PLL_REFCLK_SELECT                                                 ;
;   352.429 ;   0.000  ;    ; RE   ; 1      ; PLL_REFCLK_SELECT_OUTPUT_X89_Y7_N0_I15     ; PLL_REFCLK_SELECT_OUTPUT                                                   ;
;   352.429 ;   0.000  ;    ; RE   ; 1      ; FRACTIONAL_PLL_INPUT_X89_Y1_N0_I7          ; FRACTIONAL_PLL_INPUT                                                       ;
;   352.429 ;   0.000  ; RR ; IC   ; 10     ; FRACTIONALPLL_X89_Y1_N0                    ; emu|pll|pll_inst|altera_pll_i|general[0].gpll~FRACTIONAL_PLL|refclkin      ;
;   348.661 ;   -3.768 ; RR ; COMP ; 3      ; FRACTIONALPLL_X89_Y1_N0                    ; emu|pll|pll_inst|altera_pll_i|general[0].gpll~FRACTIONAL_PLL|vcoph[0]      ;
;   348.661 ;   0.000  ;    ; RE   ; 19     ; FRACTIONALPLL_X89_Y1_N0                    ; CYCLONEV_FRACTIONAL_PLL                                                    ;
;   348.661 ;   0.000  ;    ; RE   ; 1      ; FRACTIONAL_PLL_OUTPUT_X89_Y1_N0_I19        ; FRACTIONAL_PLL_OUTPUT                                                      ;
;   348.661 ;   0.000  ;    ; RE   ; 3      ; F_PLL_BLOCK_RE_X89_Y0_N0_I109              ; F_PLL_BLOCK_RE                                                             ;
;   348.661 ;   0.000  ;    ; RE   ; 1      ; PLL_OUTPUT_COUNTER_INPUT_X89_Y2_N1_I7      ; PLL_OUTPUT_COUNTER_INPUT                                                   ;
;   348.661 ;   0.000  ; RR ; IC   ; 1      ; PLLOUTPUTCOUNTER_X89_Y2_N1                 ; emu|pll|pll_inst|altera_pll_i|general[0].gpll~PLL_OUTPUT_COUNTER|vco0ph[0] ;
;   350.196 ;   1.535  ; RR ; CELL ; 1      ; PLLOUTPUTCOUNTER_X89_Y2_N1                 ; emu|pll|pll_inst|altera_pll_i|general[0].gpll~PLL_OUTPUT_COUNTER|divclk    ;
;   350.196 ;   0.000  ;    ; RE   ; 1      ; PLLOUTPUTCOUNTER_X89_Y2_N1                 ; CYCLONEV_PLL_OUTPUT_COUNTER                                                ;
;   350.196 ;   0.000  ;    ; RE   ; 1      ; PLL_OUTPUT_COUNTER_OUTPUT_X89_Y2_N1_I16    ; PLL_OUTPUT_COUNTER_OUTPUT                                                  ;
;   350.676 ;   0.480  ;    ; RE   ; 1      ; FF_PLL_RE_X89_Y0_N0_I103                   ; FF_PLL_RE                                                                  ;
;   351.215 ;   0.539  ;    ; RE   ; 1      ; CLKBUF_CLUSTER_RE_X89_Y35_N3_I435          ; CLKBUF_CLUSTER_RE                                                          ;
;   351.215 ;   0.000  ;    ; RE   ; 1      ; CLKBUF_CLUSTER_RE_X89_Y35_N3_I693          ; CLKBUF_CLUSTER_RE                                                          ;
;   351.215 ;   0.000  ;    ; RE   ; 1      ; GCLK_CLUSTER_RE_X89_Y35_N12_I10            ; GCLK_CLUSTER_RE                                                            ;
;   351.215 ;   0.000  ;    ; RE   ; 1      ; CLKBUFBLOCK_INPUT_X89_Y35_N13_I0           ; CLKBUFBLOCK_INPUT                                                          ;
;   351.215 ;   0.000  ; RR ; IC   ; 1      ; CLKCTRL_G11                                ; emu|pll|pll_inst|altera_pll_i|outclk_wire[0]~CLKENA0|inclk                 ;
;   351.537 ;   0.322  ; RR ; CELL ; 1342   ; CLKCTRL_G11                                ; emu|pll|pll_inst|altera_pll_i|outclk_wire[0]~CLKENA0|outclk                ;
;   351.537 ;   0.000  ;    ; RE   ; 1      ; CLKCTRL_G11                                ; ARRIAV_CLKBUF                                                              ;
;   351.537 ;   0.000  ;    ; RE   ; 1      ; CLKBUFBLOCK_OUTPUT_X89_Y35_N13_I2          ; CLKBUFBLOCK_OUTPUT                                                         ;
;   351.537 ;   0.000  ;    ; RE   ; 1      ; GCLK_CLUSTER_RE_X89_Y35_N12_I12            ; GCLK_CLUSTER_RE                                                            ;
;   351.537 ;   0.000  ;    ; RE   ; 1      ; CLKBUF_CLUSTER_RE_X89_Y35_N3_I418          ; CLKBUF_CLUSTER_RE                                                          ;
;   352.672 ;   1.135  ;    ; RE   ; 7      ; GLOBAL_CLOCK_X0_Y36_N0_I11                 ; GLOBAL_CLOCK                                                               ;
;   352.820 ;   0.148  ;    ; RE   ; 20     ; SPINE_CLOCK_X15_Y59_N0_I19                 ; SPINE_CLOCK                                                                ;
;   353.207 ;   0.387  ;    ; RE   ; 1      ; SCLK_TO_ROWCLK_BUF_X15_Y75_N0_I115         ; SCLK_TO_ROWCLK_BUF                                                         ;
;   353.291 ;   0.084  ;    ; RE   ; 2      ; SCLK_TO_ROWCLK_BUF_X15_Y75_N0_I118         ; SCLK_TO_ROWCLK_BUF                                                         ;
;   353.724 ;   0.433  ;    ; RE   ; 3      ; LAB_CLK_X0_Y75_N0_I5                       ; LAB_CLK                                                                    ;
;   353.862 ;   0.138  ;    ; RE   ; 1      ; BLK_CLK_BUF_X12_Y75_N0_I5                  ; BLK_CLK_BUF                                                                ;
;   353.909 ;   0.047  ;    ; RE   ; 1      ; ROWCLKSEL_PREBUF_X12_Y75_N0_I5             ; ROWCLKSEL_PREBUF                                                           ;
;   353.959 ;   0.050  ;    ; RE   ; 1      ; ROWCLKSEL_X12_Y75_N0_I0                    ; ROWCLKSEL                                                                  ;
;   353.959 ;   0.000  ;    ; RE   ; 2      ; GLOBAL_LOCAL_SEL_X12_Y75_N0_I0             ; GLOBAL_LOCAL_SEL                                                           ;
;   353.959 ;   0.000  ;    ; RE   ; 15     ; LAB_INPUT_X12_Y75_N0_I1                    ; LAB_INPUT                                                                  ;
;   353.958 ;   -0.001 ; RR ; IC   ; 1      ; FF_X12_Y75_N38                             ; emu|audio_reset_stretch[4]~DUPLICATE|clk                                   ;
;   354.532 ;   0.574  ; RR ; CELL ; 1      ; FF_X12_Y75_N38                             ; emu:emu|audio_reset_stretch[4]~DUPLICATE                                   ;
; 357.672   ; 3.140    ;    ;      ;        ;                                            ; data path                                                                  ;
;   354.532 ;   0.000  ;    ; uTco ; 1      ; FF_X12_Y75_N38                             ; emu:emu|audio_reset_stretch[4]~DUPLICATE                                   ;
;   354.532 ;   0.000  ; RR ; CELL ; 1      ; FF_X12_Y75_N38                             ; emu|audio_reset_stretch[4]~DUPLICATE|q                                     ;
;   354.604 ;   0.072  ;    ; RE   ; 1      ; FF_X12_Y75_N38                             ; ARRIAV_FF                                                                  ;
;   354.752 ;   0.148  ;    ; RE   ; 1      ; LOCAL_LINE_X12_Y75_N0_I12                  ; LOCAL_LINE                                                                 ;
;   354.907 ;   0.155  ;    ; RE   ; 1      ; BLOCK_INPUT_MUX_X12_Y75_N0_I4              ; LEIM_INPUT                                                                 ;
;   354.907 ;   0.000  ; RR ; IC   ; 1      ; LABCELL_X12_Y75_N3                         ; emu|Equal4~0|datad                                                         ;
;   355.406 ;   0.499  ; RF ; CELL ; 6      ; LABCELL_X12_Y75_N3                         ; emu|Equal4~0|combout                                                       ;
;   355.406 ;   0.000  ;    ; RE   ; 2      ; LABCELL_X12_Y75_N3                         ; ARRIAV_LCELL_COMB                                                          ;
;   355.495 ;   0.089  ;    ; RE   ; 2      ; LE_BUFFER_X12_Y75_N0_I3                    ; LE_BUFFER                                                                  ;
;   355.639 ;   0.144  ;    ; RE   ; 1      ; LOCAL_INTERCONNECT_X11_Y75_N0_I1           ; LAB_LINE                                                                   ;
;   355.738 ;   0.099  ;    ; RE   ; 1      ; BLOCK_INPUT_MUX_X11_Y75_N0_I26             ; LEIM_INPUT                                                                 ;
;   355.737 ;   -0.001 ; FF ; IC   ; 1      ; LABCELL_X11_Y75_N21                        ; emu|audio_reset_request|dataa                                              ;
;   356.287 ;   0.550  ; FR ; CELL ; 22     ; LABCELL_X11_Y75_N21                        ; emu|audio_reset_request|combout                                            ;
;   356.287 ;   0.000  ;    ; RE   ; 2      ; LABCELL_X11_Y75_N21                        ; ARRIAV_LCELL_COMB                                                          ;
;   356.380 ;   0.093  ;    ; RE   ; 2      ; LE_BUFFER_X11_Y75_N0_I14                   ; LE_BUFFER                                                                  ;
;   356.546 ;   0.166  ;    ; RE   ; 2      ; R6_X6_Y75_N0_I21                           ; H_SEG6                                                                     ;
;   356.700 ;   0.154  ;    ; RE   ; 3      ; R3_X9_Y75_N0_I14                           ; H_SEG3                                                                     ;
;   356.848 ;   0.148  ;    ; RE   ; 1      ; LOCAL_INTERCONNECT_X11_Y75_N0_I22          ; LAB_LINE                                                                   ;
;   357.048 ;   0.200  ;    ; RE   ; 1      ; BLOCK_INPUT_MUX_PASSTHROUGH_X11_Y75_N0_I83 ; LEIM                                                                       ;
;   357.048 ;   0.000  ;    ; RE   ; 1      ; GLOBAL_LOCAL_SEL_X11_Y75_N0_I2             ; GLOBAL_LOCAL_SEL                                                           ;
;   357.048 ;   0.000  ;    ; RE   ; 6      ; LAB_INPUT_X11_Y75_N0_I3                    ; LAB_INPUT                                                                  ;
;   357.049 ;   0.001  ; RR ; IC   ; 1      ; FF_X11_Y75_N20                             ; emu|audio_flac_eos_sync[1]|clrn                                            ;
;   357.672 ;   0.623  ; RF ; CELL ; 1      ; FF_X11_Y75_N20                             ; emu:emu|audio_flac_eos_sync[1]                                             ;
+-----------+----------+----+------+--------+--------------------------------------------+----------------------------------------------------------------------------+

+------------------------------------------------------------------------------------------------------------------------------------------------------------------+
; Data Required Path                                                                                                                                               ;
+-----------+----------+----+------+--------+-----------------------------------------+----------------------------------------------------------------------------+
; Total     ; Incr     ; RF ; Type ; Fanout ; Location                                ; Element                                                                    ;
+-----------+----------+----+------+--------+-----------------------------------------+----------------------------------------------------------------------------+
; 351.842   ; 351.842  ;    ;      ;        ;                                         ; latch edge time                                                            ;
; 355.494   ; 3.652    ;    ;      ;        ;                                         ; clock path                                                                 ;
;   351.842 ;   0.000  ;    ;      ;        ;                                         ; source latency                                                             ;
;   351.842 ;   0.000  ;    ;      ; 1      ; PIN_Y13                                 ; FPGA_CLK2_50                                                               ;
;   351.842 ;   0.000  ;    ; RE   ; 1      ; IOPAD_X56_Y0_N0                         ; ARRIAV_IO_PAD                                                              ;
;   351.842 ;   0.000  ;    ; RE   ; 1      ; IO_PAD_OUTPUT_X56_Y0_N0_I1              ; IO_PAD_OUTPUT                                                              ;
;   351.842 ;   0.000  ;    ; RE   ; 1      ; IO_INPUT_BUFFER_INPUT_X56_Y0_N1_I0      ; IO_INPUT_BUFFER_INPUT                                                      ;
;   351.842 ;   0.000  ; RR ; IC   ; 1      ; IOIBUF_X56_Y0_N1                        ; FPGA_CLK2_50~input|i                                                       ;
;   352.603 ;   0.761  ; RR ; CELL ; 2      ; IOIBUF_X56_Y0_N1                        ; FPGA_CLK2_50~input|o                                                       ;
;   352.603 ;   0.000  ;    ; RE   ; 1      ; IOIBUF_X56_Y0_N1                        ; ARRIAV_IO_IBUF                                                             ;
;   352.603 ;   0.000  ;    ; RE   ; 1      ; IO_INPUT_BUFFER_OUTPUT_X56_Y0_N1_I2     ; IO_INPUT_BUFFER_OUTPUT                                                     ;
;   352.603 ;   0.000  ;    ; RE   ; 1      ; IO_RE_X56_Y0_N0_I96                     ; IO_RE                                                                      ;
;   352.986 ;   0.383  ;    ; RE   ; 2      ; IO_RE_X56_Y0_N0_I66                     ; IO_RE                                                                      ;
;   353.774 ;   0.788  ;    ; RE   ; 1      ; FF_PLL_RE_X89_Y0_N0_I3                  ; FF_PLL_RE                                                                  ;
;   353.774 ;   0.000  ;    ; RE   ; 1      ; F_PLL_BLOCK_RE_X89_Y0_N0_I2             ; F_PLL_BLOCK_RE                                                             ;
;   353.774 ;   0.000  ;    ; RE   ; 1      ; PLL_REFCLK_SELECT_INPUT_X89_Y7_N0_I2    ; PLL_REFCLK_SELECT_INPUT                                                    ;
;   353.774 ;   0.000  ; RR ; IC   ; 1      ; PLLREFCLKSELECT_X89_Y7_N0               ; emu|pll|pll_inst|altera_pll_i|general[0].gpll~PLL_REFCLK_SELECT|clkin[0]   ;
;   354.082 ;   0.308  ; RR ; CELL ; 1      ; PLLREFCLKSELECT_X89_Y7_N0               ; emu|pll|pll_inst|altera_pll_i|general[0].gpll~PLL_REFCLK_SELECT|clkout     ;
;   354.082 ;   0.000  ;    ; RE   ; 2      ; PLLREFCLKSELECT_X89_Y7_N0               ; CYCLONEV_PLL_REFCLK_SELECT                                                 ;
;   354.082 ;   0.000  ;    ; RE   ; 1      ; PLL_REFCLK_SELECT_OUTPUT_X89_Y7_N0_I15  ; PLL_REFCLK_SELECT_OUTPUT                                                   ;
;   354.082 ;   0.000  ;    ; RE   ; 1      ; FRACTIONAL_PLL_INPUT_X89_Y1_N0_I7       ; FRACTIONAL_PLL_INPUT                                                       ;
;   354.082 ;   0.000  ; RR ; IC   ; 10     ; FRACTIONALPLL_X89_Y1_N0                 ; emu|pll|pll_inst|altera_pll_i|general[0].gpll~FRACTIONAL_PLL|refclkin      ;
;   349.150 ;   -4.932 ; RR ; COMP ; 3      ; FRACTIONALPLL_X89_Y1_N0                 ; emu|pll|pll_inst|altera_pll_i|general[0].gpll~FRACTIONAL_PLL|vcoph[0]      ;
;   349.150 ;   0.000  ;    ; RE   ; 19     ; FRACTIONALPLL_X89_Y1_N0                 ; CYCLONEV_FRACTIONAL_PLL                                                    ;
;   349.150 ;   0.000  ;    ; RE   ; 1      ; FRACTIONAL_PLL_OUTPUT_X89_Y1_N0_I19     ; FRACTIONAL_PLL_OUTPUT                                                      ;
;   349.150 ;   0.000  ;    ; RE   ; 3      ; F_PLL_BLOCK_RE_X89_Y0_N0_I109           ; F_PLL_BLOCK_RE                                                             ;
;   349.150 ;   0.000  ;    ; RE   ; 1      ; PLL_OUTPUT_COUNTER_INPUT_X89_Y0_N1_I7   ; PLL_OUTPUT_COUNTER_INPUT                                                   ;
;   349.150 ;   0.000  ; RR ; IC   ; 1      ; PLLOUTPUTCOUNTER_X89_Y0_N1              ; emu|pll|pll_inst|altera_pll_i|general[2].gpll~PLL_OUTPUT_COUNTER|vco0ph[0] ;
;   350.418 ;   1.268  ; RR ; CELL ; 1      ; PLLOUTPUTCOUNTER_X89_Y0_N1              ; emu|pll|pll_inst|altera_pll_i|general[2].gpll~PLL_OUTPUT_COUNTER|divclk    ;
;   350.418 ;   0.000  ;    ; RE   ; 1      ; PLLOUTPUTCOUNTER_X89_Y0_N1              ; CYCLONEV_PLL_OUTPUT_COUNTER                                                ;
;   350.418 ;   0.000  ;    ; RE   ; 1      ; PLL_OUTPUT_COUNTER_OUTPUT_X89_Y0_N1_I16 ; PLL_OUTPUT_COUNTER_OUTPUT                                                  ;
;   350.855 ;   0.437  ;    ; RE   ; 1      ; FF_PLL_RE_X89_Y0_N0_I101                ; FF_PLL_RE                                                                  ;
;   351.362 ;   0.507  ;    ; RE   ; 1      ; CLKBUF_CLUSTER_RE_X89_Y35_N3_I433       ; CLKBUF_CLUSTER_RE                                                          ;
;   351.362 ;   0.000  ;    ; RE   ; 1      ; CLKBUF_CLUSTER_RE_X89_Y35_N3_I563       ; CLKBUF_CLUSTER_RE                                                          ;
;   351.362 ;   0.000  ;    ; RE   ; 1      ; GCLK_CLUSTER_RE_X89_Y35_N6_I10          ; GCLK_CLUSTER_RE                                                            ;
;   351.362 ;   0.000  ;    ; RE   ; 1      ; CLKBUFBLOCK_INPUT_X89_Y35_N7_I0         ; CLKBUFBLOCK_INPUT                                                          ;
;   351.362 ;   0.000  ; RR ; IC   ; 1      ; CLKCTRL_G9                              ; emu|pll|pll_inst|altera_pll_i|outclk_wire[2]~CLKENA0|inclk                 ;
;   351.658 ;   0.296  ; RR ; CELL ; 32647  ; CLKCTRL_G9                              ; emu|pll|pll_inst|altera_pll_i|outclk_wire[2]~CLKENA0|outclk                ;
;   351.658 ;   0.000  ;    ; RE   ; 1      ; CLKCTRL_G9                              ; ARRIAV_CLKBUF                                                              ;
;   351.658 ;   0.000  ;    ; RE   ; 1      ; CLKBUFBLOCK_OUTPUT_X89_Y35_N7_I2        ; CLKBUFBLOCK_OUTPUT                                                         ;
;   351.658 ;   0.000  ;    ; RE   ; 1      ; GCLK_CLUSTER_RE_X89_Y35_N6_I12          ; GCLK_CLUSTER_RE                                                            ;
;   351.658 ;   0.000  ;    ; RE   ; 1      ; CLKBUF_CLUSTER_RE_X89_Y35_N3_I416       ; CLKBUF_CLUSTER_RE                                                          ;
;   352.407 ;   0.749  ;    ; RE   ; 12     ; GLOBAL_CLOCK_X0_Y36_N0_I9               ; GLOBAL_CLOCK                                                               ;
;   352.562 ;   0.155  ;    ; RE   ; 7      ; SPINE_CLOCK_X15_Y59_N0_I7               ; SPINE_CLOCK                                                                ;
;   352.936 ;   0.374  ;    ; RE   ; 1      ; SCLK_TO_ROWCLK_BUF_X15_Y75_N0_I42       ; SCLK_TO_ROWCLK_BUF                                                         ;
;   353.008 ;   0.072  ;    ; RE   ; 1      ; SCLK_TO_ROWCLK_BUF_X15_Y75_N0_I45       ; SCLK_TO_ROWCLK_BUF                                                         ;
;   353.420 ;   0.412  ;    ; RE   ; 6      ; LAB_CLK_X0_Y75_N0_I2                    ; LAB_CLK                                                                    ;
;   353.547 ;   0.127  ;    ; RE   ; 1      ; BLK_CLK_BUF_X11_Y75_N0_I2               ; BLK_CLK_BUF                                                                ;
;   353.592 ;   0.045  ;    ; RE   ; 1      ; ROWCLKSEL_PREBUF_X11_Y75_N0_I2          ; ROWCLKSEL_PREBUF                                                           ;
;   353.638 ;   0.046  ;    ; RE   ; 1      ; ROWCLKSEL_X11_Y75_N0_I0                 ; ROWCLKSEL                                                                  ;
;   353.638 ;   0.000  ;    ; RE   ; 1      ; GLOBAL_LOCAL_SEL_X11_Y75_N0_I0          ; GLOBAL_LOCAL_SEL                                                           ;
;   353.638 ;   0.000  ;    ; RE   ; 6      ; LAB_INPUT_X11_Y75_N0_I0                 ; LAB_INPUT                                                                  ;
;   353.638 ;   0.000  ; RR ; IC   ; 1      ; FF_X11_Y75_N20                          ; emu|audio_flac_eos_sync[1]|clk                                             ;
;   354.141 ;   0.503  ; RR ; CELL ; 1      ; FF_X11_Y75_N20                          ; emu:emu|audio_flac_eos_sync[1]                                             ;
;   355.494 ;   1.353  ;    ;      ;        ;                                         ; clock pessimism removed                                                    ;
; 355.334   ; -0.160   ;    ;      ;        ;                                         ; clock uncertainty                                                          ;
; 355.334   ; 0.000    ;    ; uTsu ; 1      ; FF_X11_Y75_N20                          ; emu:emu|audio_flac_eos_sync[1]                                             ;
+-----------+----------+----+------+--------+-----------------------------------------+----------------------------------------------------------------------------+

----------------------------
; Extra Fitter Information ;
----------------------------
HTML report is unavailable in plain text report export.


Path #9: Recovery slack is -2.334 (VIOLATED)
===============================================================================
+----------------------------------------------------------------------------------------------+
; Path Summary                                                                                 ;
+--------------------+-------------------------------------------------------------------------+
; Property           ; Value                                                                   ;
+--------------------+-------------------------------------------------------------------------+
; From Node          ; emu:emu|audio_reset_stretch[4]~DUPLICATE                                ;
; To Node            ; emu:emu|reset_audio_src_sync[1]                                         ;
; Launch Clock       ; emu|pll|pll_inst|altera_pll_i|general[0].gpll~PLL_OUTPUT_COUNTER|divclk ;
; Latch Clock        ; emu|pll|pll_inst|altera_pll_i|general[2].gpll~PLL_OUTPUT_COUNTER|divclk ;
; Data Arrival Time  ; 357.672                                                                 ;
; Data Required Time ; 355.338                                                                 ;
; Slack              ; -2.334 (VIOLATED)                                                       ;
+--------------------+-------------------------------------------------------------------------+

+--------------------------------------------------------------------------------------+
; Statistics                                                                           ;
+------------------------+--------+-------+-------------+------------+--------+--------+
; Property               ; Value  ; Count ; Total Delay ; % of Total ; Min    ; Max    ;
+------------------------+--------+-------+-------------+------------+--------+--------+
; Recovery Relationship  ; 1.842  ;       ;             ;            ;        ;        ;
; Clock Skew             ; -0.876 ;       ;             ;            ;        ;        ;
; Data Delay             ; 3.140  ;       ;             ;            ;        ;        ;
; Number of Logic Levels ;        ; 2     ;             ;            ;        ;        ;
; Physical Delays        ;        ;       ;             ;            ;        ;        ;
;  Arrival Path          ;        ;       ;             ;            ;        ;        ;
;   Clock                ;        ;       ;             ;            ;        ;        ;
;    IC                  ;        ; 6     ; -0.001      ; 0          ; -0.001 ; 0.000  ;
;    Cell                ;        ; 5     ; 3.525       ; 42         ; 0.322  ; 1.535  ;
;    PLL Compensation    ;        ; 1     ; -3.768      ; 0          ; -3.768 ; -3.768 ;
;    Routing Element     ;        ; 38    ; 4.776       ; 58         ; 0.000  ; 1.135  ;
;   Data                 ;        ;       ;             ;            ;        ;        ;
;    IC                  ;        ; 3     ; 0.000       ; 0          ; -0.001 ; 0.001  ;
;    Cell                ;        ; 4     ; 1.672       ; 53         ; 0.000  ; 0.623  ;
;    uTco                ;        ; 1     ; 0.000       ; 0          ; 0.000  ; 0.000  ;
;    Routing Element     ;        ; 15    ; 1.468       ; 47         ; 0.000  ; 0.200  ;
;  Required Path         ;        ;       ;             ;            ;        ;        ;
;   Clock                ;        ;       ;             ;            ;        ;        ;
;    IC                  ;        ; 6     ; 0.000       ; 0          ; 0.000  ; 0.000  ;
;    Cell                ;        ; 5     ; 3.140       ; 43         ; 0.296  ; 1.268  ;
;    PLL Compensation    ;        ; 1     ; -4.932      ; 0          ; -4.932 ; -4.932 ;
;    Routing Element     ;        ; 38    ; 4.095       ; 57         ; 0.000  ; 0.788  ;
+------------------------+--------+-------+-------------+------------+--------+--------+
Note: Negative delays are omitted from totals when calculating percentages

+---------------------------------------------------------------------------------------------------------------------------------------------------------------------+
; Data Arrival Path                                                                                                                                                   ;
+-----------+----------+----+------+--------+--------------------------------------------+----------------------------------------------------------------------------+
; Total     ; Incr     ; RF ; Type ; Fanout ; Location                                   ; Element                                                                    ;
+-----------+----------+----+------+--------+--------------------------------------------+----------------------------------------------------------------------------+
; 350.000   ; 350.000  ;    ;      ;        ;                                            ; launch edge time                                                           ;
; 354.532   ; 4.532    ;    ;      ;        ;                                            ; clock path                                                                 ;
;   350.000 ;   0.000  ;    ;      ;        ;                                            ; source latency                                                             ;
;   350.000 ;   0.000  ;    ;      ; 1      ; PIN_Y13                                    ; FPGA_CLK2_50                                                               ;
;   350.000 ;   0.000  ;    ; RE   ; 1      ; IOPAD_X56_Y0_N0                            ; ARRIAV_IO_PAD                                                              ;
;   350.000 ;   0.000  ;    ; RE   ; 1      ; IO_PAD_OUTPUT_X56_Y0_N0_I1                 ; IO_PAD_OUTPUT                                                              ;
;   350.000 ;   0.000  ;    ; RE   ; 1      ; IO_INPUT_BUFFER_INPUT_X56_Y0_N1_I0         ; IO_INPUT_BUFFER_INPUT                                                      ;
;   350.000 ;   0.000  ; RR ; IC   ; 1      ; IOIBUF_X56_Y0_N1                           ; FPGA_CLK2_50~input|i                                                       ;
;   350.761 ;   0.761  ; RR ; CELL ; 2      ; IOIBUF_X56_Y0_N1                           ; FPGA_CLK2_50~input|o                                                       ;
;   350.761 ;   0.000  ;    ; RE   ; 1      ; IOIBUF_X56_Y0_N1                           ; ARRIAV_IO_IBUF                                                             ;
;   350.761 ;   0.000  ;    ; RE   ; 1      ; IO_INPUT_BUFFER_OUTPUT_X56_Y0_N1_I2        ; IO_INPUT_BUFFER_OUTPUT                                                     ;
;   350.761 ;   0.000  ;    ; RE   ; 1      ; IO_RE_X56_Y0_N0_I96                        ; IO_RE                                                                      ;
;   351.260 ;   0.499  ;    ; RE   ; 2      ; IO_RE_X56_Y0_N0_I66                        ; IO_RE                                                                      ;
;   352.096 ;   0.836  ;    ; RE   ; 1      ; FF_PLL_RE_X89_Y0_N0_I3                     ; FF_PLL_RE                                                                  ;
;   352.096 ;   0.000  ;    ; RE   ; 1      ; F_PLL_BLOCK_RE_X89_Y0_N0_I2                ; F_PLL_BLOCK_RE                                                             ;
;   352.096 ;   0.000  ;    ; RE   ; 1      ; PLL_REFCLK_SELECT_INPUT_X89_Y7_N0_I2       ; PLL_REFCLK_SELECT_INPUT                                                    ;
;   352.096 ;   0.000  ; RR ; IC   ; 1      ; PLLREFCLKSELECT_X89_Y7_N0                  ; emu|pll|pll_inst|altera_pll_i|general[0].gpll~PLL_REFCLK_SELECT|clkin[0]   ;
;   352.429 ;   0.333  ; RR ; CELL ; 1      ; PLLREFCLKSELECT_X89_Y7_N0                  ; emu|pll|pll_inst|altera_pll_i|general[0].gpll~PLL_REFCLK_SELECT|clkout     ;
;   352.429 ;   0.000  ;    ; RE   ; 2      ; PLLREFCLKSELECT_X89_Y7_N0                  ; CYCLONEV_PLL_REFCLK_SELECT                                                 ;
;   352.429 ;   0.000  ;    ; RE   ; 1      ; PLL_REFCLK_SELECT_OUTPUT_X89_Y7_N0_I15     ; PLL_REFCLK_SELECT_OUTPUT                                                   ;
;   352.429 ;   0.000  ;    ; RE   ; 1      ; FRACTIONAL_PLL_INPUT_X89_Y1_N0_I7          ; FRACTIONAL_PLL_INPUT                                                       ;
;   352.429 ;   0.000  ; RR ; IC   ; 10     ; FRACTIONALPLL_X89_Y1_N0                    ; emu|pll|pll_inst|altera_pll_i|general[0].gpll~FRACTIONAL_PLL|refclkin      ;
;   348.661 ;   -3.768 ; RR ; COMP ; 3      ; FRACTIONALPLL_X89_Y1_N0                    ; emu|pll|pll_inst|altera_pll_i|general[0].gpll~FRACTIONAL_PLL|vcoph[0]      ;
;   348.661 ;   0.000  ;    ; RE   ; 19     ; FRACTIONALPLL_X89_Y1_N0                    ; CYCLONEV_FRACTIONAL_PLL                                                    ;
;   348.661 ;   0.000  ;    ; RE   ; 1      ; FRACTIONAL_PLL_OUTPUT_X89_Y1_N0_I19        ; FRACTIONAL_PLL_OUTPUT                                                      ;
;   348.661 ;   0.000  ;    ; RE   ; 3      ; F_PLL_BLOCK_RE_X89_Y0_N0_I109              ; F_PLL_BLOCK_RE                                                             ;
;   348.661 ;   0.000  ;    ; RE   ; 1      ; PLL_OUTPUT_COUNTER_INPUT_X89_Y2_N1_I7      ; PLL_OUTPUT_COUNTER_INPUT                                                   ;
;   348.661 ;   0.000  ; RR ; IC   ; 1      ; PLLOUTPUTCOUNTER_X89_Y2_N1                 ; emu|pll|pll_inst|altera_pll_i|general[0].gpll~PLL_OUTPUT_COUNTER|vco0ph[0] ;
;   350.196 ;   1.535  ; RR ; CELL ; 1      ; PLLOUTPUTCOUNTER_X89_Y2_N1                 ; emu|pll|pll_inst|altera_pll_i|general[0].gpll~PLL_OUTPUT_COUNTER|divclk    ;
;   350.196 ;   0.000  ;    ; RE   ; 1      ; PLLOUTPUTCOUNTER_X89_Y2_N1                 ; CYCLONEV_PLL_OUTPUT_COUNTER                                                ;
;   350.196 ;   0.000  ;    ; RE   ; 1      ; PLL_OUTPUT_COUNTER_OUTPUT_X89_Y2_N1_I16    ; PLL_OUTPUT_COUNTER_OUTPUT                                                  ;
;   350.676 ;   0.480  ;    ; RE   ; 1      ; FF_PLL_RE_X89_Y0_N0_I103                   ; FF_PLL_RE                                                                  ;
;   351.215 ;   0.539  ;    ; RE   ; 1      ; CLKBUF_CLUSTER_RE_X89_Y35_N3_I435          ; CLKBUF_CLUSTER_RE                                                          ;
;   351.215 ;   0.000  ;    ; RE   ; 1      ; CLKBUF_CLUSTER_RE_X89_Y35_N3_I693          ; CLKBUF_CLUSTER_RE                                                          ;
;   351.215 ;   0.000  ;    ; RE   ; 1      ; GCLK_CLUSTER_RE_X89_Y35_N12_I10            ; GCLK_CLUSTER_RE                                                            ;
;   351.215 ;   0.000  ;    ; RE   ; 1      ; CLKBUFBLOCK_INPUT_X89_Y35_N13_I0           ; CLKBUFBLOCK_INPUT                                                          ;
;   351.215 ;   0.000  ; RR ; IC   ; 1      ; CLKCTRL_G11                                ; emu|pll|pll_inst|altera_pll_i|outclk_wire[0]~CLKENA0|inclk                 ;
;   351.537 ;   0.322  ; RR ; CELL ; 1342   ; CLKCTRL_G11                                ; emu|pll|pll_inst|altera_pll_i|outclk_wire[0]~CLKENA0|outclk                ;
;   351.537 ;   0.000  ;    ; RE   ; 1      ; CLKCTRL_G11                                ; ARRIAV_CLKBUF                                                              ;
;   351.537 ;   0.000  ;    ; RE   ; 1      ; CLKBUFBLOCK_OUTPUT_X89_Y35_N13_I2          ; CLKBUFBLOCK_OUTPUT                                                         ;
;   351.537 ;   0.000  ;    ; RE   ; 1      ; GCLK_CLUSTER_RE_X89_Y35_N12_I12            ; GCLK_CLUSTER_RE                                                            ;
;   351.537 ;   0.000  ;    ; RE   ; 1      ; CLKBUF_CLUSTER_RE_X89_Y35_N3_I418          ; CLKBUF_CLUSTER_RE                                                          ;
;   352.672 ;   1.135  ;    ; RE   ; 7      ; GLOBAL_CLOCK_X0_Y36_N0_I11                 ; GLOBAL_CLOCK                                                               ;
;   352.820 ;   0.148  ;    ; RE   ; 20     ; SPINE_CLOCK_X15_Y59_N0_I19                 ; SPINE_CLOCK                                                                ;
;   353.207 ;   0.387  ;    ; RE   ; 1      ; SCLK_TO_ROWCLK_BUF_X15_Y75_N0_I115         ; SCLK_TO_ROWCLK_BUF                                                         ;
;   353.291 ;   0.084  ;    ; RE   ; 2      ; SCLK_TO_ROWCLK_BUF_X15_Y75_N0_I118         ; SCLK_TO_ROWCLK_BUF                                                         ;
;   353.724 ;   0.433  ;    ; RE   ; 3      ; LAB_CLK_X0_Y75_N0_I5                       ; LAB_CLK                                                                    ;
;   353.862 ;   0.138  ;    ; RE   ; 1      ; BLK_CLK_BUF_X12_Y75_N0_I5                  ; BLK_CLK_BUF                                                                ;
;   353.909 ;   0.047  ;    ; RE   ; 1      ; ROWCLKSEL_PREBUF_X12_Y75_N0_I5             ; ROWCLKSEL_PREBUF                                                           ;
;   353.959 ;   0.050  ;    ; RE   ; 1      ; ROWCLKSEL_X12_Y75_N0_I0                    ; ROWCLKSEL                                                                  ;
;   353.959 ;   0.000  ;    ; RE   ; 2      ; GLOBAL_LOCAL_SEL_X12_Y75_N0_I0             ; GLOBAL_LOCAL_SEL                                                           ;
;   353.959 ;   0.000  ;    ; RE   ; 15     ; LAB_INPUT_X12_Y75_N0_I1                    ; LAB_INPUT                                                                  ;
;   353.958 ;   -0.001 ; RR ; IC   ; 1      ; FF_X12_Y75_N38                             ; emu|audio_reset_stretch[4]~DUPLICATE|clk                                   ;
;   354.532 ;   0.574  ; RR ; CELL ; 1      ; FF_X12_Y75_N38                             ; emu:emu|audio_reset_stretch[4]~DUPLICATE                                   ;
; 357.672   ; 3.140    ;    ;      ;        ;                                            ; data path                                                                  ;
;   354.532 ;   0.000  ;    ; uTco ; 1      ; FF_X12_Y75_N38                             ; emu:emu|audio_reset_stretch[4]~DUPLICATE                                   ;
;   354.532 ;   0.000  ; RR ; CELL ; 1      ; FF_X12_Y75_N38                             ; emu|audio_reset_stretch[4]~DUPLICATE|q                                     ;
;   354.604 ;   0.072  ;    ; RE   ; 1      ; FF_X12_Y75_N38                             ; ARRIAV_FF                                                                  ;
;   354.752 ;   0.148  ;    ; RE   ; 1      ; LOCAL_LINE_X12_Y75_N0_I12                  ; LOCAL_LINE                                                                 ;
;   354.907 ;   0.155  ;    ; RE   ; 1      ; BLOCK_INPUT_MUX_X12_Y75_N0_I4              ; LEIM_INPUT                                                                 ;
;   354.907 ;   0.000  ; RR ; IC   ; 1      ; LABCELL_X12_Y75_N3                         ; emu|Equal4~0|datad                                                         ;
;   355.406 ;   0.499  ; RF ; CELL ; 6      ; LABCELL_X12_Y75_N3                         ; emu|Equal4~0|combout                                                       ;
;   355.406 ;   0.000  ;    ; RE   ; 2      ; LABCELL_X12_Y75_N3                         ; ARRIAV_LCELL_COMB                                                          ;
;   355.495 ;   0.089  ;    ; RE   ; 2      ; LE_BUFFER_X12_Y75_N0_I3                    ; LE_BUFFER                                                                  ;
;   355.639 ;   0.144  ;    ; RE   ; 1      ; LOCAL_INTERCONNECT_X11_Y75_N0_I1           ; LAB_LINE                                                                   ;
;   355.738 ;   0.099  ;    ; RE   ; 1      ; BLOCK_INPUT_MUX_X11_Y75_N0_I26             ; LEIM_INPUT                                                                 ;
;   355.737 ;   -0.001 ; FF ; IC   ; 1      ; LABCELL_X11_Y75_N21                        ; emu|audio_reset_request|dataa                                              ;
;   356.287 ;   0.550  ; FR ; CELL ; 22     ; LABCELL_X11_Y75_N21                        ; emu|audio_reset_request|combout                                            ;
;   356.287 ;   0.000  ;    ; RE   ; 2      ; LABCELL_X11_Y75_N21                        ; ARRIAV_LCELL_COMB                                                          ;
;   356.380 ;   0.093  ;    ; RE   ; 2      ; LE_BUFFER_X11_Y75_N0_I14                   ; LE_BUFFER                                                                  ;
;   356.546 ;   0.166  ;    ; RE   ; 2      ; R6_X6_Y75_N0_I21                           ; H_SEG6                                                                     ;
;   356.700 ;   0.154  ;    ; RE   ; 3      ; R3_X9_Y75_N0_I14                           ; H_SEG3                                                                     ;
;   356.848 ;   0.148  ;    ; RE   ; 1      ; LOCAL_INTERCONNECT_X11_Y75_N0_I22          ; LAB_LINE                                                                   ;
;   357.048 ;   0.200  ;    ; RE   ; 1      ; BLOCK_INPUT_MUX_PASSTHROUGH_X11_Y75_N0_I83 ; LEIM                                                                       ;
;   357.048 ;   0.000  ;    ; RE   ; 1      ; GLOBAL_LOCAL_SEL_X11_Y75_N0_I2             ; GLOBAL_LOCAL_SEL                                                           ;
;   357.048 ;   0.000  ;    ; RE   ; 6      ; LAB_INPUT_X11_Y75_N0_I3                    ; LAB_INPUT                                                                  ;
;   357.049 ;   0.001  ; RR ; IC   ; 1      ; FF_X11_Y75_N49                             ; emu|reset_audio_src_sync[1]|clrn                                           ;
;   357.672 ;   0.623  ; RF ; CELL ; 1      ; FF_X11_Y75_N49                             ; emu:emu|reset_audio_src_sync[1]                                            ;
+-----------+----------+----+------+--------+--------------------------------------------+----------------------------------------------------------------------------+

+------------------------------------------------------------------------------------------------------------------------------------------------------------------+
; Data Required Path                                                                                                                                               ;
+-----------+----------+----+------+--------+-----------------------------------------+----------------------------------------------------------------------------+
; Total     ; Incr     ; RF ; Type ; Fanout ; Location                                ; Element                                                                    ;
+-----------+----------+----+------+--------+-----------------------------------------+----------------------------------------------------------------------------+
; 351.842   ; 351.842  ;    ;      ;        ;                                         ; latch edge time                                                            ;
; 355.498   ; 3.656    ;    ;      ;        ;                                         ; clock path                                                                 ;
;   351.842 ;   0.000  ;    ;      ;        ;                                         ; source latency                                                             ;
;   351.842 ;   0.000  ;    ;      ; 1      ; PIN_Y13                                 ; FPGA_CLK2_50                                                               ;
;   351.842 ;   0.000  ;    ; RE   ; 1      ; IOPAD_X56_Y0_N0                         ; ARRIAV_IO_PAD                                                              ;
;   351.842 ;   0.000  ;    ; RE   ; 1      ; IO_PAD_OUTPUT_X56_Y0_N0_I1              ; IO_PAD_OUTPUT                                                              ;
;   351.842 ;   0.000  ;    ; RE   ; 1      ; IO_INPUT_BUFFER_INPUT_X56_Y0_N1_I0      ; IO_INPUT_BUFFER_INPUT                                                      ;
;   351.842 ;   0.000  ; RR ; IC   ; 1      ; IOIBUF_X56_Y0_N1                        ; FPGA_CLK2_50~input|i                                                       ;
;   352.603 ;   0.761  ; RR ; CELL ; 2      ; IOIBUF_X56_Y0_N1                        ; FPGA_CLK2_50~input|o                                                       ;
;   352.603 ;   0.000  ;    ; RE   ; 1      ; IOIBUF_X56_Y0_N1                        ; ARRIAV_IO_IBUF                                                             ;
;   352.603 ;   0.000  ;    ; RE   ; 1      ; IO_INPUT_BUFFER_OUTPUT_X56_Y0_N1_I2     ; IO_INPUT_BUFFER_OUTPUT                                                     ;
;   352.603 ;   0.000  ;    ; RE   ; 1      ; IO_RE_X56_Y0_N0_I96                     ; IO_RE                                                                      ;
;   352.986 ;   0.383  ;    ; RE   ; 2      ; IO_RE_X56_Y0_N0_I66                     ; IO_RE                                                                      ;
;   353.774 ;   0.788  ;    ; RE   ; 1      ; FF_PLL_RE_X89_Y0_N0_I3                  ; FF_PLL_RE                                                                  ;
;   353.774 ;   0.000  ;    ; RE   ; 1      ; F_PLL_BLOCK_RE_X89_Y0_N0_I2             ; F_PLL_BLOCK_RE                                                             ;
;   353.774 ;   0.000  ;    ; RE   ; 1      ; PLL_REFCLK_SELECT_INPUT_X89_Y7_N0_I2    ; PLL_REFCLK_SELECT_INPUT                                                    ;
;   353.774 ;   0.000  ; RR ; IC   ; 1      ; PLLREFCLKSELECT_X89_Y7_N0               ; emu|pll|pll_inst|altera_pll_i|general[0].gpll~PLL_REFCLK_SELECT|clkin[0]   ;
;   354.082 ;   0.308  ; RR ; CELL ; 1      ; PLLREFCLKSELECT_X89_Y7_N0               ; emu|pll|pll_inst|altera_pll_i|general[0].gpll~PLL_REFCLK_SELECT|clkout     ;
;   354.082 ;   0.000  ;    ; RE   ; 2      ; PLLREFCLKSELECT_X89_Y7_N0               ; CYCLONEV_PLL_REFCLK_SELECT                                                 ;
;   354.082 ;   0.000  ;    ; RE   ; 1      ; PLL_REFCLK_SELECT_OUTPUT_X89_Y7_N0_I15  ; PLL_REFCLK_SELECT_OUTPUT                                                   ;
;   354.082 ;   0.000  ;    ; RE   ; 1      ; FRACTIONAL_PLL_INPUT_X89_Y1_N0_I7       ; FRACTIONAL_PLL_INPUT                                                       ;
;   354.082 ;   0.000  ; RR ; IC   ; 10     ; FRACTIONALPLL_X89_Y1_N0                 ; emu|pll|pll_inst|altera_pll_i|general[0].gpll~FRACTIONAL_PLL|refclkin      ;
;   349.150 ;   -4.932 ; RR ; COMP ; 3      ; FRACTIONALPLL_X89_Y1_N0                 ; emu|pll|pll_inst|altera_pll_i|general[0].gpll~FRACTIONAL_PLL|vcoph[0]      ;
;   349.150 ;   0.000  ;    ; RE   ; 19     ; FRACTIONALPLL_X89_Y1_N0                 ; CYCLONEV_FRACTIONAL_PLL                                                    ;
;   349.150 ;   0.000  ;    ; RE   ; 1      ; FRACTIONAL_PLL_OUTPUT_X89_Y1_N0_I19     ; FRACTIONAL_PLL_OUTPUT                                                      ;
;   349.150 ;   0.000  ;    ; RE   ; 3      ; F_PLL_BLOCK_RE_X89_Y0_N0_I109           ; F_PLL_BLOCK_RE                                                             ;
;   349.150 ;   0.000  ;    ; RE   ; 1      ; PLL_OUTPUT_COUNTER_INPUT_X89_Y0_N1_I7   ; PLL_OUTPUT_COUNTER_INPUT                                                   ;
;   349.150 ;   0.000  ; RR ; IC   ; 1      ; PLLOUTPUTCOUNTER_X89_Y0_N1              ; emu|pll|pll_inst|altera_pll_i|general[2].gpll~PLL_OUTPUT_COUNTER|vco0ph[0] ;
;   350.418 ;   1.268  ; RR ; CELL ; 1      ; PLLOUTPUTCOUNTER_X89_Y0_N1              ; emu|pll|pll_inst|altera_pll_i|general[2].gpll~PLL_OUTPUT_COUNTER|divclk    ;
;   350.418 ;   0.000  ;    ; RE   ; 1      ; PLLOUTPUTCOUNTER_X89_Y0_N1              ; CYCLONEV_PLL_OUTPUT_COUNTER                                                ;
;   350.418 ;   0.000  ;    ; RE   ; 1      ; PLL_OUTPUT_COUNTER_OUTPUT_X89_Y0_N1_I16 ; PLL_OUTPUT_COUNTER_OUTPUT                                                  ;
;   350.855 ;   0.437  ;    ; RE   ; 1      ; FF_PLL_RE_X89_Y0_N0_I101                ; FF_PLL_RE                                                                  ;
;   351.362 ;   0.507  ;    ; RE   ; 1      ; CLKBUF_CLUSTER_RE_X89_Y35_N3_I433       ; CLKBUF_CLUSTER_RE                                                          ;
;   351.362 ;   0.000  ;    ; RE   ; 1      ; CLKBUF_CLUSTER_RE_X89_Y35_N3_I563       ; CLKBUF_CLUSTER_RE                                                          ;
;   351.362 ;   0.000  ;    ; RE   ; 1      ; GCLK_CLUSTER_RE_X89_Y35_N6_I10          ; GCLK_CLUSTER_RE                                                            ;
;   351.362 ;   0.000  ;    ; RE   ; 1      ; CLKBUFBLOCK_INPUT_X89_Y35_N7_I0         ; CLKBUFBLOCK_INPUT                                                          ;
;   351.362 ;   0.000  ; RR ; IC   ; 1      ; CLKCTRL_G9                              ; emu|pll|pll_inst|altera_pll_i|outclk_wire[2]~CLKENA0|inclk                 ;
;   351.658 ;   0.296  ; RR ; CELL ; 32647  ; CLKCTRL_G9                              ; emu|pll|pll_inst|altera_pll_i|outclk_wire[2]~CLKENA0|outclk                ;
;   351.658 ;   0.000  ;    ; RE   ; 1      ; CLKCTRL_G9                              ; ARRIAV_CLKBUF                                                              ;
;   351.658 ;   0.000  ;    ; RE   ; 1      ; CLKBUFBLOCK_OUTPUT_X89_Y35_N7_I2        ; CLKBUFBLOCK_OUTPUT                                                         ;
;   351.658 ;   0.000  ;    ; RE   ; 1      ; GCLK_CLUSTER_RE_X89_Y35_N6_I12          ; GCLK_CLUSTER_RE                                                            ;
;   351.658 ;   0.000  ;    ; RE   ; 1      ; CLKBUF_CLUSTER_RE_X89_Y35_N3_I416       ; CLKBUF_CLUSTER_RE                                                          ;
;   352.407 ;   0.749  ;    ; RE   ; 12     ; GLOBAL_CLOCK_X0_Y36_N0_I9               ; GLOBAL_CLOCK                                                               ;
;   352.562 ;   0.155  ;    ; RE   ; 7      ; SPINE_CLOCK_X15_Y59_N0_I7               ; SPINE_CLOCK                                                                ;
;   352.936 ;   0.374  ;    ; RE   ; 1      ; SCLK_TO_ROWCLK_BUF_X15_Y75_N0_I42       ; SCLK_TO_ROWCLK_BUF                                                         ;
;   353.008 ;   0.072  ;    ; RE   ; 1      ; SCLK_TO_ROWCLK_BUF_X15_Y75_N0_I45       ; SCLK_TO_ROWCLK_BUF                                                         ;
;   353.420 ;   0.412  ;    ; RE   ; 6      ; LAB_CLK_X0_Y75_N0_I2                    ; LAB_CLK                                                                    ;
;   353.547 ;   0.127  ;    ; RE   ; 1      ; BLK_CLK_BUF_X11_Y75_N0_I2               ; BLK_CLK_BUF                                                                ;
;   353.592 ;   0.045  ;    ; RE   ; 1      ; ROWCLKSEL_PREBUF_X11_Y75_N0_I2          ; ROWCLKSEL_PREBUF                                                           ;
;   353.638 ;   0.046  ;    ; RE   ; 1      ; ROWCLKSEL_X11_Y75_N0_I0                 ; ROWCLKSEL                                                                  ;
;   353.638 ;   0.000  ;    ; RE   ; 1      ; GLOBAL_LOCAL_SEL_X11_Y75_N0_I0          ; GLOBAL_LOCAL_SEL                                                           ;
;   353.638 ;   0.000  ;    ; RE   ; 6      ; LAB_INPUT_X11_Y75_N0_I0                 ; LAB_INPUT                                                                  ;
;   353.638 ;   0.000  ; RR ; IC   ; 1      ; FF_X11_Y75_N49                          ; emu|reset_audio_src_sync[1]|clk                                            ;
;   354.145 ;   0.507  ; RR ; CELL ; 1      ; FF_X11_Y75_N49                          ; emu:emu|reset_audio_src_sync[1]                                            ;
;   355.498 ;   1.353  ;    ;      ;        ;                                         ; clock pessimism removed                                                    ;
; 355.338   ; -0.160   ;    ;      ;        ;                                         ; clock uncertainty                                                          ;
; 355.338   ; 0.000    ;    ; uTsu ; 1      ; FF_X11_Y75_N49                          ; emu:emu|reset_audio_src_sync[1]                                            ;
+-----------+----------+----+------+--------+-----------------------------------------+----------------------------------------------------------------------------+

----------------------------
; Extra Fitter Information ;
----------------------------
HTML report is unavailable in plain text report export.


Path #10: Recovery slack is -2.333 (VIOLATED)
===============================================================================
+----------------------------------------------------------------------------------------------+
; Path Summary                                                                                 ;
+--------------------+-------------------------------------------------------------------------+
; Property           ; Value                                                                   ;
+--------------------+-------------------------------------------------------------------------+
; From Node          ; emu:emu|audio_reset_stretch[0]                                          ;
; To Node            ; emu:emu|audio_mode_src[0]                                               ;
; Launch Clock       ; emu|pll|pll_inst|altera_pll_i|general[0].gpll~PLL_OUTPUT_COUNTER|divclk ;
; Latch Clock        ; emu|pll|pll_inst|altera_pll_i|general[2].gpll~PLL_OUTPUT_COUNTER|divclk ;
; Data Arrival Time  ; 357.690                                                                 ;
; Data Required Time ; 355.357                                                                 ;
; Slack              ; -2.333 (VIOLATED)                                                       ;
+--------------------+-------------------------------------------------------------------------+

+--------------------------------------------------------------------------------------+
; Statistics                                                                           ;
+------------------------+--------+-------+-------------+------------+--------+--------+
; Property               ; Value  ; Count ; Total Delay ; % of Total ; Min    ; Max    ;
+------------------------+--------+-------+-------------+------------+--------+--------+
; Recovery Relationship  ; 1.842  ;       ;             ;            ;        ;        ;
; Clock Skew             ; -0.862 ;       ;             ;            ;        ;        ;
; Data Delay             ; 3.153  ;       ;             ;            ;        ;        ;
; Number of Logic Levels ;        ; 2     ;             ;            ;        ;        ;
; Physical Delays        ;        ;       ;             ;            ;        ;        ;
;  Arrival Path          ;        ;       ;             ;            ;        ;        ;
;   Clock                ;        ;       ;             ;            ;        ;        ;
;    IC                  ;        ; 6     ; -0.001      ; 0          ; -0.001 ; 0.000  ;
;    Cell                ;        ; 5     ; 3.530       ; 42         ; 0.322  ; 1.535  ;
;    PLL Compensation    ;        ; 1     ; -3.768      ; 0          ; -3.768 ; -3.768 ;
;    Routing Element     ;        ; 38    ; 4.776       ; 58         ; 0.000  ; 1.135  ;
;   Data                 ;        ;       ;             ;            ;        ;        ;
;    IC                  ;        ; 3     ; 0.000       ; 0          ; -0.001 ; 0.001  ;
;    Cell                ;        ; 4     ; 1.748       ; 55         ; 0.000  ; 0.606  ;
;    uTco                ;        ; 1     ; 0.000       ; 0          ; 0.000  ; 0.000  ;
;    Routing Element     ;        ; 15    ; 1.405       ; 45         ; 0.000  ; 0.212  ;
;  Required Path         ;        ;       ;             ;            ;        ;        ;
;   Clock                ;        ;       ;             ;            ;        ;        ;
;    IC                  ;        ; 6     ; 0.000       ; 0          ; 0.000  ; 0.000  ;
;    Cell                ;        ; 5     ; 3.144       ; 43         ; 0.296  ; 1.268  ;
;    PLL Compensation    ;        ; 1     ; -4.932      ; 0          ; -4.932 ; -4.932 ;
;    Routing Element     ;        ; 38    ; 4.110       ; 57         ; 0.000  ; 0.788  ;
+------------------------+--------+-------+-------------+------------+--------+--------+
Note: Negative delays are omitted from totals when calculating percentages

+---------------------------------------------------------------------------------------------------------------------------------------------------------------------+
; Data Arrival Path                                                                                                                                                   ;
+-----------+----------+----+------+--------+--------------------------------------------+----------------------------------------------------------------------------+
; Total     ; Incr     ; RF ; Type ; Fanout ; Location                                   ; Element                                                                    ;
+-----------+----------+----+------+--------+--------------------------------------------+----------------------------------------------------------------------------+
; 350.000   ; 350.000  ;    ;      ;        ;                                            ; launch edge time                                                           ;
; 354.537   ; 4.537    ;    ;      ;        ;                                            ; clock path                                                                 ;
;   350.000 ;   0.000  ;    ;      ;        ;                                            ; source latency                                                             ;
;   350.000 ;   0.000  ;    ;      ; 1      ; PIN_Y13                                    ; FPGA_CLK2_50                                                               ;
;   350.000 ;   0.000  ;    ; RE   ; 1      ; IOPAD_X56_Y0_N0                            ; ARRIAV_IO_PAD                                                              ;
;   350.000 ;   0.000  ;    ; RE   ; 1      ; IO_PAD_OUTPUT_X56_Y0_N0_I1                 ; IO_PAD_OUTPUT                                                              ;
;   350.000 ;   0.000  ;    ; RE   ; 1      ; IO_INPUT_BUFFER_INPUT_X56_Y0_N1_I0         ; IO_INPUT_BUFFER_INPUT                                                      ;
;   350.000 ;   0.000  ; RR ; IC   ; 1      ; IOIBUF_X56_Y0_N1                           ; FPGA_CLK2_50~input|i                                                       ;
;   350.761 ;   0.761  ; RR ; CELL ; 2      ; IOIBUF_X56_Y0_N1                           ; FPGA_CLK2_50~input|o                                                       ;
;   350.761 ;   0.000  ;    ; RE   ; 1      ; IOIBUF_X56_Y0_N1                           ; ARRIAV_IO_IBUF                                                             ;
;   350.761 ;   0.000  ;    ; RE   ; 1      ; IO_INPUT_BUFFER_OUTPUT_X56_Y0_N1_I2        ; IO_INPUT_BUFFER_OUTPUT                                                     ;
;   350.761 ;   0.000  ;    ; RE   ; 1      ; IO_RE_X56_Y0_N0_I96                        ; IO_RE                                                                      ;
;   351.260 ;   0.499  ;    ; RE   ; 2      ; IO_RE_X56_Y0_N0_I66                        ; IO_RE                                                                      ;
;   352.096 ;   0.836  ;    ; RE   ; 1      ; FF_PLL_RE_X89_Y0_N0_I3                     ; FF_PLL_RE                                                                  ;
;   352.096 ;   0.000  ;    ; RE   ; 1      ; F_PLL_BLOCK_RE_X89_Y0_N0_I2                ; F_PLL_BLOCK_RE                                                             ;
;   352.096 ;   0.000  ;    ; RE   ; 1      ; PLL_REFCLK_SELECT_INPUT_X89_Y7_N0_I2       ; PLL_REFCLK_SELECT_INPUT                                                    ;
;   352.096 ;   0.000  ; RR ; IC   ; 1      ; PLLREFCLKSELECT_X89_Y7_N0                  ; emu|pll|pll_inst|altera_pll_i|general[0].gpll~PLL_REFCLK_SELECT|clkin[0]   ;
;   352.429 ;   0.333  ; RR ; CELL ; 1      ; PLLREFCLKSELECT_X89_Y7_N0                  ; emu|pll|pll_inst|altera_pll_i|general[0].gpll~PLL_REFCLK_SELECT|clkout     ;
;   352.429 ;   0.000  ;    ; RE   ; 2      ; PLLREFCLKSELECT_X89_Y7_N0                  ; CYCLONEV_PLL_REFCLK_SELECT                                                 ;
;   352.429 ;   0.000  ;    ; RE   ; 1      ; PLL_REFCLK_SELECT_OUTPUT_X89_Y7_N0_I15     ; PLL_REFCLK_SELECT_OUTPUT                                                   ;
;   352.429 ;   0.000  ;    ; RE   ; 1      ; FRACTIONAL_PLL_INPUT_X89_Y1_N0_I7          ; FRACTIONAL_PLL_INPUT                                                       ;
;   352.429 ;   0.000  ; RR ; IC   ; 10     ; FRACTIONALPLL_X89_Y1_N0                    ; emu|pll|pll_inst|altera_pll_i|general[0].gpll~FRACTIONAL_PLL|refclkin      ;
;   348.661 ;   -3.768 ; RR ; COMP ; 3      ; FRACTIONALPLL_X89_Y1_N0                    ; emu|pll|pll_inst|altera_pll_i|general[0].gpll~FRACTIONAL_PLL|vcoph[0]      ;
;   348.661 ;   0.000  ;    ; RE   ; 19     ; FRACTIONALPLL_X89_Y1_N0                    ; CYCLONEV_FRACTIONAL_PLL                                                    ;
;   348.661 ;   0.000  ;    ; RE   ; 1      ; FRACTIONAL_PLL_OUTPUT_X89_Y1_N0_I19        ; FRACTIONAL_PLL_OUTPUT                                                      ;
;   348.661 ;   0.000  ;    ; RE   ; 3      ; F_PLL_BLOCK_RE_X89_Y0_N0_I109              ; F_PLL_BLOCK_RE                                                             ;
;   348.661 ;   0.000  ;    ; RE   ; 1      ; PLL_OUTPUT_COUNTER_INPUT_X89_Y2_N1_I7      ; PLL_OUTPUT_COUNTER_INPUT                                                   ;
;   348.661 ;   0.000  ; RR ; IC   ; 1      ; PLLOUTPUTCOUNTER_X89_Y2_N1                 ; emu|pll|pll_inst|altera_pll_i|general[0].gpll~PLL_OUTPUT_COUNTER|vco0ph[0] ;
;   350.196 ;   1.535  ; RR ; CELL ; 1      ; PLLOUTPUTCOUNTER_X89_Y2_N1                 ; emu|pll|pll_inst|altera_pll_i|general[0].gpll~PLL_OUTPUT_COUNTER|divclk    ;
;   350.196 ;   0.000  ;    ; RE   ; 1      ; PLLOUTPUTCOUNTER_X89_Y2_N1                 ; CYCLONEV_PLL_OUTPUT_COUNTER                                                ;
;   350.196 ;   0.000  ;    ; RE   ; 1      ; PLL_OUTPUT_COUNTER_OUTPUT_X89_Y2_N1_I16    ; PLL_OUTPUT_COUNTER_OUTPUT                                                  ;
;   350.676 ;   0.480  ;    ; RE   ; 1      ; FF_PLL_RE_X89_Y0_N0_I103                   ; FF_PLL_RE                                                                  ;
;   351.215 ;   0.539  ;    ; RE   ; 1      ; CLKBUF_CLUSTER_RE_X89_Y35_N3_I435          ; CLKBUF_CLUSTER_RE                                                          ;
;   351.215 ;   0.000  ;    ; RE   ; 1      ; CLKBUF_CLUSTER_RE_X89_Y35_N3_I693          ; CLKBUF_CLUSTER_RE                                                          ;
;   351.215 ;   0.000  ;    ; RE   ; 1      ; GCLK_CLUSTER_RE_X89_Y35_N12_I10            ; GCLK_CLUSTER_RE                                                            ;
;   351.215 ;   0.000  ;    ; RE   ; 1      ; CLKBUFBLOCK_INPUT_X89_Y35_N13_I0           ; CLKBUFBLOCK_INPUT                                                          ;
;   351.215 ;   0.000  ; RR ; IC   ; 1      ; CLKCTRL_G11                                ; emu|pll|pll_inst|altera_pll_i|outclk_wire[0]~CLKENA0|inclk                 ;
;   351.537 ;   0.322  ; RR ; CELL ; 1342   ; CLKCTRL_G11                                ; emu|pll|pll_inst|altera_pll_i|outclk_wire[0]~CLKENA0|outclk                ;
;   351.537 ;   0.000  ;    ; RE   ; 1      ; CLKCTRL_G11                                ; ARRIAV_CLKBUF                                                              ;
;   351.537 ;   0.000  ;    ; RE   ; 1      ; CLKBUFBLOCK_OUTPUT_X89_Y35_N13_I2          ; CLKBUFBLOCK_OUTPUT                                                         ;
;   351.537 ;   0.000  ;    ; RE   ; 1      ; GCLK_CLUSTER_RE_X89_Y35_N12_I12            ; GCLK_CLUSTER_RE                                                            ;
;   351.537 ;   0.000  ;    ; RE   ; 1      ; CLKBUF_CLUSTER_RE_X89_Y35_N3_I418          ; CLKBUF_CLUSTER_RE                                                          ;
;   352.672 ;   1.135  ;    ; RE   ; 7      ; GLOBAL_CLOCK_X0_Y36_N0_I11                 ; GLOBAL_CLOCK                                                               ;
;   352.820 ;   0.148  ;    ; RE   ; 20     ; SPINE_CLOCK_X15_Y59_N0_I19                 ; SPINE_CLOCK                                                                ;
;   353.207 ;   0.387  ;    ; RE   ; 1      ; SCLK_TO_ROWCLK_BUF_X15_Y75_N0_I115         ; SCLK_TO_ROWCLK_BUF                                                         ;
;   353.291 ;   0.084  ;    ; RE   ; 2      ; SCLK_TO_ROWCLK_BUF_X15_Y75_N0_I118         ; SCLK_TO_ROWCLK_BUF                                                         ;
;   353.724 ;   0.433  ;    ; RE   ; 3      ; LAB_CLK_X0_Y75_N0_I5                       ; LAB_CLK                                                                    ;
;   353.862 ;   0.138  ;    ; RE   ; 1      ; BLK_CLK_BUF_X12_Y75_N0_I5                  ; BLK_CLK_BUF                                                                ;
;   353.909 ;   0.047  ;    ; RE   ; 1      ; ROWCLKSEL_PREBUF_X12_Y75_N0_I5             ; ROWCLKSEL_PREBUF                                                           ;
;   353.959 ;   0.050  ;    ; RE   ; 1      ; ROWCLKSEL_X12_Y75_N0_I0                    ; ROWCLKSEL                                                                  ;
;   353.959 ;   0.000  ;    ; RE   ; 2      ; GLOBAL_LOCAL_SEL_X12_Y75_N0_I0             ; GLOBAL_LOCAL_SEL                                                           ;
;   353.959 ;   0.000  ;    ; RE   ; 15     ; LAB_INPUT_X12_Y75_N0_I1                    ; LAB_INPUT                                                                  ;
;   353.958 ;   -0.001 ; RR ; IC   ; 1      ; FF_X12_Y75_N29                             ; emu|audio_reset_stretch[0]|clk                                             ;
;   354.537 ;   0.579  ; RR ; CELL ; 1      ; FF_X12_Y75_N29                             ; emu:emu|audio_reset_stretch[0]                                             ;
; 357.690   ; 3.153    ;    ;      ;        ;                                            ; data path                                                                  ;
;   354.537 ;   0.000  ;    ; uTco ; 1      ; FF_X12_Y75_N29                             ; emu:emu|audio_reset_stretch[0]                                             ;
;   354.537 ;   0.000  ; RR ; CELL ; 3      ; FF_X12_Y75_N29                             ; emu|audio_reset_stretch[0]|q                                               ;
;   354.609 ;   0.072  ;    ; RE   ; 2      ; FF_X12_Y75_N29                             ; ARRIAV_FF                                                                  ;
;   354.731 ;   0.122  ;    ; RE   ; 2      ; LOCAL_LINE_X12_Y75_N0_I9                   ; LOCAL_LINE                                                                 ;
;   354.840 ;   0.109  ;    ; RE   ; 1      ; BLOCK_INPUT_MUX_X12_Y75_N0_I2              ; LEIM_INPUT                                                                 ;
;   354.840 ;   0.000  ; RR ; IC   ; 1      ; LABCELL_X12_Y75_N3                         ; emu|Equal4~0|dataa                                                         ;
;   355.432 ;   0.592  ; RF ; CELL ; 6      ; LABCELL_X12_Y75_N3                         ; emu|Equal4~0|combout                                                       ;
;   355.432 ;   0.000  ;    ; RE   ; 2      ; LABCELL_X12_Y75_N3                         ; ARRIAV_LCELL_COMB                                                          ;
;   355.521 ;   0.089  ;    ; RE   ; 2      ; LE_BUFFER_X12_Y75_N0_I3                    ; LE_BUFFER                                                                  ;
;   355.665 ;   0.144  ;    ; RE   ; 1      ; LOCAL_INTERCONNECT_X11_Y75_N0_I1           ; LAB_LINE                                                                   ;
;   355.764 ;   0.099  ;    ; RE   ; 1      ; BLOCK_INPUT_MUX_X11_Y75_N0_I26             ; LEIM_INPUT                                                                 ;
;   355.763 ;   -0.001 ; FF ; IC   ; 1      ; LABCELL_X11_Y75_N21                        ; emu|audio_reset_request|dataa                                              ;
;   356.313 ;   0.550  ; FR ; CELL ; 22     ; LABCELL_X11_Y75_N21                        ; emu|audio_reset_request|combout                                            ;
;   356.313 ;   0.000  ;    ; RE   ; 2      ; LABCELL_X11_Y75_N21                        ; ARRIAV_LCELL_COMB                                                          ;
;   356.406 ;   0.093  ;    ; RE   ; 2      ; LE_BUFFER_X11_Y75_N0_I14                   ; LE_BUFFER                                                                  ;
;   356.577 ;   0.171  ;    ; RE   ; 1      ; C2_X11_Y73_N0_I12                          ; V_SEG2                                                                     ;
;   356.728 ;   0.151  ;    ; RE   ; 1      ; R3_X9_Y73_N0_I18                           ; H_SEG3                                                                     ;
;   356.871 ;   0.143  ;    ; RE   ; 1      ; LOCAL_INTERCONNECT_X10_Y73_N0_I9           ; LAB_LINE                                                                   ;
;   357.083 ;   0.212  ;    ; RE   ; 1      ; BLOCK_INPUT_MUX_PASSTHROUGH_X10_Y73_N0_I82 ; LEIM                                                                       ;
;   357.083 ;   0.000  ;    ; RE   ; 1      ; GLOBAL_LOCAL_SEL_X10_Y73_N0_I3             ; GLOBAL_LOCAL_SEL                                                           ;
;   357.083 ;   0.000  ;    ; RE   ; 4      ; LAB_INPUT_X10_Y73_N0_I4                    ; LAB_INPUT                                                                  ;
;   357.084 ;   0.001  ; RR ; IC   ; 1      ; FF_X10_Y73_N14                             ; emu|audio_mode_src[0]|clrn                                                 ;
;   357.690 ;   0.606  ; RF ; CELL ; 1      ; FF_X10_Y73_N14                             ; emu:emu|audio_mode_src[0]                                                  ;
+-----------+----------+----+------+--------+--------------------------------------------+----------------------------------------------------------------------------+

+------------------------------------------------------------------------------------------------------------------------------------------------------------------+
; Data Required Path                                                                                                                                               ;
+-----------+----------+----+------+--------+-----------------------------------------+----------------------------------------------------------------------------+
; Total     ; Incr     ; RF ; Type ; Fanout ; Location                                ; Element                                                                    ;
+-----------+----------+----+------+--------+-----------------------------------------+----------------------------------------------------------------------------+
; 351.842   ; 351.842  ;    ;      ;        ;                                         ; latch edge time                                                            ;
; 355.517   ; 3.675    ;    ;      ;        ;                                         ; clock path                                                                 ;
;   351.842 ;   0.000  ;    ;      ;        ;                                         ; source latency                                                             ;
;   351.842 ;   0.000  ;    ;      ; 1      ; PIN_Y13                                 ; FPGA_CLK2_50                                                               ;
;   351.842 ;   0.000  ;    ; RE   ; 1      ; IOPAD_X56_Y0_N0                         ; ARRIAV_IO_PAD                                                              ;
;   351.842 ;   0.000  ;    ; RE   ; 1      ; IO_PAD_OUTPUT_X56_Y0_N0_I1              ; IO_PAD_OUTPUT                                                              ;
;   351.842 ;   0.000  ;    ; RE   ; 1      ; IO_INPUT_BUFFER_INPUT_X56_Y0_N1_I0      ; IO_INPUT_BUFFER_INPUT                                                      ;
;   351.842 ;   0.000  ; RR ; IC   ; 1      ; IOIBUF_X56_Y0_N1                        ; FPGA_CLK2_50~input|i                                                       ;
;   352.603 ;   0.761  ; RR ; CELL ; 2      ; IOIBUF_X56_Y0_N1                        ; FPGA_CLK2_50~input|o                                                       ;
;   352.603 ;   0.000  ;    ; RE   ; 1      ; IOIBUF_X56_Y0_N1                        ; ARRIAV_IO_IBUF                                                             ;
;   352.603 ;   0.000  ;    ; RE   ; 1      ; IO_INPUT_BUFFER_OUTPUT_X56_Y0_N1_I2     ; IO_INPUT_BUFFER_OUTPUT                                                     ;
;   352.603 ;   0.000  ;    ; RE   ; 1      ; IO_RE_X56_Y0_N0_I96                     ; IO_RE                                                                      ;
;   352.986 ;   0.383  ;    ; RE   ; 2      ; IO_RE_X56_Y0_N0_I66                     ; IO_RE                                                                      ;
;   353.774 ;   0.788  ;    ; RE   ; 1      ; FF_PLL_RE_X89_Y0_N0_I3                  ; FF_PLL_RE                                                                  ;
;   353.774 ;   0.000  ;    ; RE   ; 1      ; F_PLL_BLOCK_RE_X89_Y0_N0_I2             ; F_PLL_BLOCK_RE                                                             ;
;   353.774 ;   0.000  ;    ; RE   ; 1      ; PLL_REFCLK_SELECT_INPUT_X89_Y7_N0_I2    ; PLL_REFCLK_SELECT_INPUT                                                    ;
;   353.774 ;   0.000  ; RR ; IC   ; 1      ; PLLREFCLKSELECT_X89_Y7_N0               ; emu|pll|pll_inst|altera_pll_i|general[0].gpll~PLL_REFCLK_SELECT|clkin[0]   ;
;   354.082 ;   0.308  ; RR ; CELL ; 1      ; PLLREFCLKSELECT_X89_Y7_N0               ; emu|pll|pll_inst|altera_pll_i|general[0].gpll~PLL_REFCLK_SELECT|clkout     ;
;   354.082 ;   0.000  ;    ; RE   ; 2      ; PLLREFCLKSELECT_X89_Y7_N0               ; CYCLONEV_PLL_REFCLK_SELECT                                                 ;
;   354.082 ;   0.000  ;    ; RE   ; 1      ; PLL_REFCLK_SELECT_OUTPUT_X89_Y7_N0_I15  ; PLL_REFCLK_SELECT_OUTPUT                                                   ;
;   354.082 ;   0.000  ;    ; RE   ; 1      ; FRACTIONAL_PLL_INPUT_X89_Y1_N0_I7       ; FRACTIONAL_PLL_INPUT                                                       ;
;   354.082 ;   0.000  ; RR ; IC   ; 10     ; FRACTIONALPLL_X89_Y1_N0                 ; emu|pll|pll_inst|altera_pll_i|general[0].gpll~FRACTIONAL_PLL|refclkin      ;
;   349.150 ;   -4.932 ; RR ; COMP ; 3      ; FRACTIONALPLL_X89_Y1_N0                 ; emu|pll|pll_inst|altera_pll_i|general[0].gpll~FRACTIONAL_PLL|vcoph[0]      ;
;   349.150 ;   0.000  ;    ; RE   ; 19     ; FRACTIONALPLL_X89_Y1_N0                 ; CYCLONEV_FRACTIONAL_PLL                                                    ;
;   349.150 ;   0.000  ;    ; RE   ; 1      ; FRACTIONAL_PLL_OUTPUT_X89_Y1_N0_I19     ; FRACTIONAL_PLL_OUTPUT                                                      ;
;   349.150 ;   0.000  ;    ; RE   ; 3      ; F_PLL_BLOCK_RE_X89_Y0_N0_I109           ; F_PLL_BLOCK_RE                                                             ;
;   349.150 ;   0.000  ;    ; RE   ; 1      ; PLL_OUTPUT_COUNTER_INPUT_X89_Y0_N1_I7   ; PLL_OUTPUT_COUNTER_INPUT                                                   ;
;   349.150 ;   0.000  ; RR ; IC   ; 1      ; PLLOUTPUTCOUNTER_X89_Y0_N1              ; emu|pll|pll_inst|altera_pll_i|general[2].gpll~PLL_OUTPUT_COUNTER|vco0ph[0] ;
;   350.418 ;   1.268  ; RR ; CELL ; 1      ; PLLOUTPUTCOUNTER_X89_Y0_N1              ; emu|pll|pll_inst|altera_pll_i|general[2].gpll~PLL_OUTPUT_COUNTER|divclk    ;
;   350.418 ;   0.000  ;    ; RE   ; 1      ; PLLOUTPUTCOUNTER_X89_Y0_N1              ; CYCLONEV_PLL_OUTPUT_COUNTER                                                ;
;   350.418 ;   0.000  ;    ; RE   ; 1      ; PLL_OUTPUT_COUNTER_OUTPUT_X89_Y0_N1_I16 ; PLL_OUTPUT_COUNTER_OUTPUT                                                  ;
;   350.855 ;   0.437  ;    ; RE   ; 1      ; FF_PLL_RE_X89_Y0_N0_I101                ; FF_PLL_RE                                                                  ;
;   351.362 ;   0.507  ;    ; RE   ; 1      ; CLKBUF_CLUSTER_RE_X89_Y35_N3_I433       ; CLKBUF_CLUSTER_RE                                                          ;
;   351.362 ;   0.000  ;    ; RE   ; 1      ; CLKBUF_CLUSTER_RE_X89_Y35_N3_I563       ; CLKBUF_CLUSTER_RE                                                          ;
;   351.362 ;   0.000  ;    ; RE   ; 1      ; GCLK_CLUSTER_RE_X89_Y35_N6_I10          ; GCLK_CLUSTER_RE                                                            ;
;   351.362 ;   0.000  ;    ; RE   ; 1      ; CLKBUFBLOCK_INPUT_X89_Y35_N7_I0         ; CLKBUFBLOCK_INPUT                                                          ;
;   351.362 ;   0.000  ; RR ; IC   ; 1      ; CLKCTRL_G9                              ; emu|pll|pll_inst|altera_pll_i|outclk_wire[2]~CLKENA0|inclk                 ;
;   351.658 ;   0.296  ; RR ; CELL ; 32647  ; CLKCTRL_G9                              ; emu|pll|pll_inst|altera_pll_i|outclk_wire[2]~CLKENA0|outclk                ;
;   351.658 ;   0.000  ;    ; RE   ; 1      ; CLKCTRL_G9                              ; ARRIAV_CLKBUF                                                              ;
;   351.658 ;   0.000  ;    ; RE   ; 1      ; CLKBUFBLOCK_OUTPUT_X89_Y35_N7_I2        ; CLKBUFBLOCK_OUTPUT                                                         ;
;   351.658 ;   0.000  ;    ; RE   ; 1      ; GCLK_CLUSTER_RE_X89_Y35_N6_I12          ; GCLK_CLUSTER_RE                                                            ;
;   351.658 ;   0.000  ;    ; RE   ; 1      ; CLKBUF_CLUSTER_RE_X89_Y35_N3_I416       ; CLKBUF_CLUSTER_RE                                                          ;
;   352.407 ;   0.749  ;    ; RE   ; 12     ; GLOBAL_CLOCK_X0_Y36_N0_I9               ; GLOBAL_CLOCK                                                               ;
;   352.560 ;   0.153  ;    ; RE   ; 7      ; SPINE_CLOCK_X15_Y59_N0_I7               ; SPINE_CLOCK                                                                ;
;   352.935 ;   0.375  ;    ; RE   ; 1      ; SCLK_TO_ROWCLK_BUF_X15_Y73_N0_I43       ; SCLK_TO_ROWCLK_BUF                                                         ;
;   353.016 ;   0.081  ;    ; RE   ; 1      ; SCLK_TO_ROWCLK_BUF_X15_Y73_N0_I47       ; SCLK_TO_ROWCLK_BUF                                                         ;
;   353.435 ;   0.419  ;    ; RE   ; 1      ; LAB_CLK_X0_Y73_N0_I4                    ; LAB_CLK                                                                    ;
;   353.562 ;   0.127  ;    ; RE   ; 1      ; BLK_CLK_BUF_X10_Y73_N0_I4               ; BLK_CLK_BUF                                                                ;
;   353.607 ;   0.045  ;    ; RE   ; 1      ; ROWCLKSEL_PREBUF_X10_Y73_N0_I4          ; ROWCLKSEL_PREBUF                                                           ;
;   353.653 ;   0.046  ;    ; RE   ; 1      ; ROWCLKSEL_X10_Y73_N0_I0                 ; ROWCLKSEL                                                                  ;
;   353.653 ;   0.000  ;    ; RE   ; 1      ; GLOBAL_LOCAL_SEL_X10_Y73_N0_I0          ; GLOBAL_LOCAL_SEL                                                           ;
;   353.653 ;   0.000  ;    ; RE   ; 4      ; LAB_INPUT_X10_Y73_N0_I1                 ; LAB_INPUT                                                                  ;
;   353.653 ;   0.000  ; RR ; IC   ; 1      ; FF_X10_Y73_N14                          ; emu|audio_mode_src[0]|clk                                                  ;
;   354.164 ;   0.511  ; RR ; CELL ; 1      ; FF_X10_Y73_N14                          ; emu:emu|audio_mode_src[0]                                                  ;
;   355.517 ;   1.353  ;    ;      ;        ;                                         ; clock pessimism removed                                                    ;
; 355.357   ; -0.160   ;    ;      ;        ;                                         ; clock uncertainty                                                          ;
; 355.357   ; 0.000    ;    ; uTsu ; 1      ; FF_X10_Y73_N14                          ; emu:emu|audio_mode_src[0]                                                  ;
+-----------+----------+----+------+--------+-----------------------------------------+----------------------------------------------------------------------------+

----------------------------
; Extra Fitter Information ;
----------------------------
HTML report is unavailable in plain text report export.


Path #11: Recovery slack is -2.332 (VIOLATED)
===============================================================================
+----------------------------------------------------------------------------------------------+
; Path Summary                                                                                 ;
+--------------------+-------------------------------------------------------------------------+
; Property           ; Value                                                                   ;
+--------------------+-------------------------------------------------------------------------+
; From Node          ; emu:emu|audio_reset_stretch[4]~DUPLICATE                                ;
; To Node            ; emu:emu|reset_audio_src_sync[0]                                         ;
; Launch Clock       ; emu|pll|pll_inst|altera_pll_i|general[0].gpll~PLL_OUTPUT_COUNTER|divclk ;
; Latch Clock        ; emu|pll|pll_inst|altera_pll_i|general[2].gpll~PLL_OUTPUT_COUNTER|divclk ;
; Data Arrival Time  ; 357.672                                                                 ;
; Data Required Time ; 355.340                                                                 ;
; Slack              ; -2.332 (VIOLATED)                                                       ;
+--------------------+-------------------------------------------------------------------------+

+--------------------------------------------------------------------------------------+
; Statistics                                                                           ;
+------------------------+--------+-------+-------------+------------+--------+--------+
; Property               ; Value  ; Count ; Total Delay ; % of Total ; Min    ; Max    ;
+------------------------+--------+-------+-------------+------------+--------+--------+
; Recovery Relationship  ; 1.842  ;       ;             ;            ;        ;        ;
; Clock Skew             ; -0.874 ;       ;             ;            ;        ;        ;
; Data Delay             ; 3.140  ;       ;             ;            ;        ;        ;
; Number of Logic Levels ;        ; 2     ;             ;            ;        ;        ;
; Physical Delays        ;        ;       ;             ;            ;        ;        ;
;  Arrival Path          ;        ;       ;             ;            ;        ;        ;
;   Clock                ;        ;       ;             ;            ;        ;        ;
;    IC                  ;        ; 6     ; -0.001      ; 0          ; -0.001 ; 0.000  ;
;    Cell                ;        ; 5     ; 3.525       ; 42         ; 0.322  ; 1.535  ;
;    PLL Compensation    ;        ; 1     ; -3.768      ; 0          ; -3.768 ; -3.768 ;
;    Routing Element     ;        ; 38    ; 4.776       ; 58         ; 0.000  ; 1.135  ;
;   Data                 ;        ;       ;             ;            ;        ;        ;
;    IC                  ;        ; 3     ; 0.000       ; 0          ; -0.001 ; 0.001  ;
;    Cell                ;        ; 4     ; 1.672       ; 53         ; 0.000  ; 0.623  ;
;    uTco                ;        ; 1     ; 0.000       ; 0          ; 0.000  ; 0.000  ;
;    Routing Element     ;        ; 15    ; 1.468       ; 47         ; 0.000  ; 0.200  ;
;  Required Path         ;        ;       ;             ;            ;        ;        ;
;   Clock                ;        ;       ;             ;            ;        ;        ;
;    IC                  ;        ; 6     ; 0.000       ; 0          ; 0.000  ; 0.000  ;
;    Cell                ;        ; 5     ; 3.142       ; 43         ; 0.296  ; 1.268  ;
;    PLL Compensation    ;        ; 1     ; -4.932      ; 0          ; -4.932 ; -4.932 ;
;    Routing Element     ;        ; 38    ; 4.095       ; 57         ; 0.000  ; 0.788  ;
+------------------------+--------+-------+-------------+------------+--------+--------+
Note: Negative delays are omitted from totals when calculating percentages

+---------------------------------------------------------------------------------------------------------------------------------------------------------------------+
; Data Arrival Path                                                                                                                                                   ;
+-----------+----------+----+------+--------+--------------------------------------------+----------------------------------------------------------------------------+
; Total     ; Incr     ; RF ; Type ; Fanout ; Location                                   ; Element                                                                    ;
+-----------+----------+----+------+--------+--------------------------------------------+----------------------------------------------------------------------------+
; 350.000   ; 350.000  ;    ;      ;        ;                                            ; launch edge time                                                           ;
; 354.532   ; 4.532    ;    ;      ;        ;                                            ; clock path                                                                 ;
;   350.000 ;   0.000  ;    ;      ;        ;                                            ; source latency                                                             ;
;   350.000 ;   0.000  ;    ;      ; 1      ; PIN_Y13                                    ; FPGA_CLK2_50                                                               ;
;   350.000 ;   0.000  ;    ; RE   ; 1      ; IOPAD_X56_Y0_N0                            ; ARRIAV_IO_PAD                                                              ;
;   350.000 ;   0.000  ;    ; RE   ; 1      ; IO_PAD_OUTPUT_X56_Y0_N0_I1                 ; IO_PAD_OUTPUT                                                              ;
;   350.000 ;   0.000  ;    ; RE   ; 1      ; IO_INPUT_BUFFER_INPUT_X56_Y0_N1_I0         ; IO_INPUT_BUFFER_INPUT                                                      ;
;   350.000 ;   0.000  ; RR ; IC   ; 1      ; IOIBUF_X56_Y0_N1                           ; FPGA_CLK2_50~input|i                                                       ;
;   350.761 ;   0.761  ; RR ; CELL ; 2      ; IOIBUF_X56_Y0_N1                           ; FPGA_CLK2_50~input|o                                                       ;
;   350.761 ;   0.000  ;    ; RE   ; 1      ; IOIBUF_X56_Y0_N1                           ; ARRIAV_IO_IBUF                                                             ;
;   350.761 ;   0.000  ;    ; RE   ; 1      ; IO_INPUT_BUFFER_OUTPUT_X56_Y0_N1_I2        ; IO_INPUT_BUFFER_OUTPUT                                                     ;
;   350.761 ;   0.000  ;    ; RE   ; 1      ; IO_RE_X56_Y0_N0_I96                        ; IO_RE                                                                      ;
;   351.260 ;   0.499  ;    ; RE   ; 2      ; IO_RE_X56_Y0_N0_I66                        ; IO_RE                                                                      ;
;   352.096 ;   0.836  ;    ; RE   ; 1      ; FF_PLL_RE_X89_Y0_N0_I3                     ; FF_PLL_RE                                                                  ;
;   352.096 ;   0.000  ;    ; RE   ; 1      ; F_PLL_BLOCK_RE_X89_Y0_N0_I2                ; F_PLL_BLOCK_RE                                                             ;
;   352.096 ;   0.000  ;    ; RE   ; 1      ; PLL_REFCLK_SELECT_INPUT_X89_Y7_N0_I2       ; PLL_REFCLK_SELECT_INPUT                                                    ;
;   352.096 ;   0.000  ; RR ; IC   ; 1      ; PLLREFCLKSELECT_X89_Y7_N0                  ; emu|pll|pll_inst|altera_pll_i|general[0].gpll~PLL_REFCLK_SELECT|clkin[0]   ;
;   352.429 ;   0.333  ; RR ; CELL ; 1      ; PLLREFCLKSELECT_X89_Y7_N0                  ; emu|pll|pll_inst|altera_pll_i|general[0].gpll~PLL_REFCLK_SELECT|clkout     ;
;   352.429 ;   0.000  ;    ; RE   ; 2      ; PLLREFCLKSELECT_X89_Y7_N0                  ; CYCLONEV_PLL_REFCLK_SELECT                                                 ;
;   352.429 ;   0.000  ;    ; RE   ; 1      ; PLL_REFCLK_SELECT_OUTPUT_X89_Y7_N0_I15     ; PLL_REFCLK_SELECT_OUTPUT                                                   ;
;   352.429 ;   0.000  ;    ; RE   ; 1      ; FRACTIONAL_PLL_INPUT_X89_Y1_N0_I7          ; FRACTIONAL_PLL_INPUT                                                       ;
;   352.429 ;   0.000  ; RR ; IC   ; 10     ; FRACTIONALPLL_X89_Y1_N0                    ; emu|pll|pll_inst|altera_pll_i|general[0].gpll~FRACTIONAL_PLL|refclkin      ;
;   348.661 ;   -3.768 ; RR ; COMP ; 3      ; FRACTIONALPLL_X89_Y1_N0                    ; emu|pll|pll_inst|altera_pll_i|general[0].gpll~FRACTIONAL_PLL|vcoph[0]      ;
;   348.661 ;   0.000  ;    ; RE   ; 19     ; FRACTIONALPLL_X89_Y1_N0                    ; CYCLONEV_FRACTIONAL_PLL                                                    ;
;   348.661 ;   0.000  ;    ; RE   ; 1      ; FRACTIONAL_PLL_OUTPUT_X89_Y1_N0_I19        ; FRACTIONAL_PLL_OUTPUT                                                      ;
;   348.661 ;   0.000  ;    ; RE   ; 3      ; F_PLL_BLOCK_RE_X89_Y0_N0_I109              ; F_PLL_BLOCK_RE                                                             ;
;   348.661 ;   0.000  ;    ; RE   ; 1      ; PLL_OUTPUT_COUNTER_INPUT_X89_Y2_N1_I7      ; PLL_OUTPUT_COUNTER_INPUT                                                   ;
;   348.661 ;   0.000  ; RR ; IC   ; 1      ; PLLOUTPUTCOUNTER_X89_Y2_N1                 ; emu|pll|pll_inst|altera_pll_i|general[0].gpll~PLL_OUTPUT_COUNTER|vco0ph[0] ;
;   350.196 ;   1.535  ; RR ; CELL ; 1      ; PLLOUTPUTCOUNTER_X89_Y2_N1                 ; emu|pll|pll_inst|altera_pll_i|general[0].gpll~PLL_OUTPUT_COUNTER|divclk    ;
;   350.196 ;   0.000  ;    ; RE   ; 1      ; PLLOUTPUTCOUNTER_X89_Y2_N1                 ; CYCLONEV_PLL_OUTPUT_COUNTER                                                ;
;   350.196 ;   0.000  ;    ; RE   ; 1      ; PLL_OUTPUT_COUNTER_OUTPUT_X89_Y2_N1_I16    ; PLL_OUTPUT_COUNTER_OUTPUT                                                  ;
;   350.676 ;   0.480  ;    ; RE   ; 1      ; FF_PLL_RE_X89_Y0_N0_I103                   ; FF_PLL_RE                                                                  ;
;   351.215 ;   0.539  ;    ; RE   ; 1      ; CLKBUF_CLUSTER_RE_X89_Y35_N3_I435          ; CLKBUF_CLUSTER_RE                                                          ;
;   351.215 ;   0.000  ;    ; RE   ; 1      ; CLKBUF_CLUSTER_RE_X89_Y35_N3_I693          ; CLKBUF_CLUSTER_RE                                                          ;
;   351.215 ;   0.000  ;    ; RE   ; 1      ; GCLK_CLUSTER_RE_X89_Y35_N12_I10            ; GCLK_CLUSTER_RE                                                            ;
;   351.215 ;   0.000  ;    ; RE   ; 1      ; CLKBUFBLOCK_INPUT_X89_Y35_N13_I0           ; CLKBUFBLOCK_INPUT                                                          ;
;   351.215 ;   0.000  ; RR ; IC   ; 1      ; CLKCTRL_G11                                ; emu|pll|pll_inst|altera_pll_i|outclk_wire[0]~CLKENA0|inclk                 ;
;   351.537 ;   0.322  ; RR ; CELL ; 1342   ; CLKCTRL_G11                                ; emu|pll|pll_inst|altera_pll_i|outclk_wire[0]~CLKENA0|outclk                ;
;   351.537 ;   0.000  ;    ; RE   ; 1      ; CLKCTRL_G11                                ; ARRIAV_CLKBUF                                                              ;
;   351.537 ;   0.000  ;    ; RE   ; 1      ; CLKBUFBLOCK_OUTPUT_X89_Y35_N13_I2          ; CLKBUFBLOCK_OUTPUT                                                         ;
;   351.537 ;   0.000  ;    ; RE   ; 1      ; GCLK_CLUSTER_RE_X89_Y35_N12_I12            ; GCLK_CLUSTER_RE                                                            ;
;   351.537 ;   0.000  ;    ; RE   ; 1      ; CLKBUF_CLUSTER_RE_X89_Y35_N3_I418          ; CLKBUF_CLUSTER_RE                                                          ;
;   352.672 ;   1.135  ;    ; RE   ; 7      ; GLOBAL_CLOCK_X0_Y36_N0_I11                 ; GLOBAL_CLOCK                                                               ;
;   352.820 ;   0.148  ;    ; RE   ; 20     ; SPINE_CLOCK_X15_Y59_N0_I19                 ; SPINE_CLOCK                                                                ;
;   353.207 ;   0.387  ;    ; RE   ; 1      ; SCLK_TO_ROWCLK_BUF_X15_Y75_N0_I115         ; SCLK_TO_ROWCLK_BUF                                                         ;
;   353.291 ;   0.084  ;    ; RE   ; 2      ; SCLK_TO_ROWCLK_BUF_X15_Y75_N0_I118         ; SCLK_TO_ROWCLK_BUF                                                         ;
;   353.724 ;   0.433  ;    ; RE   ; 3      ; LAB_CLK_X0_Y75_N0_I5                       ; LAB_CLK                                                                    ;
;   353.862 ;   0.138  ;    ; RE   ; 1      ; BLK_CLK_BUF_X12_Y75_N0_I5                  ; BLK_CLK_BUF                                                                ;
;   353.909 ;   0.047  ;    ; RE   ; 1      ; ROWCLKSEL_PREBUF_X12_Y75_N0_I5             ; ROWCLKSEL_PREBUF                                                           ;
;   353.959 ;   0.050  ;    ; RE   ; 1      ; ROWCLKSEL_X12_Y75_N0_I0                    ; ROWCLKSEL                                                                  ;
;   353.959 ;   0.000  ;    ; RE   ; 2      ; GLOBAL_LOCAL_SEL_X12_Y75_N0_I0             ; GLOBAL_LOCAL_SEL                                                           ;
;   353.959 ;   0.000  ;    ; RE   ; 15     ; LAB_INPUT_X12_Y75_N0_I1                    ; LAB_INPUT                                                                  ;
;   353.958 ;   -0.001 ; RR ; IC   ; 1      ; FF_X12_Y75_N38                             ; emu|audio_reset_stretch[4]~DUPLICATE|clk                                   ;
;   354.532 ;   0.574  ; RR ; CELL ; 1      ; FF_X12_Y75_N38                             ; emu:emu|audio_reset_stretch[4]~DUPLICATE                                   ;
; 357.672   ; 3.140    ;    ;      ;        ;                                            ; data path                                                                  ;
;   354.532 ;   0.000  ;    ; uTco ; 1      ; FF_X12_Y75_N38                             ; emu:emu|audio_reset_stretch[4]~DUPLICATE                                   ;
;   354.532 ;   0.000  ; RR ; CELL ; 1      ; FF_X12_Y75_N38                             ; emu|audio_reset_stretch[4]~DUPLICATE|q                                     ;
;   354.604 ;   0.072  ;    ; RE   ; 1      ; FF_X12_Y75_N38                             ; ARRIAV_FF                                                                  ;
;   354.752 ;   0.148  ;    ; RE   ; 1      ; LOCAL_LINE_X12_Y75_N0_I12                  ; LOCAL_LINE                                                                 ;
;   354.907 ;   0.155  ;    ; RE   ; 1      ; BLOCK_INPUT_MUX_X12_Y75_N0_I4              ; LEIM_INPUT                                                                 ;
;   354.907 ;   0.000  ; RR ; IC   ; 1      ; LABCELL_X12_Y75_N3                         ; emu|Equal4~0|datad                                                         ;
;   355.406 ;   0.499  ; RF ; CELL ; 6      ; LABCELL_X12_Y75_N3                         ; emu|Equal4~0|combout                                                       ;
;   355.406 ;   0.000  ;    ; RE   ; 2      ; LABCELL_X12_Y75_N3                         ; ARRIAV_LCELL_COMB                                                          ;
;   355.495 ;   0.089  ;    ; RE   ; 2      ; LE_BUFFER_X12_Y75_N0_I3                    ; LE_BUFFER                                                                  ;
;   355.639 ;   0.144  ;    ; RE   ; 1      ; LOCAL_INTERCONNECT_X11_Y75_N0_I1           ; LAB_LINE                                                                   ;
;   355.738 ;   0.099  ;    ; RE   ; 1      ; BLOCK_INPUT_MUX_X11_Y75_N0_I26             ; LEIM_INPUT                                                                 ;
;   355.737 ;   -0.001 ; FF ; IC   ; 1      ; LABCELL_X11_Y75_N21                        ; emu|audio_reset_request|dataa                                              ;
;   356.287 ;   0.550  ; FR ; CELL ; 22     ; LABCELL_X11_Y75_N21                        ; emu|audio_reset_request|combout                                            ;
;   356.287 ;   0.000  ;    ; RE   ; 2      ; LABCELL_X11_Y75_N21                        ; ARRIAV_LCELL_COMB                                                          ;
;   356.380 ;   0.093  ;    ; RE   ; 2      ; LE_BUFFER_X11_Y75_N0_I14                   ; LE_BUFFER                                                                  ;
;   356.546 ;   0.166  ;    ; RE   ; 2      ; R6_X6_Y75_N0_I21                           ; H_SEG6                                                                     ;
;   356.700 ;   0.154  ;    ; RE   ; 3      ; R3_X9_Y75_N0_I14                           ; H_SEG3                                                                     ;
;   356.848 ;   0.148  ;    ; RE   ; 1      ; LOCAL_INTERCONNECT_X11_Y75_N0_I22          ; LAB_LINE                                                                   ;
;   357.048 ;   0.200  ;    ; RE   ; 1      ; BLOCK_INPUT_MUX_PASSTHROUGH_X11_Y75_N0_I83 ; LEIM                                                                       ;
;   357.048 ;   0.000  ;    ; RE   ; 1      ; GLOBAL_LOCAL_SEL_X11_Y75_N0_I2             ; GLOBAL_LOCAL_SEL                                                           ;
;   357.048 ;   0.000  ;    ; RE   ; 6      ; LAB_INPUT_X11_Y75_N0_I3                    ; LAB_INPUT                                                                  ;
;   357.049 ;   0.001  ; RR ; IC   ; 1      ; FF_X11_Y75_N59                             ; emu|reset_audio_src_sync[0]|clrn                                           ;
;   357.672 ;   0.623  ; RF ; CELL ; 1      ; FF_X11_Y75_N59                             ; emu:emu|reset_audio_src_sync[0]                                            ;
+-----------+----------+----+------+--------+--------------------------------------------+----------------------------------------------------------------------------+

+------------------------------------------------------------------------------------------------------------------------------------------------------------------+
; Data Required Path                                                                                                                                               ;
+-----------+----------+----+------+--------+-----------------------------------------+----------------------------------------------------------------------------+
; Total     ; Incr     ; RF ; Type ; Fanout ; Location                                ; Element                                                                    ;
+-----------+----------+----+------+--------+-----------------------------------------+----------------------------------------------------------------------------+
; 351.842   ; 351.842  ;    ;      ;        ;                                         ; latch edge time                                                            ;
; 355.500   ; 3.658    ;    ;      ;        ;                                         ; clock path                                                                 ;
;   351.842 ;   0.000  ;    ;      ;        ;                                         ; source latency                                                             ;
;   351.842 ;   0.000  ;    ;      ; 1      ; PIN_Y13                                 ; FPGA_CLK2_50                                                               ;
;   351.842 ;   0.000  ;    ; RE   ; 1      ; IOPAD_X56_Y0_N0                         ; ARRIAV_IO_PAD                                                              ;
;   351.842 ;   0.000  ;    ; RE   ; 1      ; IO_PAD_OUTPUT_X56_Y0_N0_I1              ; IO_PAD_OUTPUT                                                              ;
;   351.842 ;   0.000  ;    ; RE   ; 1      ; IO_INPUT_BUFFER_INPUT_X56_Y0_N1_I0      ; IO_INPUT_BUFFER_INPUT                                                      ;
;   351.842 ;   0.000  ; RR ; IC   ; 1      ; IOIBUF_X56_Y0_N1                        ; FPGA_CLK2_50~input|i                                                       ;
;   352.603 ;   0.761  ; RR ; CELL ; 2      ; IOIBUF_X56_Y0_N1                        ; FPGA_CLK2_50~input|o                                                       ;
;   352.603 ;   0.000  ;    ; RE   ; 1      ; IOIBUF_X56_Y0_N1                        ; ARRIAV_IO_IBUF                                                             ;
;   352.603 ;   0.000  ;    ; RE   ; 1      ; IO_INPUT_BUFFER_OUTPUT_X56_Y0_N1_I2     ; IO_INPUT_BUFFER_OUTPUT                                                     ;
;   352.603 ;   0.000  ;    ; RE   ; 1      ; IO_RE_X56_Y0_N0_I96                     ; IO_RE                                                                      ;
;   352.986 ;   0.383  ;    ; RE   ; 2      ; IO_RE_X56_Y0_N0_I66                     ; IO_RE                                                                      ;
;   353.774 ;   0.788  ;    ; RE   ; 1      ; FF_PLL_RE_X89_Y0_N0_I3                  ; FF_PLL_RE                                                                  ;
;   353.774 ;   0.000  ;    ; RE   ; 1      ; F_PLL_BLOCK_RE_X89_Y0_N0_I2             ; F_PLL_BLOCK_RE                                                             ;
;   353.774 ;   0.000  ;    ; RE   ; 1      ; PLL_REFCLK_SELECT_INPUT_X89_Y7_N0_I2    ; PLL_REFCLK_SELECT_INPUT                                                    ;
;   353.774 ;   0.000  ; RR ; IC   ; 1      ; PLLREFCLKSELECT_X89_Y7_N0               ; emu|pll|pll_inst|altera_pll_i|general[0].gpll~PLL_REFCLK_SELECT|clkin[0]   ;
;   354.082 ;   0.308  ; RR ; CELL ; 1      ; PLLREFCLKSELECT_X89_Y7_N0               ; emu|pll|pll_inst|altera_pll_i|general[0].gpll~PLL_REFCLK_SELECT|clkout     ;
;   354.082 ;   0.000  ;    ; RE   ; 2      ; PLLREFCLKSELECT_X89_Y7_N0               ; CYCLONEV_PLL_REFCLK_SELECT                                                 ;
;   354.082 ;   0.000  ;    ; RE   ; 1      ; PLL_REFCLK_SELECT_OUTPUT_X89_Y7_N0_I15  ; PLL_REFCLK_SELECT_OUTPUT                                                   ;
;   354.082 ;   0.000  ;    ; RE   ; 1      ; FRACTIONAL_PLL_INPUT_X89_Y1_N0_I7       ; FRACTIONAL_PLL_INPUT                                                       ;
;   354.082 ;   0.000  ; RR ; IC   ; 10     ; FRACTIONALPLL_X89_Y1_N0                 ; emu|pll|pll_inst|altera_pll_i|general[0].gpll~FRACTIONAL_PLL|refclkin      ;
;   349.150 ;   -4.932 ; RR ; COMP ; 3      ; FRACTIONALPLL_X89_Y1_N0                 ; emu|pll|pll_inst|altera_pll_i|general[0].gpll~FRACTIONAL_PLL|vcoph[0]      ;
;   349.150 ;   0.000  ;    ; RE   ; 19     ; FRACTIONALPLL_X89_Y1_N0                 ; CYCLONEV_FRACTIONAL_PLL                                                    ;
;   349.150 ;   0.000  ;    ; RE   ; 1      ; FRACTIONAL_PLL_OUTPUT_X89_Y1_N0_I19     ; FRACTIONAL_PLL_OUTPUT                                                      ;
;   349.150 ;   0.000  ;    ; RE   ; 3      ; F_PLL_BLOCK_RE_X89_Y0_N0_I109           ; F_PLL_BLOCK_RE                                                             ;
;   349.150 ;   0.000  ;    ; RE   ; 1      ; PLL_OUTPUT_COUNTER_INPUT_X89_Y0_N1_I7   ; PLL_OUTPUT_COUNTER_INPUT                                                   ;
;   349.150 ;   0.000  ; RR ; IC   ; 1      ; PLLOUTPUTCOUNTER_X89_Y0_N1              ; emu|pll|pll_inst|altera_pll_i|general[2].gpll~PLL_OUTPUT_COUNTER|vco0ph[0] ;
;   350.418 ;   1.268  ; RR ; CELL ; 1      ; PLLOUTPUTCOUNTER_X89_Y0_N1              ; emu|pll|pll_inst|altera_pll_i|general[2].gpll~PLL_OUTPUT_COUNTER|divclk    ;
;   350.418 ;   0.000  ;    ; RE   ; 1      ; PLLOUTPUTCOUNTER_X89_Y0_N1              ; CYCLONEV_PLL_OUTPUT_COUNTER                                                ;
;   350.418 ;   0.000  ;    ; RE   ; 1      ; PLL_OUTPUT_COUNTER_OUTPUT_X89_Y0_N1_I16 ; PLL_OUTPUT_COUNTER_OUTPUT                                                  ;
;   350.855 ;   0.437  ;    ; RE   ; 1      ; FF_PLL_RE_X89_Y0_N0_I101                ; FF_PLL_RE                                                                  ;
;   351.362 ;   0.507  ;    ; RE   ; 1      ; CLKBUF_CLUSTER_RE_X89_Y35_N3_I433       ; CLKBUF_CLUSTER_RE                                                          ;
;   351.362 ;   0.000  ;    ; RE   ; 1      ; CLKBUF_CLUSTER_RE_X89_Y35_N3_I563       ; CLKBUF_CLUSTER_RE                                                          ;
;   351.362 ;   0.000  ;    ; RE   ; 1      ; GCLK_CLUSTER_RE_X89_Y35_N6_I10          ; GCLK_CLUSTER_RE                                                            ;
;   351.362 ;   0.000  ;    ; RE   ; 1      ; CLKBUFBLOCK_INPUT_X89_Y35_N7_I0         ; CLKBUFBLOCK_INPUT                                                          ;
;   351.362 ;   0.000  ; RR ; IC   ; 1      ; CLKCTRL_G9                              ; emu|pll|pll_inst|altera_pll_i|outclk_wire[2]~CLKENA0|inclk                 ;
;   351.658 ;   0.296  ; RR ; CELL ; 32647  ; CLKCTRL_G9                              ; emu|pll|pll_inst|altera_pll_i|outclk_wire[2]~CLKENA0|outclk                ;
;   351.658 ;   0.000  ;    ; RE   ; 1      ; CLKCTRL_G9                              ; ARRIAV_CLKBUF                                                              ;
;   351.658 ;   0.000  ;    ; RE   ; 1      ; CLKBUFBLOCK_OUTPUT_X89_Y35_N7_I2        ; CLKBUFBLOCK_OUTPUT                                                         ;
;   351.658 ;   0.000  ;    ; RE   ; 1      ; GCLK_CLUSTER_RE_X89_Y35_N6_I12          ; GCLK_CLUSTER_RE                                                            ;
;   351.658 ;   0.000  ;    ; RE   ; 1      ; CLKBUF_CLUSTER_RE_X89_Y35_N3_I416       ; CLKBUF_CLUSTER_RE                                                          ;
;   352.407 ;   0.749  ;    ; RE   ; 12     ; GLOBAL_CLOCK_X0_Y36_N0_I9               ; GLOBAL_CLOCK                                                               ;
;   352.562 ;   0.155  ;    ; RE   ; 7      ; SPINE_CLOCK_X15_Y59_N0_I7               ; SPINE_CLOCK                                                                ;
;   352.936 ;   0.374  ;    ; RE   ; 1      ; SCLK_TO_ROWCLK_BUF_X15_Y75_N0_I42       ; SCLK_TO_ROWCLK_BUF                                                         ;
;   353.008 ;   0.072  ;    ; RE   ; 1      ; SCLK_TO_ROWCLK_BUF_X15_Y75_N0_I45       ; SCLK_TO_ROWCLK_BUF                                                         ;
;   353.420 ;   0.412  ;    ; RE   ; 6      ; LAB_CLK_X0_Y75_N0_I2                    ; LAB_CLK                                                                    ;
;   353.547 ;   0.127  ;    ; RE   ; 1      ; BLK_CLK_BUF_X11_Y75_N0_I2               ; BLK_CLK_BUF                                                                ;
;   353.592 ;   0.045  ;    ; RE   ; 1      ; ROWCLKSEL_PREBUF_X11_Y75_N0_I2          ; ROWCLKSEL_PREBUF                                                           ;
;   353.638 ;   0.046  ;    ; RE   ; 1      ; ROWCLKSEL_X11_Y75_N0_I0                 ; ROWCLKSEL                                                                  ;
;   353.638 ;   0.000  ;    ; RE   ; 1      ; GLOBAL_LOCAL_SEL_X11_Y75_N0_I0          ; GLOBAL_LOCAL_SEL                                                           ;
;   353.638 ;   0.000  ;    ; RE   ; 6      ; LAB_INPUT_X11_Y75_N0_I0                 ; LAB_INPUT                                                                  ;
;   353.638 ;   0.000  ; RR ; IC   ; 1      ; FF_X11_Y75_N59                          ; emu|reset_audio_src_sync[0]|clk                                            ;
;   354.147 ;   0.509  ; RR ; CELL ; 1      ; FF_X11_Y75_N59                          ; emu:emu|reset_audio_src_sync[0]                                            ;
;   355.500 ;   1.353  ;    ;      ;        ;                                         ; clock pessimism removed                                                    ;
; 355.340   ; -0.160   ;    ;      ;        ;                                         ; clock uncertainty                                                          ;
; 355.340   ; 0.000    ;    ; uTsu ; 1      ; FF_X11_Y75_N59                          ; emu:emu|reset_audio_src_sync[0]                                            ;
+-----------+----------+----+------+--------+-----------------------------------------+----------------------------------------------------------------------------+

----------------------------
; Extra Fitter Information ;
----------------------------
HTML report is unavailable in plain text report export.


Path #12: Recovery slack is -2.332 (VIOLATED)
===============================================================================
+----------------------------------------------------------------------------------------------+
; Path Summary                                                                                 ;
+--------------------+-------------------------------------------------------------------------+
; Property           ; Value                                                                   ;
+--------------------+-------------------------------------------------------------------------+
; From Node          ; emu:emu|audio_reset_stretch[4]~DUPLICATE                                ;
; To Node            ; emu:emu|audio_mode_src[1]                                               ;
; Launch Clock       ; emu|pll|pll_inst|altera_pll_i|general[0].gpll~PLL_OUTPUT_COUNTER|divclk ;
; Latch Clock        ; emu|pll|pll_inst|altera_pll_i|general[2].gpll~PLL_OUTPUT_COUNTER|divclk ;
; Data Arrival Time  ; 357.672                                                                 ;
; Data Required Time ; 355.340                                                                 ;
; Slack              ; -2.332 (VIOLATED)                                                       ;
+--------------------+-------------------------------------------------------------------------+

+--------------------------------------------------------------------------------------+
; Statistics                                                                           ;
+------------------------+--------+-------+-------------+------------+--------+--------+
; Property               ; Value  ; Count ; Total Delay ; % of Total ; Min    ; Max    ;
+------------------------+--------+-------+-------------+------------+--------+--------+
; Recovery Relationship  ; 1.842  ;       ;             ;            ;        ;        ;
; Clock Skew             ; -0.874 ;       ;             ;            ;        ;        ;
; Data Delay             ; 3.140  ;       ;             ;            ;        ;        ;
; Number of Logic Levels ;        ; 2     ;             ;            ;        ;        ;
; Physical Delays        ;        ;       ;             ;            ;        ;        ;
;  Arrival Path          ;        ;       ;             ;            ;        ;        ;
;   Clock                ;        ;       ;             ;            ;        ;        ;
;    IC                  ;        ; 6     ; -0.001      ; 0          ; -0.001 ; 0.000  ;
;    Cell                ;        ; 5     ; 3.525       ; 42         ; 0.322  ; 1.535  ;
;    PLL Compensation    ;        ; 1     ; -3.768      ; 0          ; -3.768 ; -3.768 ;
;    Routing Element     ;        ; 38    ; 4.776       ; 58         ; 0.000  ; 1.135  ;
;   Data                 ;        ;       ;             ;            ;        ;        ;
;    IC                  ;        ; 3     ; 0.000       ; 0          ; -0.001 ; 0.001  ;
;    Cell                ;        ; 4     ; 1.672       ; 53         ; 0.000  ; 0.623  ;
;    uTco                ;        ; 1     ; 0.000       ; 0          ; 0.000  ; 0.000  ;
;    Routing Element     ;        ; 15    ; 1.468       ; 47         ; 0.000  ; 0.200  ;
;  Required Path         ;        ;       ;             ;            ;        ;        ;
;   Clock                ;        ;       ;             ;            ;        ;        ;
;    IC                  ;        ; 6     ; 0.000       ; 0          ; 0.000  ; 0.000  ;
;    Cell                ;        ; 5     ; 3.142       ; 43         ; 0.296  ; 1.268  ;
;    PLL Compensation    ;        ; 1     ; -4.932      ; 0          ; -4.932 ; -4.932 ;
;    Routing Element     ;        ; 38    ; 4.095       ; 57         ; 0.000  ; 0.788  ;
+------------------------+--------+-------+-------------+------------+--------+--------+
Note: Negative delays are omitted from totals when calculating percentages

+---------------------------------------------------------------------------------------------------------------------------------------------------------------------+
; Data Arrival Path                                                                                                                                                   ;
+-----------+----------+----+------+--------+--------------------------------------------+----------------------------------------------------------------------------+
; Total     ; Incr     ; RF ; Type ; Fanout ; Location                                   ; Element                                                                    ;
+-----------+----------+----+------+--------+--------------------------------------------+----------------------------------------------------------------------------+
; 350.000   ; 350.000  ;    ;      ;        ;                                            ; launch edge time                                                           ;
; 354.532   ; 4.532    ;    ;      ;        ;                                            ; clock path                                                                 ;
;   350.000 ;   0.000  ;    ;      ;        ;                                            ; source latency                                                             ;
;   350.000 ;   0.000  ;    ;      ; 1      ; PIN_Y13                                    ; FPGA_CLK2_50                                                               ;
;   350.000 ;   0.000  ;    ; RE   ; 1      ; IOPAD_X56_Y0_N0                            ; ARRIAV_IO_PAD                                                              ;
;   350.000 ;   0.000  ;    ; RE   ; 1      ; IO_PAD_OUTPUT_X56_Y0_N0_I1                 ; IO_PAD_OUTPUT                                                              ;
;   350.000 ;   0.000  ;    ; RE   ; 1      ; IO_INPUT_BUFFER_INPUT_X56_Y0_N1_I0         ; IO_INPUT_BUFFER_INPUT                                                      ;
;   350.000 ;   0.000  ; RR ; IC   ; 1      ; IOIBUF_X56_Y0_N1                           ; FPGA_CLK2_50~input|i                                                       ;
;   350.761 ;   0.761  ; RR ; CELL ; 2      ; IOIBUF_X56_Y0_N1                           ; FPGA_CLK2_50~input|o                                                       ;
;   350.761 ;   0.000  ;    ; RE   ; 1      ; IOIBUF_X56_Y0_N1                           ; ARRIAV_IO_IBUF                                                             ;
;   350.761 ;   0.000  ;    ; RE   ; 1      ; IO_INPUT_BUFFER_OUTPUT_X56_Y0_N1_I2        ; IO_INPUT_BUFFER_OUTPUT                                                     ;
;   350.761 ;   0.000  ;    ; RE   ; 1      ; IO_RE_X56_Y0_N0_I96                        ; IO_RE                                                                      ;
;   351.260 ;   0.499  ;    ; RE   ; 2      ; IO_RE_X56_Y0_N0_I66                        ; IO_RE                                                                      ;
;   352.096 ;   0.836  ;    ; RE   ; 1      ; FF_PLL_RE_X89_Y0_N0_I3                     ; FF_PLL_RE                                                                  ;
;   352.096 ;   0.000  ;    ; RE   ; 1      ; F_PLL_BLOCK_RE_X89_Y0_N0_I2                ; F_PLL_BLOCK_RE                                                             ;
;   352.096 ;   0.000  ;    ; RE   ; 1      ; PLL_REFCLK_SELECT_INPUT_X89_Y7_N0_I2       ; PLL_REFCLK_SELECT_INPUT                                                    ;
;   352.096 ;   0.000  ; RR ; IC   ; 1      ; PLLREFCLKSELECT_X89_Y7_N0                  ; emu|pll|pll_inst|altera_pll_i|general[0].gpll~PLL_REFCLK_SELECT|clkin[0]   ;
;   352.429 ;   0.333  ; RR ; CELL ; 1      ; PLLREFCLKSELECT_X89_Y7_N0                  ; emu|pll|pll_inst|altera_pll_i|general[0].gpll~PLL_REFCLK_SELECT|clkout     ;
;   352.429 ;   0.000  ;    ; RE   ; 2      ; PLLREFCLKSELECT_X89_Y7_N0                  ; CYCLONEV_PLL_REFCLK_SELECT                                                 ;
;   352.429 ;   0.000  ;    ; RE   ; 1      ; PLL_REFCLK_SELECT_OUTPUT_X89_Y7_N0_I15     ; PLL_REFCLK_SELECT_OUTPUT                                                   ;
;   352.429 ;   0.000  ;    ; RE   ; 1      ; FRACTIONAL_PLL_INPUT_X89_Y1_N0_I7          ; FRACTIONAL_PLL_INPUT                                                       ;
;   352.429 ;   0.000  ; RR ; IC   ; 10     ; FRACTIONALPLL_X89_Y1_N0                    ; emu|pll|pll_inst|altera_pll_i|general[0].gpll~FRACTIONAL_PLL|refclkin      ;
;   348.661 ;   -3.768 ; RR ; COMP ; 3      ; FRACTIONALPLL_X89_Y1_N0                    ; emu|pll|pll_inst|altera_pll_i|general[0].gpll~FRACTIONAL_PLL|vcoph[0]      ;
;   348.661 ;   0.000  ;    ; RE   ; 19     ; FRACTIONALPLL_X89_Y1_N0                    ; CYCLONEV_FRACTIONAL_PLL                                                    ;
;   348.661 ;   0.000  ;    ; RE   ; 1      ; FRACTIONAL_PLL_OUTPUT_X89_Y1_N0_I19        ; FRACTIONAL_PLL_OUTPUT                                                      ;
;   348.661 ;   0.000  ;    ; RE   ; 3      ; F_PLL_BLOCK_RE_X89_Y0_N0_I109              ; F_PLL_BLOCK_RE                                                             ;
;   348.661 ;   0.000  ;    ; RE   ; 1      ; PLL_OUTPUT_COUNTER_INPUT_X89_Y2_N1_I7      ; PLL_OUTPUT_COUNTER_INPUT                                                   ;
;   348.661 ;   0.000  ; RR ; IC   ; 1      ; PLLOUTPUTCOUNTER_X89_Y2_N1                 ; emu|pll|pll_inst|altera_pll_i|general[0].gpll~PLL_OUTPUT_COUNTER|vco0ph[0] ;
;   350.196 ;   1.535  ; RR ; CELL ; 1      ; PLLOUTPUTCOUNTER_X89_Y2_N1                 ; emu|pll|pll_inst|altera_pll_i|general[0].gpll~PLL_OUTPUT_COUNTER|divclk    ;
;   350.196 ;   0.000  ;    ; RE   ; 1      ; PLLOUTPUTCOUNTER_X89_Y2_N1                 ; CYCLONEV_PLL_OUTPUT_COUNTER                                                ;
;   350.196 ;   0.000  ;    ; RE   ; 1      ; PLL_OUTPUT_COUNTER_OUTPUT_X89_Y2_N1_I16    ; PLL_OUTPUT_COUNTER_OUTPUT                                                  ;
;   350.676 ;   0.480  ;    ; RE   ; 1      ; FF_PLL_RE_X89_Y0_N0_I103                   ; FF_PLL_RE                                                                  ;
;   351.215 ;   0.539  ;    ; RE   ; 1      ; CLKBUF_CLUSTER_RE_X89_Y35_N3_I435          ; CLKBUF_CLUSTER_RE                                                          ;
;   351.215 ;   0.000  ;    ; RE   ; 1      ; CLKBUF_CLUSTER_RE_X89_Y35_N3_I693          ; CLKBUF_CLUSTER_RE                                                          ;
;   351.215 ;   0.000  ;    ; RE   ; 1      ; GCLK_CLUSTER_RE_X89_Y35_N12_I10            ; GCLK_CLUSTER_RE                                                            ;
;   351.215 ;   0.000  ;    ; RE   ; 1      ; CLKBUFBLOCK_INPUT_X89_Y35_N13_I0           ; CLKBUFBLOCK_INPUT                                                          ;
;   351.215 ;   0.000  ; RR ; IC   ; 1      ; CLKCTRL_G11                                ; emu|pll|pll_inst|altera_pll_i|outclk_wire[0]~CLKENA0|inclk                 ;
;   351.537 ;   0.322  ; RR ; CELL ; 1342   ; CLKCTRL_G11                                ; emu|pll|pll_inst|altera_pll_i|outclk_wire[0]~CLKENA0|outclk                ;
;   351.537 ;   0.000  ;    ; RE   ; 1      ; CLKCTRL_G11                                ; ARRIAV_CLKBUF                                                              ;
;   351.537 ;   0.000  ;    ; RE   ; 1      ; CLKBUFBLOCK_OUTPUT_X89_Y35_N13_I2          ; CLKBUFBLOCK_OUTPUT                                                         ;
;   351.537 ;   0.000  ;    ; RE   ; 1      ; GCLK_CLUSTER_RE_X89_Y35_N12_I12            ; GCLK_CLUSTER_RE                                                            ;
;   351.537 ;   0.000  ;    ; RE   ; 1      ; CLKBUF_CLUSTER_RE_X89_Y35_N3_I418          ; CLKBUF_CLUSTER_RE                                                          ;
;   352.672 ;   1.135  ;    ; RE   ; 7      ; GLOBAL_CLOCK_X0_Y36_N0_I11                 ; GLOBAL_CLOCK                                                               ;
;   352.820 ;   0.148  ;    ; RE   ; 20     ; SPINE_CLOCK_X15_Y59_N0_I19                 ; SPINE_CLOCK                                                                ;
;   353.207 ;   0.387  ;    ; RE   ; 1      ; SCLK_TO_ROWCLK_BUF_X15_Y75_N0_I115         ; SCLK_TO_ROWCLK_BUF                                                         ;
;   353.291 ;   0.084  ;    ; RE   ; 2      ; SCLK_TO_ROWCLK_BUF_X15_Y75_N0_I118         ; SCLK_TO_ROWCLK_BUF                                                         ;
;   353.724 ;   0.433  ;    ; RE   ; 3      ; LAB_CLK_X0_Y75_N0_I5                       ; LAB_CLK                                                                    ;
;   353.862 ;   0.138  ;    ; RE   ; 1      ; BLK_CLK_BUF_X12_Y75_N0_I5                  ; BLK_CLK_BUF                                                                ;
;   353.909 ;   0.047  ;    ; RE   ; 1      ; ROWCLKSEL_PREBUF_X12_Y75_N0_I5             ; ROWCLKSEL_PREBUF                                                           ;
;   353.959 ;   0.050  ;    ; RE   ; 1      ; ROWCLKSEL_X12_Y75_N0_I0                    ; ROWCLKSEL                                                                  ;
;   353.959 ;   0.000  ;    ; RE   ; 2      ; GLOBAL_LOCAL_SEL_X12_Y75_N0_I0             ; GLOBAL_LOCAL_SEL                                                           ;
;   353.959 ;   0.000  ;    ; RE   ; 15     ; LAB_INPUT_X12_Y75_N0_I1                    ; LAB_INPUT                                                                  ;
;   353.958 ;   -0.001 ; RR ; IC   ; 1      ; FF_X12_Y75_N38                             ; emu|audio_reset_stretch[4]~DUPLICATE|clk                                   ;
;   354.532 ;   0.574  ; RR ; CELL ; 1      ; FF_X12_Y75_N38                             ; emu:emu|audio_reset_stretch[4]~DUPLICATE                                   ;
; 357.672   ; 3.140    ;    ;      ;        ;                                            ; data path                                                                  ;
;   354.532 ;   0.000  ;    ; uTco ; 1      ; FF_X12_Y75_N38                             ; emu:emu|audio_reset_stretch[4]~DUPLICATE                                   ;
;   354.532 ;   0.000  ; RR ; CELL ; 1      ; FF_X12_Y75_N38                             ; emu|audio_reset_stretch[4]~DUPLICATE|q                                     ;
;   354.604 ;   0.072  ;    ; RE   ; 1      ; FF_X12_Y75_N38                             ; ARRIAV_FF                                                                  ;
;   354.752 ;   0.148  ;    ; RE   ; 1      ; LOCAL_LINE_X12_Y75_N0_I12                  ; LOCAL_LINE                                                                 ;
;   354.907 ;   0.155  ;    ; RE   ; 1      ; BLOCK_INPUT_MUX_X12_Y75_N0_I4              ; LEIM_INPUT                                                                 ;
;   354.907 ;   0.000  ; RR ; IC   ; 1      ; LABCELL_X12_Y75_N3                         ; emu|Equal4~0|datad                                                         ;
;   355.406 ;   0.499  ; RF ; CELL ; 6      ; LABCELL_X12_Y75_N3                         ; emu|Equal4~0|combout                                                       ;
;   355.406 ;   0.000  ;    ; RE   ; 2      ; LABCELL_X12_Y75_N3                         ; ARRIAV_LCELL_COMB                                                          ;
;   355.495 ;   0.089  ;    ; RE   ; 2      ; LE_BUFFER_X12_Y75_N0_I3                    ; LE_BUFFER                                                                  ;
;   355.639 ;   0.144  ;    ; RE   ; 1      ; LOCAL_INTERCONNECT_X11_Y75_N0_I1           ; LAB_LINE                                                                   ;
;   355.738 ;   0.099  ;    ; RE   ; 1      ; BLOCK_INPUT_MUX_X11_Y75_N0_I26             ; LEIM_INPUT                                                                 ;
;   355.737 ;   -0.001 ; FF ; IC   ; 1      ; LABCELL_X11_Y75_N21                        ; emu|audio_reset_request|dataa                                              ;
;   356.287 ;   0.550  ; FR ; CELL ; 22     ; LABCELL_X11_Y75_N21                        ; emu|audio_reset_request|combout                                            ;
;   356.287 ;   0.000  ;    ; RE   ; 2      ; LABCELL_X11_Y75_N21                        ; ARRIAV_LCELL_COMB                                                          ;
;   356.380 ;   0.093  ;    ; RE   ; 2      ; LE_BUFFER_X11_Y75_N0_I14                   ; LE_BUFFER                                                                  ;
;   356.546 ;   0.166  ;    ; RE   ; 2      ; R6_X6_Y75_N0_I21                           ; H_SEG6                                                                     ;
;   356.700 ;   0.154  ;    ; RE   ; 3      ; R3_X9_Y75_N0_I14                           ; H_SEG3                                                                     ;
;   356.848 ;   0.148  ;    ; RE   ; 1      ; LOCAL_INTERCONNECT_X11_Y75_N0_I22          ; LAB_LINE                                                                   ;
;   357.048 ;   0.200  ;    ; RE   ; 1      ; BLOCK_INPUT_MUX_PASSTHROUGH_X11_Y75_N0_I83 ; LEIM                                                                       ;
;   357.048 ;   0.000  ;    ; RE   ; 1      ; GLOBAL_LOCAL_SEL_X11_Y75_N0_I2             ; GLOBAL_LOCAL_SEL                                                           ;
;   357.048 ;   0.000  ;    ; RE   ; 6      ; LAB_INPUT_X11_Y75_N0_I3                    ; LAB_INPUT                                                                  ;
;   357.049 ;   0.001  ; RR ; IC   ; 1      ; FF_X11_Y75_N53                             ; emu|audio_mode_src[1]|clrn                                                 ;
;   357.672 ;   0.623  ; RF ; CELL ; 1      ; FF_X11_Y75_N53                             ; emu:emu|audio_mode_src[1]                                                  ;
+-----------+----------+----+------+--------+--------------------------------------------+----------------------------------------------------------------------------+

+------------------------------------------------------------------------------------------------------------------------------------------------------------------+
; Data Required Path                                                                                                                                               ;
+-----------+----------+----+------+--------+-----------------------------------------+----------------------------------------------------------------------------+
; Total     ; Incr     ; RF ; Type ; Fanout ; Location                                ; Element                                                                    ;
+-----------+----------+----+------+--------+-----------------------------------------+----------------------------------------------------------------------------+
; 351.842   ; 351.842  ;    ;      ;        ;                                         ; latch edge time                                                            ;
; 355.500   ; 3.658    ;    ;      ;        ;                                         ; clock path                                                                 ;
;   351.842 ;   0.000  ;    ;      ;        ;                                         ; source latency                                                             ;
;   351.842 ;   0.000  ;    ;      ; 1      ; PIN_Y13                                 ; FPGA_CLK2_50                                                               ;
;   351.842 ;   0.000  ;    ; RE   ; 1      ; IOPAD_X56_Y0_N0                         ; ARRIAV_IO_PAD                                                              ;
;   351.842 ;   0.000  ;    ; RE   ; 1      ; IO_PAD_OUTPUT_X56_Y0_N0_I1              ; IO_PAD_OUTPUT                                                              ;
;   351.842 ;   0.000  ;    ; RE   ; 1      ; IO_INPUT_BUFFER_INPUT_X56_Y0_N1_I0      ; IO_INPUT_BUFFER_INPUT                                                      ;
;   351.842 ;   0.000  ; RR ; IC   ; 1      ; IOIBUF_X56_Y0_N1                        ; FPGA_CLK2_50~input|i                                                       ;
;   352.603 ;   0.761  ; RR ; CELL ; 2      ; IOIBUF_X56_Y0_N1                        ; FPGA_CLK2_50~input|o                                                       ;
;   352.603 ;   0.000  ;    ; RE   ; 1      ; IOIBUF_X56_Y0_N1                        ; ARRIAV_IO_IBUF                                                             ;
;   352.603 ;   0.000  ;    ; RE   ; 1      ; IO_INPUT_BUFFER_OUTPUT_X56_Y0_N1_I2     ; IO_INPUT_BUFFER_OUTPUT                                                     ;
;   352.603 ;   0.000  ;    ; RE   ; 1      ; IO_RE_X56_Y0_N0_I96                     ; IO_RE                                                                      ;
;   352.986 ;   0.383  ;    ; RE   ; 2      ; IO_RE_X56_Y0_N0_I66                     ; IO_RE                                                                      ;
;   353.774 ;   0.788  ;    ; RE   ; 1      ; FF_PLL_RE_X89_Y0_N0_I3                  ; FF_PLL_RE                                                                  ;
;   353.774 ;   0.000  ;    ; RE   ; 1      ; F_PLL_BLOCK_RE_X89_Y0_N0_I2             ; F_PLL_BLOCK_RE                                                             ;
;   353.774 ;   0.000  ;    ; RE   ; 1      ; PLL_REFCLK_SELECT_INPUT_X89_Y7_N0_I2    ; PLL_REFCLK_SELECT_INPUT                                                    ;
;   353.774 ;   0.000  ; RR ; IC   ; 1      ; PLLREFCLKSELECT_X89_Y7_N0               ; emu|pll|pll_inst|altera_pll_i|general[0].gpll~PLL_REFCLK_SELECT|clkin[0]   ;
;   354.082 ;   0.308  ; RR ; CELL ; 1      ; PLLREFCLKSELECT_X89_Y7_N0               ; emu|pll|pll_inst|altera_pll_i|general[0].gpll~PLL_REFCLK_SELECT|clkout     ;
;   354.082 ;   0.000  ;    ; RE   ; 2      ; PLLREFCLKSELECT_X89_Y7_N0               ; CYCLONEV_PLL_REFCLK_SELECT                                                 ;
;   354.082 ;   0.000  ;    ; RE   ; 1      ; PLL_REFCLK_SELECT_OUTPUT_X89_Y7_N0_I15  ; PLL_REFCLK_SELECT_OUTPUT                                                   ;
;   354.082 ;   0.000  ;    ; RE   ; 1      ; FRACTIONAL_PLL_INPUT_X89_Y1_N0_I7       ; FRACTIONAL_PLL_INPUT                                                       ;
;   354.082 ;   0.000  ; RR ; IC   ; 10     ; FRACTIONALPLL_X89_Y1_N0                 ; emu|pll|pll_inst|altera_pll_i|general[0].gpll~FRACTIONAL_PLL|refclkin      ;
;   349.150 ;   -4.932 ; RR ; COMP ; 3      ; FRACTIONALPLL_X89_Y1_N0                 ; emu|pll|pll_inst|altera_pll_i|general[0].gpll~FRACTIONAL_PLL|vcoph[0]      ;
;   349.150 ;   0.000  ;    ; RE   ; 19     ; FRACTIONALPLL_X89_Y1_N0                 ; CYCLONEV_FRACTIONAL_PLL                                                    ;
;   349.150 ;   0.000  ;    ; RE   ; 1      ; FRACTIONAL_PLL_OUTPUT_X89_Y1_N0_I19     ; FRACTIONAL_PLL_OUTPUT                                                      ;
;   349.150 ;   0.000  ;    ; RE   ; 3      ; F_PLL_BLOCK_RE_X89_Y0_N0_I109           ; F_PLL_BLOCK_RE                                                             ;
;   349.150 ;   0.000  ;    ; RE   ; 1      ; PLL_OUTPUT_COUNTER_INPUT_X89_Y0_N1_I7   ; PLL_OUTPUT_COUNTER_INPUT                                                   ;
;   349.150 ;   0.000  ; RR ; IC   ; 1      ; PLLOUTPUTCOUNTER_X89_Y0_N1              ; emu|pll|pll_inst|altera_pll_i|general[2].gpll~PLL_OUTPUT_COUNTER|vco0ph[0] ;
;   350.418 ;   1.268  ; RR ; CELL ; 1      ; PLLOUTPUTCOUNTER_X89_Y0_N1              ; emu|pll|pll_inst|altera_pll_i|general[2].gpll~PLL_OUTPUT_COUNTER|divclk    ;
;   350.418 ;   0.000  ;    ; RE   ; 1      ; PLLOUTPUTCOUNTER_X89_Y0_N1              ; CYCLONEV_PLL_OUTPUT_COUNTER                                                ;
;   350.418 ;   0.000  ;    ; RE   ; 1      ; PLL_OUTPUT_COUNTER_OUTPUT_X89_Y0_N1_I16 ; PLL_OUTPUT_COUNTER_OUTPUT                                                  ;
;   350.855 ;   0.437  ;    ; RE   ; 1      ; FF_PLL_RE_X89_Y0_N0_I101                ; FF_PLL_RE                                                                  ;
;   351.362 ;   0.507  ;    ; RE   ; 1      ; CLKBUF_CLUSTER_RE_X89_Y35_N3_I433       ; CLKBUF_CLUSTER_RE                                                          ;
;   351.362 ;   0.000  ;    ; RE   ; 1      ; CLKBUF_CLUSTER_RE_X89_Y35_N3_I563       ; CLKBUF_CLUSTER_RE                                                          ;
;   351.362 ;   0.000  ;    ; RE   ; 1      ; GCLK_CLUSTER_RE_X89_Y35_N6_I10          ; GCLK_CLUSTER_RE                                                            ;
;   351.362 ;   0.000  ;    ; RE   ; 1      ; CLKBUFBLOCK_INPUT_X89_Y35_N7_I0         ; CLKBUFBLOCK_INPUT                                                          ;
;   351.362 ;   0.000  ; RR ; IC   ; 1      ; CLKCTRL_G9                              ; emu|pll|pll_inst|altera_pll_i|outclk_wire[2]~CLKENA0|inclk                 ;
;   351.658 ;   0.296  ; RR ; CELL ; 32647  ; CLKCTRL_G9                              ; emu|pll|pll_inst|altera_pll_i|outclk_wire[2]~CLKENA0|outclk                ;
;   351.658 ;   0.000  ;    ; RE   ; 1      ; CLKCTRL_G9                              ; ARRIAV_CLKBUF                                                              ;
;   351.658 ;   0.000  ;    ; RE   ; 1      ; CLKBUFBLOCK_OUTPUT_X89_Y35_N7_I2        ; CLKBUFBLOCK_OUTPUT                                                         ;
;   351.658 ;   0.000  ;    ; RE   ; 1      ; GCLK_CLUSTER_RE_X89_Y35_N6_I12          ; GCLK_CLUSTER_RE                                                            ;
;   351.658 ;   0.000  ;    ; RE   ; 1      ; CLKBUF_CLUSTER_RE_X89_Y35_N3_I416       ; CLKBUF_CLUSTER_RE                                                          ;
;   352.407 ;   0.749  ;    ; RE   ; 12     ; GLOBAL_CLOCK_X0_Y36_N0_I9               ; GLOBAL_CLOCK                                                               ;
;   352.562 ;   0.155  ;    ; RE   ; 7      ; SPINE_CLOCK_X15_Y59_N0_I7               ; SPINE_CLOCK                                                                ;
;   352.936 ;   0.374  ;    ; RE   ; 1      ; SCLK_TO_ROWCLK_BUF_X15_Y75_N0_I42       ; SCLK_TO_ROWCLK_BUF                                                         ;
;   353.008 ;   0.072  ;    ; RE   ; 1      ; SCLK_TO_ROWCLK_BUF_X15_Y75_N0_I45       ; SCLK_TO_ROWCLK_BUF                                                         ;
;   353.420 ;   0.412  ;    ; RE   ; 6      ; LAB_CLK_X0_Y75_N0_I2                    ; LAB_CLK                                                                    ;
;   353.547 ;   0.127  ;    ; RE   ; 1      ; BLK_CLK_BUF_X11_Y75_N0_I2               ; BLK_CLK_BUF                                                                ;
;   353.592 ;   0.045  ;    ; RE   ; 1      ; ROWCLKSEL_PREBUF_X11_Y75_N0_I2          ; ROWCLKSEL_PREBUF                                                           ;
;   353.638 ;   0.046  ;    ; RE   ; 1      ; ROWCLKSEL_X11_Y75_N0_I0                 ; ROWCLKSEL                                                                  ;
;   353.638 ;   0.000  ;    ; RE   ; 1      ; GLOBAL_LOCAL_SEL_X11_Y75_N0_I0          ; GLOBAL_LOCAL_SEL                                                           ;
;   353.638 ;   0.000  ;    ; RE   ; 6      ; LAB_INPUT_X11_Y75_N0_I0                 ; LAB_INPUT                                                                  ;
;   353.638 ;   0.000  ; RR ; IC   ; 1      ; FF_X11_Y75_N53                          ; emu|audio_mode_src[1]|clk                                                  ;
;   354.147 ;   0.509  ; RR ; CELL ; 1      ; FF_X11_Y75_N53                          ; emu:emu|audio_mode_src[1]                                                  ;
;   355.500 ;   1.353  ;    ;      ;        ;                                         ; clock pessimism removed                                                    ;
; 355.340   ; -0.160   ;    ;      ;        ;                                         ; clock uncertainty                                                          ;
; 355.340   ; 0.000    ;    ; uTsu ; 1      ; FF_X11_Y75_N53                          ; emu:emu|audio_mode_src[1]                                                  ;
+-----------+----------+----+------+--------+-----------------------------------------+----------------------------------------------------------------------------+

----------------------------
; Extra Fitter Information ;
----------------------------
HTML report is unavailable in plain text report export.


Path #13: Recovery slack is -2.332 (VIOLATED)
===============================================================================
+----------------------------------------------------------------------------------------------+
; Path Summary                                                                                 ;
+--------------------+-------------------------------------------------------------------------+
; Property           ; Value                                                                   ;
+--------------------+-------------------------------------------------------------------------+
; From Node          ; emu:emu|audio_reset_stretch[4]~DUPLICATE                                ;
; To Node            ; emu:emu|audio_flac_eos_sync[0]                                          ;
; Launch Clock       ; emu|pll|pll_inst|altera_pll_i|general[0].gpll~PLL_OUTPUT_COUNTER|divclk ;
; Latch Clock        ; emu|pll|pll_inst|altera_pll_i|general[2].gpll~PLL_OUTPUT_COUNTER|divclk ;
; Data Arrival Time  ; 357.672                                                                 ;
; Data Required Time ; 355.340                                                                 ;
; Slack              ; -2.332 (VIOLATED)                                                       ;
+--------------------+-------------------------------------------------------------------------+

+--------------------------------------------------------------------------------------+
; Statistics                                                                           ;
+------------------------+--------+-------+-------------+------------+--------+--------+
; Property               ; Value  ; Count ; Total Delay ; % of Total ; Min    ; Max    ;
+------------------------+--------+-------+-------------+------------+--------+--------+
; Recovery Relationship  ; 1.842  ;       ;             ;            ;        ;        ;
; Clock Skew             ; -0.874 ;       ;             ;            ;        ;        ;
; Data Delay             ; 3.140  ;       ;             ;            ;        ;        ;
; Number of Logic Levels ;        ; 2     ;             ;            ;        ;        ;
; Physical Delays        ;        ;       ;             ;            ;        ;        ;
;  Arrival Path          ;        ;       ;             ;            ;        ;        ;
;   Clock                ;        ;       ;             ;            ;        ;        ;
;    IC                  ;        ; 6     ; -0.001      ; 0          ; -0.001 ; 0.000  ;
;    Cell                ;        ; 5     ; 3.525       ; 42         ; 0.322  ; 1.535  ;
;    PLL Compensation    ;        ; 1     ; -3.768      ; 0          ; -3.768 ; -3.768 ;
;    Routing Element     ;        ; 38    ; 4.776       ; 58         ; 0.000  ; 1.135  ;
;   Data                 ;        ;       ;             ;            ;        ;        ;
;    IC                  ;        ; 3     ; 0.000       ; 0          ; -0.001 ; 0.001  ;
;    Cell                ;        ; 4     ; 1.672       ; 53         ; 0.000  ; 0.623  ;
;    uTco                ;        ; 1     ; 0.000       ; 0          ; 0.000  ; 0.000  ;
;    Routing Element     ;        ; 15    ; 1.468       ; 47         ; 0.000  ; 0.200  ;
;  Required Path         ;        ;       ;             ;            ;        ;        ;
;   Clock                ;        ;       ;             ;            ;        ;        ;
;    IC                  ;        ; 6     ; 0.000       ; 0          ; 0.000  ; 0.000  ;
;    Cell                ;        ; 5     ; 3.142       ; 43         ; 0.296  ; 1.268  ;
;    PLL Compensation    ;        ; 1     ; -4.932      ; 0          ; -4.932 ; -4.932 ;
;    Routing Element     ;        ; 38    ; 4.095       ; 57         ; 0.000  ; 0.788  ;
+------------------------+--------+-------+-------------+------------+--------+--------+
Note: Negative delays are omitted from totals when calculating percentages

+---------------------------------------------------------------------------------------------------------------------------------------------------------------------+
; Data Arrival Path                                                                                                                                                   ;
+-----------+----------+----+------+--------+--------------------------------------------+----------------------------------------------------------------------------+
; Total     ; Incr     ; RF ; Type ; Fanout ; Location                                   ; Element                                                                    ;
+-----------+----------+----+------+--------+--------------------------------------------+----------------------------------------------------------------------------+
; 350.000   ; 350.000  ;    ;      ;        ;                                            ; launch edge time                                                           ;
; 354.532   ; 4.532    ;    ;      ;        ;                                            ; clock path                                                                 ;
;   350.000 ;   0.000  ;    ;      ;        ;                                            ; source latency                                                             ;
;   350.000 ;   0.000  ;    ;      ; 1      ; PIN_Y13                                    ; FPGA_CLK2_50                                                               ;
;   350.000 ;   0.000  ;    ; RE   ; 1      ; IOPAD_X56_Y0_N0                            ; ARRIAV_IO_PAD                                                              ;
;   350.000 ;   0.000  ;    ; RE   ; 1      ; IO_PAD_OUTPUT_X56_Y0_N0_I1                 ; IO_PAD_OUTPUT                                                              ;
;   350.000 ;   0.000  ;    ; RE   ; 1      ; IO_INPUT_BUFFER_INPUT_X56_Y0_N1_I0         ; IO_INPUT_BUFFER_INPUT                                                      ;
;   350.000 ;   0.000  ; RR ; IC   ; 1      ; IOIBUF_X56_Y0_N1                           ; FPGA_CLK2_50~input|i                                                       ;
;   350.761 ;   0.761  ; RR ; CELL ; 2      ; IOIBUF_X56_Y0_N1                           ; FPGA_CLK2_50~input|o                                                       ;
;   350.761 ;   0.000  ;    ; RE   ; 1      ; IOIBUF_X56_Y0_N1                           ; ARRIAV_IO_IBUF                                                             ;
;   350.761 ;   0.000  ;    ; RE   ; 1      ; IO_INPUT_BUFFER_OUTPUT_X56_Y0_N1_I2        ; IO_INPUT_BUFFER_OUTPUT                                                     ;
;   350.761 ;   0.000  ;    ; RE   ; 1      ; IO_RE_X56_Y0_N0_I96                        ; IO_RE                                                                      ;
;   351.260 ;   0.499  ;    ; RE   ; 2      ; IO_RE_X56_Y0_N0_I66                        ; IO_RE                                                                      ;
;   352.096 ;   0.836  ;    ; RE   ; 1      ; FF_PLL_RE_X89_Y0_N0_I3                     ; FF_PLL_RE                                                                  ;
;   352.096 ;   0.000  ;    ; RE   ; 1      ; F_PLL_BLOCK_RE_X89_Y0_N0_I2                ; F_PLL_BLOCK_RE                                                             ;
;   352.096 ;   0.000  ;    ; RE   ; 1      ; PLL_REFCLK_SELECT_INPUT_X89_Y7_N0_I2       ; PLL_REFCLK_SELECT_INPUT                                                    ;
;   352.096 ;   0.000  ; RR ; IC   ; 1      ; PLLREFCLKSELECT_X89_Y7_N0                  ; emu|pll|pll_inst|altera_pll_i|general[0].gpll~PLL_REFCLK_SELECT|clkin[0]   ;
;   352.429 ;   0.333  ; RR ; CELL ; 1      ; PLLREFCLKSELECT_X89_Y7_N0                  ; emu|pll|pll_inst|altera_pll_i|general[0].gpll~PLL_REFCLK_SELECT|clkout     ;
;   352.429 ;   0.000  ;    ; RE   ; 2      ; PLLREFCLKSELECT_X89_Y7_N0                  ; CYCLONEV_PLL_REFCLK_SELECT                                                 ;
;   352.429 ;   0.000  ;    ; RE   ; 1      ; PLL_REFCLK_SELECT_OUTPUT_X89_Y7_N0_I15     ; PLL_REFCLK_SELECT_OUTPUT                                                   ;
;   352.429 ;   0.000  ;    ; RE   ; 1      ; FRACTIONAL_PLL_INPUT_X89_Y1_N0_I7          ; FRACTIONAL_PLL_INPUT                                                       ;
;   352.429 ;   0.000  ; RR ; IC   ; 10     ; FRACTIONALPLL_X89_Y1_N0                    ; emu|pll|pll_inst|altera_pll_i|general[0].gpll~FRACTIONAL_PLL|refclkin      ;
;   348.661 ;   -3.768 ; RR ; COMP ; 3      ; FRACTIONALPLL_X89_Y1_N0                    ; emu|pll|pll_inst|altera_pll_i|general[0].gpll~FRACTIONAL_PLL|vcoph[0]      ;
;   348.661 ;   0.000  ;    ; RE   ; 19     ; FRACTIONALPLL_X89_Y1_N0                    ; CYCLONEV_FRACTIONAL_PLL                                                    ;
;   348.661 ;   0.000  ;    ; RE   ; 1      ; FRACTIONAL_PLL_OUTPUT_X89_Y1_N0_I19        ; FRACTIONAL_PLL_OUTPUT                                                      ;
;   348.661 ;   0.000  ;    ; RE   ; 3      ; F_PLL_BLOCK_RE_X89_Y0_N0_I109              ; F_PLL_BLOCK_RE                                                             ;
;   348.661 ;   0.000  ;    ; RE   ; 1      ; PLL_OUTPUT_COUNTER_INPUT_X89_Y2_N1_I7      ; PLL_OUTPUT_COUNTER_INPUT                                                   ;
;   348.661 ;   0.000  ; RR ; IC   ; 1      ; PLLOUTPUTCOUNTER_X89_Y2_N1                 ; emu|pll|pll_inst|altera_pll_i|general[0].gpll~PLL_OUTPUT_COUNTER|vco0ph[0] ;
;   350.196 ;   1.535  ; RR ; CELL ; 1      ; PLLOUTPUTCOUNTER_X89_Y2_N1                 ; emu|pll|pll_inst|altera_pll_i|general[0].gpll~PLL_OUTPUT_COUNTER|divclk    ;
;   350.196 ;   0.000  ;    ; RE   ; 1      ; PLLOUTPUTCOUNTER_X89_Y2_N1                 ; CYCLONEV_PLL_OUTPUT_COUNTER                                                ;
;   350.196 ;   0.000  ;    ; RE   ; 1      ; PLL_OUTPUT_COUNTER_OUTPUT_X89_Y2_N1_I16    ; PLL_OUTPUT_COUNTER_OUTPUT                                                  ;
;   350.676 ;   0.480  ;    ; RE   ; 1      ; FF_PLL_RE_X89_Y0_N0_I103                   ; FF_PLL_RE                                                                  ;
;   351.215 ;   0.539  ;    ; RE   ; 1      ; CLKBUF_CLUSTER_RE_X89_Y35_N3_I435          ; CLKBUF_CLUSTER_RE                                                          ;
;   351.215 ;   0.000  ;    ; RE   ; 1      ; CLKBUF_CLUSTER_RE_X89_Y35_N3_I693          ; CLKBUF_CLUSTER_RE                                                          ;
;   351.215 ;   0.000  ;    ; RE   ; 1      ; GCLK_CLUSTER_RE_X89_Y35_N12_I10            ; GCLK_CLUSTER_RE                                                            ;
;   351.215 ;   0.000  ;    ; RE   ; 1      ; CLKBUFBLOCK_INPUT_X89_Y35_N13_I0           ; CLKBUFBLOCK_INPUT                                                          ;
;   351.215 ;   0.000  ; RR ; IC   ; 1      ; CLKCTRL_G11                                ; emu|pll|pll_inst|altera_pll_i|outclk_wire[0]~CLKENA0|inclk                 ;
;   351.537 ;   0.322  ; RR ; CELL ; 1342   ; CLKCTRL_G11                                ; emu|pll|pll_inst|altera_pll_i|outclk_wire[0]~CLKENA0|outclk                ;
;   351.537 ;   0.000  ;    ; RE   ; 1      ; CLKCTRL_G11                                ; ARRIAV_CLKBUF                                                              ;
;   351.537 ;   0.000  ;    ; RE   ; 1      ; CLKBUFBLOCK_OUTPUT_X89_Y35_N13_I2          ; CLKBUFBLOCK_OUTPUT                                                         ;
;   351.537 ;   0.000  ;    ; RE   ; 1      ; GCLK_CLUSTER_RE_X89_Y35_N12_I12            ; GCLK_CLUSTER_RE                                                            ;
;   351.537 ;   0.000  ;    ; RE   ; 1      ; CLKBUF_CLUSTER_RE_X89_Y35_N3_I418          ; CLKBUF_CLUSTER_RE                                                          ;
;   352.672 ;   1.135  ;    ; RE   ; 7      ; GLOBAL_CLOCK_X0_Y36_N0_I11                 ; GLOBAL_CLOCK                                                               ;
;   352.820 ;   0.148  ;    ; RE   ; 20     ; SPINE_CLOCK_X15_Y59_N0_I19                 ; SPINE_CLOCK                                                                ;
;   353.207 ;   0.387  ;    ; RE   ; 1      ; SCLK_TO_ROWCLK_BUF_X15_Y75_N0_I115         ; SCLK_TO_ROWCLK_BUF                                                         ;
;   353.291 ;   0.084  ;    ; RE   ; 2      ; SCLK_TO_ROWCLK_BUF_X15_Y75_N0_I118         ; SCLK_TO_ROWCLK_BUF                                                         ;
;   353.724 ;   0.433  ;    ; RE   ; 3      ; LAB_CLK_X0_Y75_N0_I5                       ; LAB_CLK                                                                    ;
;   353.862 ;   0.138  ;    ; RE   ; 1      ; BLK_CLK_BUF_X12_Y75_N0_I5                  ; BLK_CLK_BUF                                                                ;
;   353.909 ;   0.047  ;    ; RE   ; 1      ; ROWCLKSEL_PREBUF_X12_Y75_N0_I5             ; ROWCLKSEL_PREBUF                                                           ;
;   353.959 ;   0.050  ;    ; RE   ; 1      ; ROWCLKSEL_X12_Y75_N0_I0                    ; ROWCLKSEL                                                                  ;
;   353.959 ;   0.000  ;    ; RE   ; 2      ; GLOBAL_LOCAL_SEL_X12_Y75_N0_I0             ; GLOBAL_LOCAL_SEL                                                           ;
;   353.959 ;   0.000  ;    ; RE   ; 15     ; LAB_INPUT_X12_Y75_N0_I1                    ; LAB_INPUT                                                                  ;
;   353.958 ;   -0.001 ; RR ; IC   ; 1      ; FF_X12_Y75_N38                             ; emu|audio_reset_stretch[4]~DUPLICATE|clk                                   ;
;   354.532 ;   0.574  ; RR ; CELL ; 1      ; FF_X12_Y75_N38                             ; emu:emu|audio_reset_stretch[4]~DUPLICATE                                   ;
; 357.672   ; 3.140    ;    ;      ;        ;                                            ; data path                                                                  ;
;   354.532 ;   0.000  ;    ; uTco ; 1      ; FF_X12_Y75_N38                             ; emu:emu|audio_reset_stretch[4]~DUPLICATE                                   ;
;   354.532 ;   0.000  ; RR ; CELL ; 1      ; FF_X12_Y75_N38                             ; emu|audio_reset_stretch[4]~DUPLICATE|q                                     ;
;   354.604 ;   0.072  ;    ; RE   ; 1      ; FF_X12_Y75_N38                             ; ARRIAV_FF                                                                  ;
;   354.752 ;   0.148  ;    ; RE   ; 1      ; LOCAL_LINE_X12_Y75_N0_I12                  ; LOCAL_LINE                                                                 ;
;   354.907 ;   0.155  ;    ; RE   ; 1      ; BLOCK_INPUT_MUX_X12_Y75_N0_I4              ; LEIM_INPUT                                                                 ;
;   354.907 ;   0.000  ; RR ; IC   ; 1      ; LABCELL_X12_Y75_N3                         ; emu|Equal4~0|datad                                                         ;
;   355.406 ;   0.499  ; RF ; CELL ; 6      ; LABCELL_X12_Y75_N3                         ; emu|Equal4~0|combout                                                       ;
;   355.406 ;   0.000  ;    ; RE   ; 2      ; LABCELL_X12_Y75_N3                         ; ARRIAV_LCELL_COMB                                                          ;
;   355.495 ;   0.089  ;    ; RE   ; 2      ; LE_BUFFER_X12_Y75_N0_I3                    ; LE_BUFFER                                                                  ;
;   355.639 ;   0.144  ;    ; RE   ; 1      ; LOCAL_INTERCONNECT_X11_Y75_N0_I1           ; LAB_LINE                                                                   ;
;   355.738 ;   0.099  ;    ; RE   ; 1      ; BLOCK_INPUT_MUX_X11_Y75_N0_I26             ; LEIM_INPUT                                                                 ;
;   355.737 ;   -0.001 ; FF ; IC   ; 1      ; LABCELL_X11_Y75_N21                        ; emu|audio_reset_request|dataa                                              ;
;   356.287 ;   0.550  ; FR ; CELL ; 22     ; LABCELL_X11_Y75_N21                        ; emu|audio_reset_request|combout                                            ;
;   356.287 ;   0.000  ;    ; RE   ; 2      ; LABCELL_X11_Y75_N21                        ; ARRIAV_LCELL_COMB                                                          ;
;   356.380 ;   0.093  ;    ; RE   ; 2      ; LE_BUFFER_X11_Y75_N0_I14                   ; LE_BUFFER                                                                  ;
;   356.546 ;   0.166  ;    ; RE   ; 2      ; R6_X6_Y75_N0_I21                           ; H_SEG6                                                                     ;
;   356.700 ;   0.154  ;    ; RE   ; 3      ; R3_X9_Y75_N0_I14                           ; H_SEG3                                                                     ;
;   356.848 ;   0.148  ;    ; RE   ; 1      ; LOCAL_INTERCONNECT_X11_Y75_N0_I22          ; LAB_LINE                                                                   ;
;   357.048 ;   0.200  ;    ; RE   ; 1      ; BLOCK_INPUT_MUX_PASSTHROUGH_X11_Y75_N0_I83 ; LEIM                                                                       ;
;   357.048 ;   0.000  ;    ; RE   ; 1      ; GLOBAL_LOCAL_SEL_X11_Y75_N0_I2             ; GLOBAL_LOCAL_SEL                                                           ;
;   357.048 ;   0.000  ;    ; RE   ; 6      ; LAB_INPUT_X11_Y75_N0_I3                    ; LAB_INPUT                                                                  ;
;   357.049 ;   0.001  ; RR ; IC   ; 1      ; FF_X11_Y75_N23                             ; emu|audio_flac_eos_sync[0]|clrn                                            ;
;   357.672 ;   0.623  ; RF ; CELL ; 1      ; FF_X11_Y75_N23                             ; emu:emu|audio_flac_eos_sync[0]                                             ;
+-----------+----------+----+------+--------+--------------------------------------------+----------------------------------------------------------------------------+

+------------------------------------------------------------------------------------------------------------------------------------------------------------------+
; Data Required Path                                                                                                                                               ;
+-----------+----------+----+------+--------+-----------------------------------------+----------------------------------------------------------------------------+
; Total     ; Incr     ; RF ; Type ; Fanout ; Location                                ; Element                                                                    ;
+-----------+----------+----+------+--------+-----------------------------------------+----------------------------------------------------------------------------+
; 351.842   ; 351.842  ;    ;      ;        ;                                         ; latch edge time                                                            ;
; 355.500   ; 3.658    ;    ;      ;        ;                                         ; clock path                                                                 ;
;   351.842 ;   0.000  ;    ;      ;        ;                                         ; source latency                                                             ;
;   351.842 ;   0.000  ;    ;      ; 1      ; PIN_Y13                                 ; FPGA_CLK2_50                                                               ;
;   351.842 ;   0.000  ;    ; RE   ; 1      ; IOPAD_X56_Y0_N0                         ; ARRIAV_IO_PAD                                                              ;
;   351.842 ;   0.000  ;    ; RE   ; 1      ; IO_PAD_OUTPUT_X56_Y0_N0_I1              ; IO_PAD_OUTPUT                                                              ;
;   351.842 ;   0.000  ;    ; RE   ; 1      ; IO_INPUT_BUFFER_INPUT_X56_Y0_N1_I0      ; IO_INPUT_BUFFER_INPUT                                                      ;
;   351.842 ;   0.000  ; RR ; IC   ; 1      ; IOIBUF_X56_Y0_N1                        ; FPGA_CLK2_50~input|i                                                       ;
;   352.603 ;   0.761  ; RR ; CELL ; 2      ; IOIBUF_X56_Y0_N1                        ; FPGA_CLK2_50~input|o                                                       ;
;   352.603 ;   0.000  ;    ; RE   ; 1      ; IOIBUF_X56_Y0_N1                        ; ARRIAV_IO_IBUF                                                             ;
;   352.603 ;   0.000  ;    ; RE   ; 1      ; IO_INPUT_BUFFER_OUTPUT_X56_Y0_N1_I2     ; IO_INPUT_BUFFER_OUTPUT                                                     ;
;   352.603 ;   0.000  ;    ; RE   ; 1      ; IO_RE_X56_Y0_N0_I96                     ; IO_RE                                                                      ;
;   352.986 ;   0.383  ;    ; RE   ; 2      ; IO_RE_X56_Y0_N0_I66                     ; IO_RE                                                                      ;
;   353.774 ;   0.788  ;    ; RE   ; 1      ; FF_PLL_RE_X89_Y0_N0_I3                  ; FF_PLL_RE                                                                  ;
;   353.774 ;   0.000  ;    ; RE   ; 1      ; F_PLL_BLOCK_RE_X89_Y0_N0_I2             ; F_PLL_BLOCK_RE                                                             ;
;   353.774 ;   0.000  ;    ; RE   ; 1      ; PLL_REFCLK_SELECT_INPUT_X89_Y7_N0_I2    ; PLL_REFCLK_SELECT_INPUT                                                    ;
;   353.774 ;   0.000  ; RR ; IC   ; 1      ; PLLREFCLKSELECT_X89_Y7_N0               ; emu|pll|pll_inst|altera_pll_i|general[0].gpll~PLL_REFCLK_SELECT|clkin[0]   ;
;   354.082 ;   0.308  ; RR ; CELL ; 1      ; PLLREFCLKSELECT_X89_Y7_N0               ; emu|pll|pll_inst|altera_pll_i|general[0].gpll~PLL_REFCLK_SELECT|clkout     ;
;   354.082 ;   0.000  ;    ; RE   ; 2      ; PLLREFCLKSELECT_X89_Y7_N0               ; CYCLONEV_PLL_REFCLK_SELECT                                                 ;
;   354.082 ;   0.000  ;    ; RE   ; 1      ; PLL_REFCLK_SELECT_OUTPUT_X89_Y7_N0_I15  ; PLL_REFCLK_SELECT_OUTPUT                                                   ;
;   354.082 ;   0.000  ;    ; RE   ; 1      ; FRACTIONAL_PLL_INPUT_X89_Y1_N0_I7       ; FRACTIONAL_PLL_INPUT                                                       ;
;   354.082 ;   0.000  ; RR ; IC   ; 10     ; FRACTIONALPLL_X89_Y1_N0                 ; emu|pll|pll_inst|altera_pll_i|general[0].gpll~FRACTIONAL_PLL|refclkin      ;
;   349.150 ;   -4.932 ; RR ; COMP ; 3      ; FRACTIONALPLL_X89_Y1_N0                 ; emu|pll|pll_inst|altera_pll_i|general[0].gpll~FRACTIONAL_PLL|vcoph[0]      ;
;   349.150 ;   0.000  ;    ; RE   ; 19     ; FRACTIONALPLL_X89_Y1_N0                 ; CYCLONEV_FRACTIONAL_PLL                                                    ;
;   349.150 ;   0.000  ;    ; RE   ; 1      ; FRACTIONAL_PLL_OUTPUT_X89_Y1_N0_I19     ; FRACTIONAL_PLL_OUTPUT                                                      ;
;   349.150 ;   0.000  ;    ; RE   ; 3      ; F_PLL_BLOCK_RE_X89_Y0_N0_I109           ; F_PLL_BLOCK_RE                                                             ;
;   349.150 ;   0.000  ;    ; RE   ; 1      ; PLL_OUTPUT_COUNTER_INPUT_X89_Y0_N1_I7   ; PLL_OUTPUT_COUNTER_INPUT                                                   ;
;   349.150 ;   0.000  ; RR ; IC   ; 1      ; PLLOUTPUTCOUNTER_X89_Y0_N1              ; emu|pll|pll_inst|altera_pll_i|general[2].gpll~PLL_OUTPUT_COUNTER|vco0ph[0] ;
;   350.418 ;   1.268  ; RR ; CELL ; 1      ; PLLOUTPUTCOUNTER_X89_Y0_N1              ; emu|pll|pll_inst|altera_pll_i|general[2].gpll~PLL_OUTPUT_COUNTER|divclk    ;
;   350.418 ;   0.000  ;    ; RE   ; 1      ; PLLOUTPUTCOUNTER_X89_Y0_N1              ; CYCLONEV_PLL_OUTPUT_COUNTER                                                ;
;   350.418 ;   0.000  ;    ; RE   ; 1      ; PLL_OUTPUT_COUNTER_OUTPUT_X89_Y0_N1_I16 ; PLL_OUTPUT_COUNTER_OUTPUT                                                  ;
;   350.855 ;   0.437  ;    ; RE   ; 1      ; FF_PLL_RE_X89_Y0_N0_I101                ; FF_PLL_RE                                                                  ;
;   351.362 ;   0.507  ;    ; RE   ; 1      ; CLKBUF_CLUSTER_RE_X89_Y35_N3_I433       ; CLKBUF_CLUSTER_RE                                                          ;
;   351.362 ;   0.000  ;    ; RE   ; 1      ; CLKBUF_CLUSTER_RE_X89_Y35_N3_I563       ; CLKBUF_CLUSTER_RE                                                          ;
;   351.362 ;   0.000  ;    ; RE   ; 1      ; GCLK_CLUSTER_RE_X89_Y35_N6_I10          ; GCLK_CLUSTER_RE                                                            ;
;   351.362 ;   0.000  ;    ; RE   ; 1      ; CLKBUFBLOCK_INPUT_X89_Y35_N7_I0         ; CLKBUFBLOCK_INPUT                                                          ;
;   351.362 ;   0.000  ; RR ; IC   ; 1      ; CLKCTRL_G9                              ; emu|pll|pll_inst|altera_pll_i|outclk_wire[2]~CLKENA0|inclk                 ;
;   351.658 ;   0.296  ; RR ; CELL ; 32647  ; CLKCTRL_G9                              ; emu|pll|pll_inst|altera_pll_i|outclk_wire[2]~CLKENA0|outclk                ;
;   351.658 ;   0.000  ;    ; RE   ; 1      ; CLKCTRL_G9                              ; ARRIAV_CLKBUF                                                              ;
;   351.658 ;   0.000  ;    ; RE   ; 1      ; CLKBUFBLOCK_OUTPUT_X89_Y35_N7_I2        ; CLKBUFBLOCK_OUTPUT                                                         ;
;   351.658 ;   0.000  ;    ; RE   ; 1      ; GCLK_CLUSTER_RE_X89_Y35_N6_I12          ; GCLK_CLUSTER_RE                                                            ;
;   351.658 ;   0.000  ;    ; RE   ; 1      ; CLKBUF_CLUSTER_RE_X89_Y35_N3_I416       ; CLKBUF_CLUSTER_RE                                                          ;
;   352.407 ;   0.749  ;    ; RE   ; 12     ; GLOBAL_CLOCK_X0_Y36_N0_I9               ; GLOBAL_CLOCK                                                               ;
;   352.562 ;   0.155  ;    ; RE   ; 7      ; SPINE_CLOCK_X15_Y59_N0_I7               ; SPINE_CLOCK                                                                ;
;   352.936 ;   0.374  ;    ; RE   ; 1      ; SCLK_TO_ROWCLK_BUF_X15_Y75_N0_I42       ; SCLK_TO_ROWCLK_BUF                                                         ;
;   353.008 ;   0.072  ;    ; RE   ; 1      ; SCLK_TO_ROWCLK_BUF_X15_Y75_N0_I45       ; SCLK_TO_ROWCLK_BUF                                                         ;
;   353.420 ;   0.412  ;    ; RE   ; 6      ; LAB_CLK_X0_Y75_N0_I2                    ; LAB_CLK                                                                    ;
;   353.547 ;   0.127  ;    ; RE   ; 1      ; BLK_CLK_BUF_X11_Y75_N0_I2               ; BLK_CLK_BUF                                                                ;
;   353.592 ;   0.045  ;    ; RE   ; 1      ; ROWCLKSEL_PREBUF_X11_Y75_N0_I2          ; ROWCLKSEL_PREBUF                                                           ;
;   353.638 ;   0.046  ;    ; RE   ; 1      ; ROWCLKSEL_X11_Y75_N0_I0                 ; ROWCLKSEL                                                                  ;
;   353.638 ;   0.000  ;    ; RE   ; 1      ; GLOBAL_LOCAL_SEL_X11_Y75_N0_I0          ; GLOBAL_LOCAL_SEL                                                           ;
;   353.638 ;   0.000  ;    ; RE   ; 6      ; LAB_INPUT_X11_Y75_N0_I0                 ; LAB_INPUT                                                                  ;
;   353.638 ;   0.000  ; RR ; IC   ; 1      ; FF_X11_Y75_N23                          ; emu|audio_flac_eos_sync[0]|clk                                             ;
;   354.147 ;   0.509  ; RR ; CELL ; 1      ; FF_X11_Y75_N23                          ; emu:emu|audio_flac_eos_sync[0]                                             ;
;   355.500 ;   1.353  ;    ;      ;        ;                                         ; clock pessimism removed                                                    ;
; 355.340   ; -0.160   ;    ;      ;        ;                                         ; clock uncertainty                                                          ;
; 355.340   ; 0.000    ;    ; uTsu ; 1      ; FF_X11_Y75_N23                          ; emu:emu|audio_flac_eos_sync[0]                                             ;
+-----------+----------+----+------+--------+-----------------------------------------+----------------------------------------------------------------------------+

----------------------------
; Extra Fitter Information ;
----------------------------
HTML report is unavailable in plain text report export.


Path #14: Recovery slack is -2.329 (VIOLATED)
===============================================================================
+----------------------------------------------------------------------------------------------+
; Path Summary                                                                                 ;
+--------------------+-------------------------------------------------------------------------+
; Property           ; Value                                                                   ;
+--------------------+-------------------------------------------------------------------------+
; From Node          ; emu:emu|audio_reset_stretch[0]                                          ;
; To Node            ; emu:emu|audio_mode_meta[0]                                              ;
; Launch Clock       ; emu|pll|pll_inst|altera_pll_i|general[0].gpll~PLL_OUTPUT_COUNTER|divclk ;
; Latch Clock        ; emu|pll|pll_inst|altera_pll_i|general[2].gpll~PLL_OUTPUT_COUNTER|divclk ;
; Data Arrival Time  ; 357.690                                                                 ;
; Data Required Time ; 355.361                                                                 ;
; Slack              ; -2.329 (VIOLATED)                                                       ;
+--------------------+-------------------------------------------------------------------------+

+--------------------------------------------------------------------------------------+
; Statistics                                                                           ;
+------------------------+--------+-------+-------------+------------+--------+--------+
; Property               ; Value  ; Count ; Total Delay ; % of Total ; Min    ; Max    ;
+------------------------+--------+-------+-------------+------------+--------+--------+
; Recovery Relationship  ; 1.842  ;       ;             ;            ;        ;        ;
; Clock Skew             ; -0.858 ;       ;             ;            ;        ;        ;
; Data Delay             ; 3.153  ;       ;             ;            ;        ;        ;
; Number of Logic Levels ;        ; 2     ;             ;            ;        ;        ;
; Physical Delays        ;        ;       ;             ;            ;        ;        ;
;  Arrival Path          ;        ;       ;             ;            ;        ;        ;
;   Clock                ;        ;       ;             ;            ;        ;        ;
;    IC                  ;        ; 6     ; -0.001      ; 0          ; -0.001 ; 0.000  ;
;    Cell                ;        ; 5     ; 3.530       ; 42         ; 0.322  ; 1.535  ;
;    PLL Compensation    ;        ; 1     ; -3.768      ; 0          ; -3.768 ; -3.768 ;
;    Routing Element     ;        ; 38    ; 4.776       ; 58         ; 0.000  ; 1.135  ;
;   Data                 ;        ;       ;             ;            ;        ;        ;
;    IC                  ;        ; 3     ; 0.000       ; 0          ; -0.001 ; 0.001  ;
;    Cell                ;        ; 4     ; 1.748       ; 55         ; 0.000  ; 0.606  ;
;    uTco                ;        ; 1     ; 0.000       ; 0          ; 0.000  ; 0.000  ;
;    Routing Element     ;        ; 15    ; 1.405       ; 45         ; 0.000  ; 0.212  ;
;  Required Path         ;        ;       ;             ;            ;        ;        ;
;   Clock                ;        ;       ;             ;            ;        ;        ;
;    IC                  ;        ; 6     ; 0.000       ; 0          ; 0.000  ; 0.000  ;
;    Cell                ;        ; 5     ; 3.148       ; 43         ; 0.296  ; 1.268  ;
;    PLL Compensation    ;        ; 1     ; -4.932      ; 0          ; -4.932 ; -4.932 ;
;    Routing Element     ;        ; 38    ; 4.110       ; 57         ; 0.000  ; 0.788  ;
+------------------------+--------+-------+-------------+------------+--------+--------+
Note: Negative delays are omitted from totals when calculating percentages

+---------------------------------------------------------------------------------------------------------------------------------------------------------------------+
; Data Arrival Path                                                                                                                                                   ;
+-----------+----------+----+------+--------+--------------------------------------------+----------------------------------------------------------------------------+
; Total     ; Incr     ; RF ; Type ; Fanout ; Location                                   ; Element                                                                    ;
+-----------+----------+----+------+--------+--------------------------------------------+----------------------------------------------------------------------------+
; 350.000   ; 350.000  ;    ;      ;        ;                                            ; launch edge time                                                           ;
; 354.537   ; 4.537    ;    ;      ;        ;                                            ; clock path                                                                 ;
;   350.000 ;   0.000  ;    ;      ;        ;                                            ; source latency                                                             ;
;   350.000 ;   0.000  ;    ;      ; 1      ; PIN_Y13                                    ; FPGA_CLK2_50                                                               ;
;   350.000 ;   0.000  ;    ; RE   ; 1      ; IOPAD_X56_Y0_N0                            ; ARRIAV_IO_PAD                                                              ;
;   350.000 ;   0.000  ;    ; RE   ; 1      ; IO_PAD_OUTPUT_X56_Y0_N0_I1                 ; IO_PAD_OUTPUT                                                              ;
;   350.000 ;   0.000  ;    ; RE   ; 1      ; IO_INPUT_BUFFER_INPUT_X56_Y0_N1_I0         ; IO_INPUT_BUFFER_INPUT                                                      ;
;   350.000 ;   0.000  ; RR ; IC   ; 1      ; IOIBUF_X56_Y0_N1                           ; FPGA_CLK2_50~input|i                                                       ;
;   350.761 ;   0.761  ; RR ; CELL ; 2      ; IOIBUF_X56_Y0_N1                           ; FPGA_CLK2_50~input|o                                                       ;
;   350.761 ;   0.000  ;    ; RE   ; 1      ; IOIBUF_X56_Y0_N1                           ; ARRIAV_IO_IBUF                                                             ;
;   350.761 ;   0.000  ;    ; RE   ; 1      ; IO_INPUT_BUFFER_OUTPUT_X56_Y0_N1_I2        ; IO_INPUT_BUFFER_OUTPUT                                                     ;
;   350.761 ;   0.000  ;    ; RE   ; 1      ; IO_RE_X56_Y0_N0_I96                        ; IO_RE                                                                      ;
;   351.260 ;   0.499  ;    ; RE   ; 2      ; IO_RE_X56_Y0_N0_I66                        ; IO_RE                                                                      ;
;   352.096 ;   0.836  ;    ; RE   ; 1      ; FF_PLL_RE_X89_Y0_N0_I3                     ; FF_PLL_RE                                                                  ;
;   352.096 ;   0.000  ;    ; RE   ; 1      ; F_PLL_BLOCK_RE_X89_Y0_N0_I2                ; F_PLL_BLOCK_RE                                                             ;
;   352.096 ;   0.000  ;    ; RE   ; 1      ; PLL_REFCLK_SELECT_INPUT_X89_Y7_N0_I2       ; PLL_REFCLK_SELECT_INPUT                                                    ;
;   352.096 ;   0.000  ; RR ; IC   ; 1      ; PLLREFCLKSELECT_X89_Y7_N0                  ; emu|pll|pll_inst|altera_pll_i|general[0].gpll~PLL_REFCLK_SELECT|clkin[0]   ;
;   352.429 ;   0.333  ; RR ; CELL ; 1      ; PLLREFCLKSELECT_X89_Y7_N0                  ; emu|pll|pll_inst|altera_pll_i|general[0].gpll~PLL_REFCLK_SELECT|clkout     ;
;   352.429 ;   0.000  ;    ; RE   ; 2      ; PLLREFCLKSELECT_X89_Y7_N0                  ; CYCLONEV_PLL_REFCLK_SELECT                                                 ;
;   352.429 ;   0.000  ;    ; RE   ; 1      ; PLL_REFCLK_SELECT_OUTPUT_X89_Y7_N0_I15     ; PLL_REFCLK_SELECT_OUTPUT                                                   ;
;   352.429 ;   0.000  ;    ; RE   ; 1      ; FRACTIONAL_PLL_INPUT_X89_Y1_N0_I7          ; FRACTIONAL_PLL_INPUT                                                       ;
;   352.429 ;   0.000  ; RR ; IC   ; 10     ; FRACTIONALPLL_X89_Y1_N0                    ; emu|pll|pll_inst|altera_pll_i|general[0].gpll~FRACTIONAL_PLL|refclkin      ;
;   348.661 ;   -3.768 ; RR ; COMP ; 3      ; FRACTIONALPLL_X89_Y1_N0                    ; emu|pll|pll_inst|altera_pll_i|general[0].gpll~FRACTIONAL_PLL|vcoph[0]      ;
;   348.661 ;   0.000  ;    ; RE   ; 19     ; FRACTIONALPLL_X89_Y1_N0                    ; CYCLONEV_FRACTIONAL_PLL                                                    ;
;   348.661 ;   0.000  ;    ; RE   ; 1      ; FRACTIONAL_PLL_OUTPUT_X89_Y1_N0_I19        ; FRACTIONAL_PLL_OUTPUT                                                      ;
;   348.661 ;   0.000  ;    ; RE   ; 3      ; F_PLL_BLOCK_RE_X89_Y0_N0_I109              ; F_PLL_BLOCK_RE                                                             ;
;   348.661 ;   0.000  ;    ; RE   ; 1      ; PLL_OUTPUT_COUNTER_INPUT_X89_Y2_N1_I7      ; PLL_OUTPUT_COUNTER_INPUT                                                   ;
;   348.661 ;   0.000  ; RR ; IC   ; 1      ; PLLOUTPUTCOUNTER_X89_Y2_N1                 ; emu|pll|pll_inst|altera_pll_i|general[0].gpll~PLL_OUTPUT_COUNTER|vco0ph[0] ;
;   350.196 ;   1.535  ; RR ; CELL ; 1      ; PLLOUTPUTCOUNTER_X89_Y2_N1                 ; emu|pll|pll_inst|altera_pll_i|general[0].gpll~PLL_OUTPUT_COUNTER|divclk    ;
;   350.196 ;   0.000  ;    ; RE   ; 1      ; PLLOUTPUTCOUNTER_X89_Y2_N1                 ; CYCLONEV_PLL_OUTPUT_COUNTER                                                ;
;   350.196 ;   0.000  ;    ; RE   ; 1      ; PLL_OUTPUT_COUNTER_OUTPUT_X89_Y2_N1_I16    ; PLL_OUTPUT_COUNTER_OUTPUT                                                  ;
;   350.676 ;   0.480  ;    ; RE   ; 1      ; FF_PLL_RE_X89_Y0_N0_I103                   ; FF_PLL_RE                                                                  ;
;   351.215 ;   0.539  ;    ; RE   ; 1      ; CLKBUF_CLUSTER_RE_X89_Y35_N3_I435          ; CLKBUF_CLUSTER_RE                                                          ;
;   351.215 ;   0.000  ;    ; RE   ; 1      ; CLKBUF_CLUSTER_RE_X89_Y35_N3_I693          ; CLKBUF_CLUSTER_RE                                                          ;
;   351.215 ;   0.000  ;    ; RE   ; 1      ; GCLK_CLUSTER_RE_X89_Y35_N12_I10            ; GCLK_CLUSTER_RE                                                            ;
;   351.215 ;   0.000  ;    ; RE   ; 1      ; CLKBUFBLOCK_INPUT_X89_Y35_N13_I0           ; CLKBUFBLOCK_INPUT                                                          ;
;   351.215 ;   0.000  ; RR ; IC   ; 1      ; CLKCTRL_G11                                ; emu|pll|pll_inst|altera_pll_i|outclk_wire[0]~CLKENA0|inclk                 ;
;   351.537 ;   0.322  ; RR ; CELL ; 1342   ; CLKCTRL_G11                                ; emu|pll|pll_inst|altera_pll_i|outclk_wire[0]~CLKENA0|outclk                ;
;   351.537 ;   0.000  ;    ; RE   ; 1      ; CLKCTRL_G11                                ; ARRIAV_CLKBUF                                                              ;
;   351.537 ;   0.000  ;    ; RE   ; 1      ; CLKBUFBLOCK_OUTPUT_X89_Y35_N13_I2          ; CLKBUFBLOCK_OUTPUT                                                         ;
;   351.537 ;   0.000  ;    ; RE   ; 1      ; GCLK_CLUSTER_RE_X89_Y35_N12_I12            ; GCLK_CLUSTER_RE                                                            ;
;   351.537 ;   0.000  ;    ; RE   ; 1      ; CLKBUF_CLUSTER_RE_X89_Y35_N3_I418          ; CLKBUF_CLUSTER_RE                                                          ;
;   352.672 ;   1.135  ;    ; RE   ; 7      ; GLOBAL_CLOCK_X0_Y36_N0_I11                 ; GLOBAL_CLOCK                                                               ;
;   352.820 ;   0.148  ;    ; RE   ; 20     ; SPINE_CLOCK_X15_Y59_N0_I19                 ; SPINE_CLOCK                                                                ;
;   353.207 ;   0.387  ;    ; RE   ; 1      ; SCLK_TO_ROWCLK_BUF_X15_Y75_N0_I115         ; SCLK_TO_ROWCLK_BUF                                                         ;
;   353.291 ;   0.084  ;    ; RE   ; 2      ; SCLK_TO_ROWCLK_BUF_X15_Y75_N0_I118         ; SCLK_TO_ROWCLK_BUF                                                         ;
;   353.724 ;   0.433  ;    ; RE   ; 3      ; LAB_CLK_X0_Y75_N0_I5                       ; LAB_CLK                                                                    ;
;   353.862 ;   0.138  ;    ; RE   ; 1      ; BLK_CLK_BUF_X12_Y75_N0_I5                  ; BLK_CLK_BUF                                                                ;
;   353.909 ;   0.047  ;    ; RE   ; 1      ; ROWCLKSEL_PREBUF_X12_Y75_N0_I5             ; ROWCLKSEL_PREBUF                                                           ;
;   353.959 ;   0.050  ;    ; RE   ; 1      ; ROWCLKSEL_X12_Y75_N0_I0                    ; ROWCLKSEL                                                                  ;
;   353.959 ;   0.000  ;    ; RE   ; 2      ; GLOBAL_LOCAL_SEL_X12_Y75_N0_I0             ; GLOBAL_LOCAL_SEL                                                           ;
;   353.959 ;   0.000  ;    ; RE   ; 15     ; LAB_INPUT_X12_Y75_N0_I1                    ; LAB_INPUT                                                                  ;
;   353.958 ;   -0.001 ; RR ; IC   ; 1      ; FF_X12_Y75_N29                             ; emu|audio_reset_stretch[0]|clk                                             ;
;   354.537 ;   0.579  ; RR ; CELL ; 1      ; FF_X12_Y75_N29                             ; emu:emu|audio_reset_stretch[0]                                             ;
; 357.690   ; 3.153    ;    ;      ;        ;                                            ; data path                                                                  ;
;   354.537 ;   0.000  ;    ; uTco ; 1      ; FF_X12_Y75_N29                             ; emu:emu|audio_reset_stretch[0]                                             ;
;   354.537 ;   0.000  ; RR ; CELL ; 3      ; FF_X12_Y75_N29                             ; emu|audio_reset_stretch[0]|q                                               ;
;   354.609 ;   0.072  ;    ; RE   ; 2      ; FF_X12_Y75_N29                             ; ARRIAV_FF                                                                  ;
;   354.731 ;   0.122  ;    ; RE   ; 2      ; LOCAL_LINE_X12_Y75_N0_I9                   ; LOCAL_LINE                                                                 ;
;   354.840 ;   0.109  ;    ; RE   ; 1      ; BLOCK_INPUT_MUX_X12_Y75_N0_I2              ; LEIM_INPUT                                                                 ;
;   354.840 ;   0.000  ; RR ; IC   ; 1      ; LABCELL_X12_Y75_N3                         ; emu|Equal4~0|dataa                                                         ;
;   355.432 ;   0.592  ; RF ; CELL ; 6      ; LABCELL_X12_Y75_N3                         ; emu|Equal4~0|combout                                                       ;
;   355.432 ;   0.000  ;    ; RE   ; 2      ; LABCELL_X12_Y75_N3                         ; ARRIAV_LCELL_COMB                                                          ;
;   355.521 ;   0.089  ;    ; RE   ; 2      ; LE_BUFFER_X12_Y75_N0_I3                    ; LE_BUFFER                                                                  ;
;   355.665 ;   0.144  ;    ; RE   ; 1      ; LOCAL_INTERCONNECT_X11_Y75_N0_I1           ; LAB_LINE                                                                   ;
;   355.764 ;   0.099  ;    ; RE   ; 1      ; BLOCK_INPUT_MUX_X11_Y75_N0_I26             ; LEIM_INPUT                                                                 ;
;   355.763 ;   -0.001 ; FF ; IC   ; 1      ; LABCELL_X11_Y75_N21                        ; emu|audio_reset_request|dataa                                              ;
;   356.313 ;   0.550  ; FR ; CELL ; 22     ; LABCELL_X11_Y75_N21                        ; emu|audio_reset_request|combout                                            ;
;   356.313 ;   0.000  ;    ; RE   ; 2      ; LABCELL_X11_Y75_N21                        ; ARRIAV_LCELL_COMB                                                          ;
;   356.406 ;   0.093  ;    ; RE   ; 2      ; LE_BUFFER_X11_Y75_N0_I14                   ; LE_BUFFER                                                                  ;
;   356.577 ;   0.171  ;    ; RE   ; 1      ; C2_X11_Y73_N0_I12                          ; V_SEG2                                                                     ;
;   356.728 ;   0.151  ;    ; RE   ; 1      ; R3_X9_Y73_N0_I18                           ; H_SEG3                                                                     ;
;   356.871 ;   0.143  ;    ; RE   ; 1      ; LOCAL_INTERCONNECT_X10_Y73_N0_I9           ; LAB_LINE                                                                   ;
;   357.083 ;   0.212  ;    ; RE   ; 1      ; BLOCK_INPUT_MUX_PASSTHROUGH_X10_Y73_N0_I82 ; LEIM                                                                       ;
;   357.083 ;   0.000  ;    ; RE   ; 1      ; GLOBAL_LOCAL_SEL_X10_Y73_N0_I3             ; GLOBAL_LOCAL_SEL                                                           ;
;   357.083 ;   0.000  ;    ; RE   ; 4      ; LAB_INPUT_X10_Y73_N0_I4                    ; LAB_INPUT                                                                  ;
;   357.084 ;   0.001  ; RR ; IC   ; 1      ; FF_X10_Y73_N47                             ; emu|audio_mode_meta[0]|clrn                                                ;
;   357.690 ;   0.606  ; RF ; CELL ; 1      ; FF_X10_Y73_N47                             ; emu:emu|audio_mode_meta[0]                                                 ;
+-----------+----------+----+------+--------+--------------------------------------------+----------------------------------------------------------------------------+

+------------------------------------------------------------------------------------------------------------------------------------------------------------------+
; Data Required Path                                                                                                                                               ;
+-----------+----------+----+------+--------+-----------------------------------------+----------------------------------------------------------------------------+
; Total     ; Incr     ; RF ; Type ; Fanout ; Location                                ; Element                                                                    ;
+-----------+----------+----+------+--------+-----------------------------------------+----------------------------------------------------------------------------+
; 351.842   ; 351.842  ;    ;      ;        ;                                         ; latch edge time                                                            ;
; 355.521   ; 3.679    ;    ;      ;        ;                                         ; clock path                                                                 ;
;   351.842 ;   0.000  ;    ;      ;        ;                                         ; source latency                                                             ;
;   351.842 ;   0.000  ;    ;      ; 1      ; PIN_Y13                                 ; FPGA_CLK2_50                                                               ;
;   351.842 ;   0.000  ;    ; RE   ; 1      ; IOPAD_X56_Y0_N0                         ; ARRIAV_IO_PAD                                                              ;
;   351.842 ;   0.000  ;    ; RE   ; 1      ; IO_PAD_OUTPUT_X56_Y0_N0_I1              ; IO_PAD_OUTPUT                                                              ;
;   351.842 ;   0.000  ;    ; RE   ; 1      ; IO_INPUT_BUFFER_INPUT_X56_Y0_N1_I0      ; IO_INPUT_BUFFER_INPUT                                                      ;
;   351.842 ;   0.000  ; RR ; IC   ; 1      ; IOIBUF_X56_Y0_N1                        ; FPGA_CLK2_50~input|i                                                       ;
;   352.603 ;   0.761  ; RR ; CELL ; 2      ; IOIBUF_X56_Y0_N1                        ; FPGA_CLK2_50~input|o                                                       ;
;   352.603 ;   0.000  ;    ; RE   ; 1      ; IOIBUF_X56_Y0_N1                        ; ARRIAV_IO_IBUF                                                             ;
;   352.603 ;   0.000  ;    ; RE   ; 1      ; IO_INPUT_BUFFER_OUTPUT_X56_Y0_N1_I2     ; IO_INPUT_BUFFER_OUTPUT                                                     ;
;   352.603 ;   0.000  ;    ; RE   ; 1      ; IO_RE_X56_Y0_N0_I96                     ; IO_RE                                                                      ;
;   352.986 ;   0.383  ;    ; RE   ; 2      ; IO_RE_X56_Y0_N0_I66                     ; IO_RE                                                                      ;
;   353.774 ;   0.788  ;    ; RE   ; 1      ; FF_PLL_RE_X89_Y0_N0_I3                  ; FF_PLL_RE                                                                  ;
;   353.774 ;   0.000  ;    ; RE   ; 1      ; F_PLL_BLOCK_RE_X89_Y0_N0_I2             ; F_PLL_BLOCK_RE                                                             ;
;   353.774 ;   0.000  ;    ; RE   ; 1      ; PLL_REFCLK_SELECT_INPUT_X89_Y7_N0_I2    ; PLL_REFCLK_SELECT_INPUT                                                    ;
;   353.774 ;   0.000  ; RR ; IC   ; 1      ; PLLREFCLKSELECT_X89_Y7_N0               ; emu|pll|pll_inst|altera_pll_i|general[0].gpll~PLL_REFCLK_SELECT|clkin[0]   ;
;   354.082 ;   0.308  ; RR ; CELL ; 1      ; PLLREFCLKSELECT_X89_Y7_N0               ; emu|pll|pll_inst|altera_pll_i|general[0].gpll~PLL_REFCLK_SELECT|clkout     ;
;   354.082 ;   0.000  ;    ; RE   ; 2      ; PLLREFCLKSELECT_X89_Y7_N0               ; CYCLONEV_PLL_REFCLK_SELECT                                                 ;
;   354.082 ;   0.000  ;    ; RE   ; 1      ; PLL_REFCLK_SELECT_OUTPUT_X89_Y7_N0_I15  ; PLL_REFCLK_SELECT_OUTPUT                                                   ;
;   354.082 ;   0.000  ;    ; RE   ; 1      ; FRACTIONAL_PLL_INPUT_X89_Y1_N0_I7       ; FRACTIONAL_PLL_INPUT                                                       ;
;   354.082 ;   0.000  ; RR ; IC   ; 10     ; FRACTIONALPLL_X89_Y1_N0                 ; emu|pll|pll_inst|altera_pll_i|general[0].gpll~FRACTIONAL_PLL|refclkin      ;
;   349.150 ;   -4.932 ; RR ; COMP ; 3      ; FRACTIONALPLL_X89_Y1_N0                 ; emu|pll|pll_inst|altera_pll_i|general[0].gpll~FRACTIONAL_PLL|vcoph[0]      ;
;   349.150 ;   0.000  ;    ; RE   ; 19     ; FRACTIONALPLL_X89_Y1_N0                 ; CYCLONEV_FRACTIONAL_PLL                                                    ;
;   349.150 ;   0.000  ;    ; RE   ; 1      ; FRACTIONAL_PLL_OUTPUT_X89_Y1_N0_I19     ; FRACTIONAL_PLL_OUTPUT                                                      ;
;   349.150 ;   0.000  ;    ; RE   ; 3      ; F_PLL_BLOCK_RE_X89_Y0_N0_I109           ; F_PLL_BLOCK_RE                                                             ;
;   349.150 ;   0.000  ;    ; RE   ; 1      ; PLL_OUTPUT_COUNTER_INPUT_X89_Y0_N1_I7   ; PLL_OUTPUT_COUNTER_INPUT                                                   ;
;   349.150 ;   0.000  ; RR ; IC   ; 1      ; PLLOUTPUTCOUNTER_X89_Y0_N1              ; emu|pll|pll_inst|altera_pll_i|general[2].gpll~PLL_OUTPUT_COUNTER|vco0ph[0] ;
;   350.418 ;   1.268  ; RR ; CELL ; 1      ; PLLOUTPUTCOUNTER_X89_Y0_N1              ; emu|pll|pll_inst|altera_pll_i|general[2].gpll~PLL_OUTPUT_COUNTER|divclk    ;
;   350.418 ;   0.000  ;    ; RE   ; 1      ; PLLOUTPUTCOUNTER_X89_Y0_N1              ; CYCLONEV_PLL_OUTPUT_COUNTER                                                ;
;   350.418 ;   0.000  ;    ; RE   ; 1      ; PLL_OUTPUT_COUNTER_OUTPUT_X89_Y0_N1_I16 ; PLL_OUTPUT_COUNTER_OUTPUT                                                  ;
;   350.855 ;   0.437  ;    ; RE   ; 1      ; FF_PLL_RE_X89_Y0_N0_I101                ; FF_PLL_RE                                                                  ;
;   351.362 ;   0.507  ;    ; RE   ; 1      ; CLKBUF_CLUSTER_RE_X89_Y35_N3_I433       ; CLKBUF_CLUSTER_RE                                                          ;
;   351.362 ;   0.000  ;    ; RE   ; 1      ; CLKBUF_CLUSTER_RE_X89_Y35_N3_I563       ; CLKBUF_CLUSTER_RE                                                          ;
;   351.362 ;   0.000  ;    ; RE   ; 1      ; GCLK_CLUSTER_RE_X89_Y35_N6_I10          ; GCLK_CLUSTER_RE                                                            ;
;   351.362 ;   0.000  ;    ; RE   ; 1      ; CLKBUFBLOCK_INPUT_X89_Y35_N7_I0         ; CLKBUFBLOCK_INPUT                                                          ;
;   351.362 ;   0.000  ; RR ; IC   ; 1      ; CLKCTRL_G9                              ; emu|pll|pll_inst|altera_pll_i|outclk_wire[2]~CLKENA0|inclk                 ;
;   351.658 ;   0.296  ; RR ; CELL ; 32647  ; CLKCTRL_G9                              ; emu|pll|pll_inst|altera_pll_i|outclk_wire[2]~CLKENA0|outclk                ;
;   351.658 ;   0.000  ;    ; RE   ; 1      ; CLKCTRL_G9                              ; ARRIAV_CLKBUF                                                              ;
;   351.658 ;   0.000  ;    ; RE   ; 1      ; CLKBUFBLOCK_OUTPUT_X89_Y35_N7_I2        ; CLKBUFBLOCK_OUTPUT                                                         ;
;   351.658 ;   0.000  ;    ; RE   ; 1      ; GCLK_CLUSTER_RE_X89_Y35_N6_I12          ; GCLK_CLUSTER_RE                                                            ;
;   351.658 ;   0.000  ;    ; RE   ; 1      ; CLKBUF_CLUSTER_RE_X89_Y35_N3_I416       ; CLKBUF_CLUSTER_RE                                                          ;
;   352.407 ;   0.749  ;    ; RE   ; 12     ; GLOBAL_CLOCK_X0_Y36_N0_I9               ; GLOBAL_CLOCK                                                               ;
;   352.560 ;   0.153  ;    ; RE   ; 7      ; SPINE_CLOCK_X15_Y59_N0_I7               ; SPINE_CLOCK                                                                ;
;   352.935 ;   0.375  ;    ; RE   ; 1      ; SCLK_TO_ROWCLK_BUF_X15_Y73_N0_I43       ; SCLK_TO_ROWCLK_BUF                                                         ;
;   353.016 ;   0.081  ;    ; RE   ; 1      ; SCLK_TO_ROWCLK_BUF_X15_Y73_N0_I47       ; SCLK_TO_ROWCLK_BUF                                                         ;
;   353.435 ;   0.419  ;    ; RE   ; 1      ; LAB_CLK_X0_Y73_N0_I4                    ; LAB_CLK                                                                    ;
;   353.562 ;   0.127  ;    ; RE   ; 1      ; BLK_CLK_BUF_X10_Y73_N0_I4               ; BLK_CLK_BUF                                                                ;
;   353.607 ;   0.045  ;    ; RE   ; 1      ; ROWCLKSEL_PREBUF_X10_Y73_N0_I4          ; ROWCLKSEL_PREBUF                                                           ;
;   353.653 ;   0.046  ;    ; RE   ; 1      ; ROWCLKSEL_X10_Y73_N0_I0                 ; ROWCLKSEL                                                                  ;
;   353.653 ;   0.000  ;    ; RE   ; 1      ; GLOBAL_LOCAL_SEL_X10_Y73_N0_I0          ; GLOBAL_LOCAL_SEL                                                           ;
;   353.653 ;   0.000  ;    ; RE   ; 4      ; LAB_INPUT_X10_Y73_N0_I1                 ; LAB_INPUT                                                                  ;
;   353.653 ;   0.000  ; RR ; IC   ; 1      ; FF_X10_Y73_N47                          ; emu|audio_mode_meta[0]|clk                                                 ;
;   354.168 ;   0.515  ; RR ; CELL ; 1      ; FF_X10_Y73_N47                          ; emu:emu|audio_mode_meta[0]                                                 ;
;   355.521 ;   1.353  ;    ;      ;        ;                                         ; clock pessimism removed                                                    ;
; 355.361   ; -0.160   ;    ;      ;        ;                                         ; clock uncertainty                                                          ;
; 355.361   ; 0.000    ;    ; uTsu ; 1      ; FF_X10_Y73_N47                          ; emu:emu|audio_mode_meta[0]                                                 ;
+-----------+----------+----+------+--------+-----------------------------------------+----------------------------------------------------------------------------+

----------------------------
; Extra Fitter Information ;
----------------------------
HTML report is unavailable in plain text report export.


Path #15: Recovery slack is -2.325 (VIOLATED)
===============================================================================
+----------------------------------------------------------------------------------------------+
; Path Summary                                                                                 ;
+--------------------+-------------------------------------------------------------------------+
; Property           ; Value                                                                   ;
+--------------------+-------------------------------------------------------------------------+
; From Node          ; emu:emu|audio_reset_stretch[0]                                          ;
; To Node            ; emu:emu|audio_mode_meta[2]                                              ;
; Launch Clock       ; emu|pll|pll_inst|altera_pll_i|general[0].gpll~PLL_OUTPUT_COUNTER|divclk ;
; Latch Clock        ; emu|pll|pll_inst|altera_pll_i|general[2].gpll~PLL_OUTPUT_COUNTER|divclk ;
; Data Arrival Time  ; 357.668                                                                 ;
; Data Required Time ; 355.343                                                                 ;
; Slack              ; -2.325 (VIOLATED)                                                       ;
+--------------------+-------------------------------------------------------------------------+

+--------------------------------------------------------------------------------------+
; Statistics                                                                           ;
+------------------------+--------+-------+-------------+------------+--------+--------+
; Property               ; Value  ; Count ; Total Delay ; % of Total ; Min    ; Max    ;
+------------------------+--------+-------+-------------+------------+--------+--------+
; Recovery Relationship  ; 1.842  ;       ;             ;            ;        ;        ;
; Clock Skew             ; -0.876 ;       ;             ;            ;        ;        ;
; Data Delay             ; 3.131  ;       ;             ;            ;        ;        ;
; Number of Logic Levels ;        ; 2     ;             ;            ;        ;        ;
; Physical Delays        ;        ;       ;             ;            ;        ;        ;
;  Arrival Path          ;        ;       ;             ;            ;        ;        ;
;   Clock                ;        ;       ;             ;            ;        ;        ;
;    IC                  ;        ; 6     ; -0.001      ; 0          ; -0.001 ; 0.000  ;
;    Cell                ;        ; 5     ; 3.530       ; 42         ; 0.322  ; 1.535  ;
;    PLL Compensation    ;        ; 1     ; -3.768      ; 0          ; -3.768 ; -3.768 ;
;    Routing Element     ;        ; 38    ; 4.776       ; 58         ; 0.000  ; 1.135  ;
;   Data                 ;        ;       ;             ;            ;        ;        ;
;    IC                  ;        ; 3     ; -0.002      ; 0          ; -0.001 ; 0.000  ;
;    Cell                ;        ; 4     ; 1.753       ; 56         ; 0.000  ; 0.611  ;
;    uTco                ;        ; 1     ; 0.000       ; 0          ; 0.000  ; 0.000  ;
;    Routing Element     ;        ; 15    ; 1.380       ; 44         ; 0.000  ; 0.201  ;
;  Required Path         ;        ;       ;             ;            ;        ;        ;
;   Clock                ;        ;       ;             ;            ;        ;        ;
;    IC                  ;        ; 6     ; 0.001       ; 0          ; 0.000  ; 0.001  ;
;    Cell                ;        ; 5     ; 3.142       ; 43         ; 0.296  ; 1.268  ;
;    PLL Compensation    ;        ; 1     ; -4.932      ; 0          ; -4.932 ; -4.932 ;
;    Routing Element     ;        ; 38    ; 4.097       ; 57         ; 0.000  ; 0.788  ;
+------------------------+--------+-------+-------------+------------+--------+--------+
Note: Negative delays are omitted from totals when calculating percentages

+---------------------------------------------------------------------------------------------------------------------------------------------------------------------+
; Data Arrival Path                                                                                                                                                   ;
+-----------+----------+----+------+--------+--------------------------------------------+----------------------------------------------------------------------------+
; Total     ; Incr     ; RF ; Type ; Fanout ; Location                                   ; Element                                                                    ;
+-----------+----------+----+------+--------+--------------------------------------------+----------------------------------------------------------------------------+
; 350.000   ; 350.000  ;    ;      ;        ;                                            ; launch edge time                                                           ;
; 354.537   ; 4.537    ;    ;      ;        ;                                            ; clock path                                                                 ;
;   350.000 ;   0.000  ;    ;      ;        ;                                            ; source latency                                                             ;
;   350.000 ;   0.000  ;    ;      ; 1      ; PIN_Y13                                    ; FPGA_CLK2_50                                                               ;
;   350.000 ;   0.000  ;    ; RE   ; 1      ; IOPAD_X56_Y0_N0                            ; ARRIAV_IO_PAD                                                              ;
;   350.000 ;   0.000  ;    ; RE   ; 1      ; IO_PAD_OUTPUT_X56_Y0_N0_I1                 ; IO_PAD_OUTPUT                                                              ;
;   350.000 ;   0.000  ;    ; RE   ; 1      ; IO_INPUT_BUFFER_INPUT_X56_Y0_N1_I0         ; IO_INPUT_BUFFER_INPUT                                                      ;
;   350.000 ;   0.000  ; RR ; IC   ; 1      ; IOIBUF_X56_Y0_N1                           ; FPGA_CLK2_50~input|i                                                       ;
;   350.761 ;   0.761  ; RR ; CELL ; 2      ; IOIBUF_X56_Y0_N1                           ; FPGA_CLK2_50~input|o                                                       ;
;   350.761 ;   0.000  ;    ; RE   ; 1      ; IOIBUF_X56_Y0_N1                           ; ARRIAV_IO_IBUF                                                             ;
;   350.761 ;   0.000  ;    ; RE   ; 1      ; IO_INPUT_BUFFER_OUTPUT_X56_Y0_N1_I2        ; IO_INPUT_BUFFER_OUTPUT                                                     ;
;   350.761 ;   0.000  ;    ; RE   ; 1      ; IO_RE_X56_Y0_N0_I96                        ; IO_RE                                                                      ;
;   351.260 ;   0.499  ;    ; RE   ; 2      ; IO_RE_X56_Y0_N0_I66                        ; IO_RE                                                                      ;
;   352.096 ;   0.836  ;    ; RE   ; 1      ; FF_PLL_RE_X89_Y0_N0_I3                     ; FF_PLL_RE                                                                  ;
;   352.096 ;   0.000  ;    ; RE   ; 1      ; F_PLL_BLOCK_RE_X89_Y0_N0_I2                ; F_PLL_BLOCK_RE                                                             ;
;   352.096 ;   0.000  ;    ; RE   ; 1      ; PLL_REFCLK_SELECT_INPUT_X89_Y7_N0_I2       ; PLL_REFCLK_SELECT_INPUT                                                    ;
;   352.096 ;   0.000  ; RR ; IC   ; 1      ; PLLREFCLKSELECT_X89_Y7_N0                  ; emu|pll|pll_inst|altera_pll_i|general[0].gpll~PLL_REFCLK_SELECT|clkin[0]   ;
;   352.429 ;   0.333  ; RR ; CELL ; 1      ; PLLREFCLKSELECT_X89_Y7_N0                  ; emu|pll|pll_inst|altera_pll_i|general[0].gpll~PLL_REFCLK_SELECT|clkout     ;
;   352.429 ;   0.000  ;    ; RE   ; 2      ; PLLREFCLKSELECT_X89_Y7_N0                  ; CYCLONEV_PLL_REFCLK_SELECT                                                 ;
;   352.429 ;   0.000  ;    ; RE   ; 1      ; PLL_REFCLK_SELECT_OUTPUT_X89_Y7_N0_I15     ; PLL_REFCLK_SELECT_OUTPUT                                                   ;
;   352.429 ;   0.000  ;    ; RE   ; 1      ; FRACTIONAL_PLL_INPUT_X89_Y1_N0_I7          ; FRACTIONAL_PLL_INPUT                                                       ;
;   352.429 ;   0.000  ; RR ; IC   ; 10     ; FRACTIONALPLL_X89_Y1_N0                    ; emu|pll|pll_inst|altera_pll_i|general[0].gpll~FRACTIONAL_PLL|refclkin      ;
;   348.661 ;   -3.768 ; RR ; COMP ; 3      ; FRACTIONALPLL_X89_Y1_N0                    ; emu|pll|pll_inst|altera_pll_i|general[0].gpll~FRACTIONAL_PLL|vcoph[0]      ;
;   348.661 ;   0.000  ;    ; RE   ; 19     ; FRACTIONALPLL_X89_Y1_N0                    ; CYCLONEV_FRACTIONAL_PLL                                                    ;
;   348.661 ;   0.000  ;    ; RE   ; 1      ; FRACTIONAL_PLL_OUTPUT_X89_Y1_N0_I19        ; FRACTIONAL_PLL_OUTPUT                                                      ;
;   348.661 ;   0.000  ;    ; RE   ; 3      ; F_PLL_BLOCK_RE_X89_Y0_N0_I109              ; F_PLL_BLOCK_RE                                                             ;
;   348.661 ;   0.000  ;    ; RE   ; 1      ; PLL_OUTPUT_COUNTER_INPUT_X89_Y2_N1_I7      ; PLL_OUTPUT_COUNTER_INPUT                                                   ;
;   348.661 ;   0.000  ; RR ; IC   ; 1      ; PLLOUTPUTCOUNTER_X89_Y2_N1                 ; emu|pll|pll_inst|altera_pll_i|general[0].gpll~PLL_OUTPUT_COUNTER|vco0ph[0] ;
;   350.196 ;   1.535  ; RR ; CELL ; 1      ; PLLOUTPUTCOUNTER_X89_Y2_N1                 ; emu|pll|pll_inst|altera_pll_i|general[0].gpll~PLL_OUTPUT_COUNTER|divclk    ;
;   350.196 ;   0.000  ;    ; RE   ; 1      ; PLLOUTPUTCOUNTER_X89_Y2_N1                 ; CYCLONEV_PLL_OUTPUT_COUNTER                                                ;
;   350.196 ;   0.000  ;    ; RE   ; 1      ; PLL_OUTPUT_COUNTER_OUTPUT_X89_Y2_N1_I16    ; PLL_OUTPUT_COUNTER_OUTPUT                                                  ;
;   350.676 ;   0.480  ;    ; RE   ; 1      ; FF_PLL_RE_X89_Y0_N0_I103                   ; FF_PLL_RE                                                                  ;
;   351.215 ;   0.539  ;    ; RE   ; 1      ; CLKBUF_CLUSTER_RE_X89_Y35_N3_I435          ; CLKBUF_CLUSTER_RE                                                          ;
;   351.215 ;   0.000  ;    ; RE   ; 1      ; CLKBUF_CLUSTER_RE_X89_Y35_N3_I693          ; CLKBUF_CLUSTER_RE                                                          ;
;   351.215 ;   0.000  ;    ; RE   ; 1      ; GCLK_CLUSTER_RE_X89_Y35_N12_I10            ; GCLK_CLUSTER_RE                                                            ;
;   351.215 ;   0.000  ;    ; RE   ; 1      ; CLKBUFBLOCK_INPUT_X89_Y35_N13_I0           ; CLKBUFBLOCK_INPUT                                                          ;
;   351.215 ;   0.000  ; RR ; IC   ; 1      ; CLKCTRL_G11                                ; emu|pll|pll_inst|altera_pll_i|outclk_wire[0]~CLKENA0|inclk                 ;
;   351.537 ;   0.322  ; RR ; CELL ; 1342   ; CLKCTRL_G11                                ; emu|pll|pll_inst|altera_pll_i|outclk_wire[0]~CLKENA0|outclk                ;
;   351.537 ;   0.000  ;    ; RE   ; 1      ; CLKCTRL_G11                                ; ARRIAV_CLKBUF                                                              ;
;   351.537 ;   0.000  ;    ; RE   ; 1      ; CLKBUFBLOCK_OUTPUT_X89_Y35_N13_I2          ; CLKBUFBLOCK_OUTPUT                                                         ;
;   351.537 ;   0.000  ;    ; RE   ; 1      ; GCLK_CLUSTER_RE_X89_Y35_N12_I12            ; GCLK_CLUSTER_RE                                                            ;
;   351.537 ;   0.000  ;    ; RE   ; 1      ; CLKBUF_CLUSTER_RE_X89_Y35_N3_I418          ; CLKBUF_CLUSTER_RE                                                          ;
;   352.672 ;   1.135  ;    ; RE   ; 7      ; GLOBAL_CLOCK_X0_Y36_N0_I11                 ; GLOBAL_CLOCK                                                               ;
;   352.820 ;   0.148  ;    ; RE   ; 20     ; SPINE_CLOCK_X15_Y59_N0_I19                 ; SPINE_CLOCK                                                                ;
;   353.207 ;   0.387  ;    ; RE   ; 1      ; SCLK_TO_ROWCLK_BUF_X15_Y75_N0_I115         ; SCLK_TO_ROWCLK_BUF                                                         ;
;   353.291 ;   0.084  ;    ; RE   ; 2      ; SCLK_TO_ROWCLK_BUF_X15_Y75_N0_I118         ; SCLK_TO_ROWCLK_BUF                                                         ;
;   353.724 ;   0.433  ;    ; RE   ; 3      ; LAB_CLK_X0_Y75_N0_I5                       ; LAB_CLK                                                                    ;
;   353.862 ;   0.138  ;    ; RE   ; 1      ; BLK_CLK_BUF_X12_Y75_N0_I5                  ; BLK_CLK_BUF                                                                ;
;   353.909 ;   0.047  ;    ; RE   ; 1      ; ROWCLKSEL_PREBUF_X12_Y75_N0_I5             ; ROWCLKSEL_PREBUF                                                           ;
;   353.959 ;   0.050  ;    ; RE   ; 1      ; ROWCLKSEL_X12_Y75_N0_I0                    ; ROWCLKSEL                                                                  ;
;   353.959 ;   0.000  ;    ; RE   ; 2      ; GLOBAL_LOCAL_SEL_X12_Y75_N0_I0             ; GLOBAL_LOCAL_SEL                                                           ;
;   353.959 ;   0.000  ;    ; RE   ; 15     ; LAB_INPUT_X12_Y75_N0_I1                    ; LAB_INPUT                                                                  ;
;   353.958 ;   -0.001 ; RR ; IC   ; 1      ; FF_X12_Y75_N29                             ; emu|audio_reset_stretch[0]|clk                                             ;
;   354.537 ;   0.579  ; RR ; CELL ; 1      ; FF_X12_Y75_N29                             ; emu:emu|audio_reset_stretch[0]                                             ;
; 357.668   ; 3.131    ;    ;      ;        ;                                            ; data path                                                                  ;
;   354.537 ;   0.000  ;    ; uTco ; 1      ; FF_X12_Y75_N29                             ; emu:emu|audio_reset_stretch[0]                                             ;
;   354.537 ;   0.000  ; RR ; CELL ; 3      ; FF_X12_Y75_N29                             ; emu|audio_reset_stretch[0]|q                                               ;
;   354.609 ;   0.072  ;    ; RE   ; 2      ; FF_X12_Y75_N29                             ; ARRIAV_FF                                                                  ;
;   354.731 ;   0.122  ;    ; RE   ; 2      ; LOCAL_LINE_X12_Y75_N0_I9                   ; LOCAL_LINE                                                                 ;
;   354.840 ;   0.109  ;    ; RE   ; 1      ; BLOCK_INPUT_MUX_X12_Y75_N0_I2              ; LEIM_INPUT                                                                 ;
;   354.840 ;   0.000  ; RR ; IC   ; 1      ; LABCELL_X12_Y75_N3                         ; emu|Equal4~0|dataa                                                         ;
;   355.432 ;   0.592  ; RF ; CELL ; 6      ; LABCELL_X12_Y75_N3                         ; emu|Equal4~0|combout                                                       ;
;   355.432 ;   0.000  ;    ; RE   ; 2      ; LABCELL_X12_Y75_N3                         ; ARRIAV_LCELL_COMB                                                          ;
;   355.521 ;   0.089  ;    ; RE   ; 2      ; LE_BUFFER_X12_Y75_N0_I3                    ; LE_BUFFER                                                                  ;
;   355.665 ;   0.144  ;    ; RE   ; 1      ; LOCAL_INTERCONNECT_X11_Y75_N0_I1           ; LAB_LINE                                                                   ;
;   355.764 ;   0.099  ;    ; RE   ; 1      ; BLOCK_INPUT_MUX_X11_Y75_N0_I26             ; LEIM_INPUT                                                                 ;
;   355.763 ;   -0.001 ; FF ; IC   ; 1      ; LABCELL_X11_Y75_N21                        ; emu|audio_reset_request|dataa                                              ;
;   356.313 ;   0.550  ; FR ; CELL ; 22     ; LABCELL_X11_Y75_N21                        ; emu|audio_reset_request|combout                                            ;
;   356.313 ;   0.000  ;    ; RE   ; 2      ; LABCELL_X11_Y75_N21                        ; ARRIAV_LCELL_COMB                                                          ;
;   356.403 ;   0.090  ;    ; RE   ; 1      ; LE_BUFFER_X11_Y75_N0_I15                   ; LE_BUFFER                                                                  ;
;   356.570 ;   0.167  ;    ; RE   ; 1      ; C2_X10_Y76_N0_I8                           ; V_SEG2                                                                     ;
;   356.710 ;   0.140  ;    ; RE   ; 1      ; R3_X8_Y77_N0_I15                           ; H_SEG3                                                                     ;
;   356.857 ;   0.147  ;    ; RE   ; 1      ; LOCAL_INTERCONNECT_X10_Y77_N0_I35          ; LAB_LINE                                                                   ;
;   357.058 ;   0.201  ;    ; RE   ; 1      ; BLOCK_INPUT_MUX_PASSTHROUGH_X10_Y77_N0_I83 ; LEIM                                                                       ;
;   357.058 ;   0.000  ;    ; RE   ; 1      ; GLOBAL_LOCAL_SEL_X10_Y77_N0_I2             ; GLOBAL_LOCAL_SEL                                                           ;
;   357.058 ;   0.000  ;    ; RE   ; 3      ; LAB_INPUT_X10_Y77_N0_I3                    ; LAB_INPUT                                                                  ;
;   357.057 ;   -0.001 ; RR ; IC   ; 1      ; FF_X10_Y77_N46                             ; emu|audio_mode_meta[2]|clrn                                                ;
;   357.668 ;   0.611  ; RF ; CELL ; 1      ; FF_X10_Y77_N46                             ; emu:emu|audio_mode_meta[2]                                                 ;
+-----------+----------+----+------+--------+--------------------------------------------+----------------------------------------------------------------------------+

+------------------------------------------------------------------------------------------------------------------------------------------------------------------+
; Data Required Path                                                                                                                                               ;
+-----------+----------+----+------+--------+-----------------------------------------+----------------------------------------------------------------------------+
; Total     ; Incr     ; RF ; Type ; Fanout ; Location                                ; Element                                                                    ;
+-----------+----------+----+------+--------+-----------------------------------------+----------------------------------------------------------------------------+
; 351.842   ; 351.842  ;    ;      ;        ;                                         ; latch edge time                                                            ;
; 355.503   ; 3.661    ;    ;      ;        ;                                         ; clock path                                                                 ;
;   351.842 ;   0.000  ;    ;      ;        ;                                         ; source latency                                                             ;
;   351.842 ;   0.000  ;    ;      ; 1      ; PIN_Y13                                 ; FPGA_CLK2_50                                                               ;
;   351.842 ;   0.000  ;    ; RE   ; 1      ; IOPAD_X56_Y0_N0                         ; ARRIAV_IO_PAD                                                              ;
;   351.842 ;   0.000  ;    ; RE   ; 1      ; IO_PAD_OUTPUT_X56_Y0_N0_I1              ; IO_PAD_OUTPUT                                                              ;
;   351.842 ;   0.000  ;    ; RE   ; 1      ; IO_INPUT_BUFFER_INPUT_X56_Y0_N1_I0      ; IO_INPUT_BUFFER_INPUT                                                      ;
;   351.842 ;   0.000  ; RR ; IC   ; 1      ; IOIBUF_X56_Y0_N1                        ; FPGA_CLK2_50~input|i                                                       ;
;   352.603 ;   0.761  ; RR ; CELL ; 2      ; IOIBUF_X56_Y0_N1                        ; FPGA_CLK2_50~input|o                                                       ;
;   352.603 ;   0.000  ;    ; RE   ; 1      ; IOIBUF_X56_Y0_N1                        ; ARRIAV_IO_IBUF                                                             ;
;   352.603 ;   0.000  ;    ; RE   ; 1      ; IO_INPUT_BUFFER_OUTPUT_X56_Y0_N1_I2     ; IO_INPUT_BUFFER_OUTPUT                                                     ;
;   352.603 ;   0.000  ;    ; RE   ; 1      ; IO_RE_X56_Y0_N0_I96                     ; IO_RE                                                                      ;
;   352.986 ;   0.383  ;    ; RE   ; 2      ; IO_RE_X56_Y0_N0_I66                     ; IO_RE                                                                      ;
;   353.774 ;   0.788  ;    ; RE   ; 1      ; FF_PLL_RE_X89_Y0_N0_I3                  ; FF_PLL_RE                                                                  ;
;   353.774 ;   0.000  ;    ; RE   ; 1      ; F_PLL_BLOCK_RE_X89_Y0_N0_I2             ; F_PLL_BLOCK_RE                                                             ;
;   353.774 ;   0.000  ;    ; RE   ; 1      ; PLL_REFCLK_SELECT_INPUT_X89_Y7_N0_I2    ; PLL_REFCLK_SELECT_INPUT                                                    ;
;   353.774 ;   0.000  ; RR ; IC   ; 1      ; PLLREFCLKSELECT_X89_Y7_N0               ; emu|pll|pll_inst|altera_pll_i|general[0].gpll~PLL_REFCLK_SELECT|clkin[0]   ;
;   354.082 ;   0.308  ; RR ; CELL ; 1      ; PLLREFCLKSELECT_X89_Y7_N0               ; emu|pll|pll_inst|altera_pll_i|general[0].gpll~PLL_REFCLK_SELECT|clkout     ;
;   354.082 ;   0.000  ;    ; RE   ; 2      ; PLLREFCLKSELECT_X89_Y7_N0               ; CYCLONEV_PLL_REFCLK_SELECT                                                 ;
;   354.082 ;   0.000  ;    ; RE   ; 1      ; PLL_REFCLK_SELECT_OUTPUT_X89_Y7_N0_I15  ; PLL_REFCLK_SELECT_OUTPUT                                                   ;
;   354.082 ;   0.000  ;    ; RE   ; 1      ; FRACTIONAL_PLL_INPUT_X89_Y1_N0_I7       ; FRACTIONAL_PLL_INPUT                                                       ;
;   354.082 ;   0.000  ; RR ; IC   ; 10     ; FRACTIONALPLL_X89_Y1_N0                 ; emu|pll|pll_inst|altera_pll_i|general[0].gpll~FRACTIONAL_PLL|refclkin      ;
;   349.150 ;   -4.932 ; RR ; COMP ; 3      ; FRACTIONALPLL_X89_Y1_N0                 ; emu|pll|pll_inst|altera_pll_i|general[0].gpll~FRACTIONAL_PLL|vcoph[0]      ;
;   349.150 ;   0.000  ;    ; RE   ; 19     ; FRACTIONALPLL_X89_Y1_N0                 ; CYCLONEV_FRACTIONAL_PLL                                                    ;
;   349.150 ;   0.000  ;    ; RE   ; 1      ; FRACTIONAL_PLL_OUTPUT_X89_Y1_N0_I19     ; FRACTIONAL_PLL_OUTPUT                                                      ;
;   349.150 ;   0.000  ;    ; RE   ; 3      ; F_PLL_BLOCK_RE_X89_Y0_N0_I109           ; F_PLL_BLOCK_RE                                                             ;
;   349.150 ;   0.000  ;    ; RE   ; 1      ; PLL_OUTPUT_COUNTER_INPUT_X89_Y0_N1_I7   ; PLL_OUTPUT_COUNTER_INPUT                                                   ;
;   349.150 ;   0.000  ; RR ; IC   ; 1      ; PLLOUTPUTCOUNTER_X89_Y0_N1              ; emu|pll|pll_inst|altera_pll_i|general[2].gpll~PLL_OUTPUT_COUNTER|vco0ph[0] ;
;   350.418 ;   1.268  ; RR ; CELL ; 1      ; PLLOUTPUTCOUNTER_X89_Y0_N1              ; emu|pll|pll_inst|altera_pll_i|general[2].gpll~PLL_OUTPUT_COUNTER|divclk    ;
;   350.418 ;   0.000  ;    ; RE   ; 1      ; PLLOUTPUTCOUNTER_X89_Y0_N1              ; CYCLONEV_PLL_OUTPUT_COUNTER                                                ;
;   350.418 ;   0.000  ;    ; RE   ; 1      ; PLL_OUTPUT_COUNTER_OUTPUT_X89_Y0_N1_I16 ; PLL_OUTPUT_COUNTER_OUTPUT                                                  ;
;   350.855 ;   0.437  ;    ; RE   ; 1      ; FF_PLL_RE_X89_Y0_N0_I101                ; FF_PLL_RE                                                                  ;
;   351.362 ;   0.507  ;    ; RE   ; 1      ; CLKBUF_CLUSTER_RE_X89_Y35_N3_I433       ; CLKBUF_CLUSTER_RE                                                          ;
;   351.362 ;   0.000  ;    ; RE   ; 1      ; CLKBUF_CLUSTER_RE_X89_Y35_N3_I563       ; CLKBUF_CLUSTER_RE                                                          ;
;   351.362 ;   0.000  ;    ; RE   ; 1      ; GCLK_CLUSTER_RE_X89_Y35_N6_I10          ; GCLK_CLUSTER_RE                                                            ;
;   351.362 ;   0.000  ;    ; RE   ; 1      ; CLKBUFBLOCK_INPUT_X89_Y35_N7_I0         ; CLKBUFBLOCK_INPUT                                                          ;
;   351.362 ;   0.000  ; RR ; IC   ; 1      ; CLKCTRL_G9                              ; emu|pll|pll_inst|altera_pll_i|outclk_wire[2]~CLKENA0|inclk                 ;
;   351.658 ;   0.296  ; RR ; CELL ; 32647  ; CLKCTRL_G9                              ; emu|pll|pll_inst|altera_pll_i|outclk_wire[2]~CLKENA0|outclk                ;
;   351.658 ;   0.000  ;    ; RE   ; 1      ; CLKCTRL_G9                              ; ARRIAV_CLKBUF                                                              ;
;   351.658 ;   0.000  ;    ; RE   ; 1      ; CLKBUFBLOCK_OUTPUT_X89_Y35_N7_I2        ; CLKBUFBLOCK_OUTPUT                                                         ;
;   351.658 ;   0.000  ;    ; RE   ; 1      ; GCLK_CLUSTER_RE_X89_Y35_N6_I12          ; GCLK_CLUSTER_RE                                                            ;
;   351.658 ;   0.000  ;    ; RE   ; 1      ; CLKBUF_CLUSTER_RE_X89_Y35_N3_I416       ; CLKBUF_CLUSTER_RE                                                          ;
;   352.407 ;   0.749  ;    ; RE   ; 12     ; GLOBAL_CLOCK_X0_Y36_N0_I9               ; GLOBAL_CLOCK                                                               ;
;   352.564 ;   0.157  ;    ; RE   ; 7      ; SPINE_CLOCK_X15_Y59_N0_I7               ; SPINE_CLOCK                                                                ;
;   352.938 ;   0.374  ;    ; RE   ; 1      ; SCLK_TO_ROWCLK_BUF_X15_Y77_N0_I43       ; SCLK_TO_ROWCLK_BUF                                                         ;
;   353.010 ;   0.072  ;    ; RE   ; 1      ; SCLK_TO_ROWCLK_BUF_X15_Y77_N0_I46       ; SCLK_TO_ROWCLK_BUF                                                         ;
;   353.423 ;   0.413  ;    ; RE   ; 5      ; LAB_CLK_X0_Y77_N0_I5                    ; LAB_CLK                                                                    ;
;   353.550 ;   0.127  ;    ; RE   ; 1      ; BLK_CLK_BUF_X10_Y77_N0_I5               ; BLK_CLK_BUF                                                                ;
;   353.594 ;   0.044  ;    ; RE   ; 1      ; ROWCLKSEL_PREBUF_X10_Y77_N0_I5          ; ROWCLKSEL_PREBUF                                                           ;
;   353.640 ;   0.046  ;    ; RE   ; 1      ; ROWCLKSEL_X10_Y77_N0_I0                 ; ROWCLKSEL                                                                  ;
;   353.640 ;   0.000  ;    ; RE   ; 2      ; GLOBAL_LOCAL_SEL_X10_Y77_N0_I0          ; GLOBAL_LOCAL_SEL                                                           ;
;   353.640 ;   0.000  ;    ; RE   ; 3      ; LAB_INPUT_X10_Y77_N0_I1                 ; LAB_INPUT                                                                  ;
;   353.641 ;   0.001  ; RR ; IC   ; 1      ; FF_X10_Y77_N46                          ; emu|audio_mode_meta[2]|clk                                                 ;
;   354.150 ;   0.509  ; RR ; CELL ; 1      ; FF_X10_Y77_N46                          ; emu:emu|audio_mode_meta[2]                                                 ;
;   355.503 ;   1.353  ;    ;      ;        ;                                         ; clock pessimism removed                                                    ;
; 355.343   ; -0.160   ;    ;      ;        ;                                         ; clock uncertainty                                                          ;
; 355.343   ; 0.000    ;    ; uTsu ; 1      ; FF_X10_Y77_N46                          ; emu:emu|audio_mode_meta[2]                                                 ;
+-----------+----------+----+------+--------+-----------------------------------------+----------------------------------------------------------------------------+

----------------------------
; Extra Fitter Information ;
----------------------------
HTML report is unavailable in plain text report export.


Path #16: Recovery slack is -2.323 (VIOLATED)
===============================================================================
+----------------------------------------------------------------------------------------------+
; Path Summary                                                                                 ;
+--------------------+-------------------------------------------------------------------------+
; Property           ; Value                                                                   ;
+--------------------+-------------------------------------------------------------------------+
; From Node          ; emu:emu|audio_reset_stretch[0]                                          ;
; To Node            ; emu:emu|reset_audio_src_sync[2]                                         ;
; Launch Clock       ; emu|pll|pll_inst|altera_pll_i|general[0].gpll~PLL_OUTPUT_COUNTER|divclk ;
; Latch Clock        ; emu|pll|pll_inst|altera_pll_i|general[2].gpll~PLL_OUTPUT_COUNTER|divclk ;
; Data Arrival Time  ; 357.668                                                                 ;
; Data Required Time ; 355.345                                                                 ;
; Slack              ; -2.323 (VIOLATED)                                                       ;
+--------------------+-------------------------------------------------------------------------+

+--------------------------------------------------------------------------------------+
; Statistics                                                                           ;
+------------------------+--------+-------+-------------+------------+--------+--------+
; Property               ; Value  ; Count ; Total Delay ; % of Total ; Min    ; Max    ;
+------------------------+--------+-------+-------------+------------+--------+--------+
; Recovery Relationship  ; 1.842  ;       ;             ;            ;        ;        ;
; Clock Skew             ; -0.874 ;       ;             ;            ;        ;        ;
; Data Delay             ; 3.131  ;       ;             ;            ;        ;        ;
; Number of Logic Levels ;        ; 2     ;             ;            ;        ;        ;
; Physical Delays        ;        ;       ;             ;            ;        ;        ;
;  Arrival Path          ;        ;       ;             ;            ;        ;        ;
;   Clock                ;        ;       ;             ;            ;        ;        ;
;    IC                  ;        ; 6     ; -0.001      ; 0          ; -0.001 ; 0.000  ;
;    Cell                ;        ; 5     ; 3.530       ; 42         ; 0.322  ; 1.535  ;
;    PLL Compensation    ;        ; 1     ; -3.768      ; 0          ; -3.768 ; -3.768 ;
;    Routing Element     ;        ; 38    ; 4.776       ; 58         ; 0.000  ; 1.135  ;
;   Data                 ;        ;       ;             ;            ;        ;        ;
;    IC                  ;        ; 3     ; -0.002      ; 0          ; -0.001 ; 0.000  ;
;    Cell                ;        ; 4     ; 1.753       ; 56         ; 0.000  ; 0.611  ;
;    uTco                ;        ; 1     ; 0.000       ; 0          ; 0.000  ; 0.000  ;
;    Routing Element     ;        ; 15    ; 1.380       ; 44         ; 0.000  ; 0.201  ;
;  Required Path         ;        ;       ;             ;            ;        ;        ;
;   Clock                ;        ;       ;             ;            ;        ;        ;
;    IC                  ;        ; 6     ; 0.001       ; 0          ; 0.000  ; 0.001  ;
;    Cell                ;        ; 5     ; 3.144       ; 43         ; 0.296  ; 1.268  ;
;    PLL Compensation    ;        ; 1     ; -4.932      ; 0          ; -4.932 ; -4.932 ;
;    Routing Element     ;        ; 38    ; 4.097       ; 57         ; 0.000  ; 0.788  ;
+------------------------+--------+-------+-------------+------------+--------+--------+
Note: Negative delays are omitted from totals when calculating percentages

+---------------------------------------------------------------------------------------------------------------------------------------------------------------------+
; Data Arrival Path                                                                                                                                                   ;
+-----------+----------+----+------+--------+--------------------------------------------+----------------------------------------------------------------------------+
; Total     ; Incr     ; RF ; Type ; Fanout ; Location                                   ; Element                                                                    ;
+-----------+----------+----+------+--------+--------------------------------------------+----------------------------------------------------------------------------+
; 350.000   ; 350.000  ;    ;      ;        ;                                            ; launch edge time                                                           ;
; 354.537   ; 4.537    ;    ;      ;        ;                                            ; clock path                                                                 ;
;   350.000 ;   0.000  ;    ;      ;        ;                                            ; source latency                                                             ;
;   350.000 ;   0.000  ;    ;      ; 1      ; PIN_Y13                                    ; FPGA_CLK2_50                                                               ;
;   350.000 ;   0.000  ;    ; RE   ; 1      ; IOPAD_X56_Y0_N0                            ; ARRIAV_IO_PAD                                                              ;
;   350.000 ;   0.000  ;    ; RE   ; 1      ; IO_PAD_OUTPUT_X56_Y0_N0_I1                 ; IO_PAD_OUTPUT                                                              ;
;   350.000 ;   0.000  ;    ; RE   ; 1      ; IO_INPUT_BUFFER_INPUT_X56_Y0_N1_I0         ; IO_INPUT_BUFFER_INPUT                                                      ;
;   350.000 ;   0.000  ; RR ; IC   ; 1      ; IOIBUF_X56_Y0_N1                           ; FPGA_CLK2_50~input|i                                                       ;
;   350.761 ;   0.761  ; RR ; CELL ; 2      ; IOIBUF_X56_Y0_N1                           ; FPGA_CLK2_50~input|o                                                       ;
;   350.761 ;   0.000  ;    ; RE   ; 1      ; IOIBUF_X56_Y0_N1                           ; ARRIAV_IO_IBUF                                                             ;
;   350.761 ;   0.000  ;    ; RE   ; 1      ; IO_INPUT_BUFFER_OUTPUT_X56_Y0_N1_I2        ; IO_INPUT_BUFFER_OUTPUT                                                     ;
;   350.761 ;   0.000  ;    ; RE   ; 1      ; IO_RE_X56_Y0_N0_I96                        ; IO_RE                                                                      ;
;   351.260 ;   0.499  ;    ; RE   ; 2      ; IO_RE_X56_Y0_N0_I66                        ; IO_RE                                                                      ;
;   352.096 ;   0.836  ;    ; RE   ; 1      ; FF_PLL_RE_X89_Y0_N0_I3                     ; FF_PLL_RE                                                                  ;
;   352.096 ;   0.000  ;    ; RE   ; 1      ; F_PLL_BLOCK_RE_X89_Y0_N0_I2                ; F_PLL_BLOCK_RE                                                             ;
;   352.096 ;   0.000  ;    ; RE   ; 1      ; PLL_REFCLK_SELECT_INPUT_X89_Y7_N0_I2       ; PLL_REFCLK_SELECT_INPUT                                                    ;
;   352.096 ;   0.000  ; RR ; IC   ; 1      ; PLLREFCLKSELECT_X89_Y7_N0                  ; emu|pll|pll_inst|altera_pll_i|general[0].gpll~PLL_REFCLK_SELECT|clkin[0]   ;
;   352.429 ;   0.333  ; RR ; CELL ; 1      ; PLLREFCLKSELECT_X89_Y7_N0                  ; emu|pll|pll_inst|altera_pll_i|general[0].gpll~PLL_REFCLK_SELECT|clkout     ;
;   352.429 ;   0.000  ;    ; RE   ; 2      ; PLLREFCLKSELECT_X89_Y7_N0                  ; CYCLONEV_PLL_REFCLK_SELECT                                                 ;
;   352.429 ;   0.000  ;    ; RE   ; 1      ; PLL_REFCLK_SELECT_OUTPUT_X89_Y7_N0_I15     ; PLL_REFCLK_SELECT_OUTPUT                                                   ;
;   352.429 ;   0.000  ;    ; RE   ; 1      ; FRACTIONAL_PLL_INPUT_X89_Y1_N0_I7          ; FRACTIONAL_PLL_INPUT                                                       ;
;   352.429 ;   0.000  ; RR ; IC   ; 10     ; FRACTIONALPLL_X89_Y1_N0                    ; emu|pll|pll_inst|altera_pll_i|general[0].gpll~FRACTIONAL_PLL|refclkin      ;
;   348.661 ;   -3.768 ; RR ; COMP ; 3      ; FRACTIONALPLL_X89_Y1_N0                    ; emu|pll|pll_inst|altera_pll_i|general[0].gpll~FRACTIONAL_PLL|vcoph[0]      ;
;   348.661 ;   0.000  ;    ; RE   ; 19     ; FRACTIONALPLL_X89_Y1_N0                    ; CYCLONEV_FRACTIONAL_PLL                                                    ;
;   348.661 ;   0.000  ;    ; RE   ; 1      ; FRACTIONAL_PLL_OUTPUT_X89_Y1_N0_I19        ; FRACTIONAL_PLL_OUTPUT                                                      ;
;   348.661 ;   0.000  ;    ; RE   ; 3      ; F_PLL_BLOCK_RE_X89_Y0_N0_I109              ; F_PLL_BLOCK_RE                                                             ;
;   348.661 ;   0.000  ;    ; RE   ; 1      ; PLL_OUTPUT_COUNTER_INPUT_X89_Y2_N1_I7      ; PLL_OUTPUT_COUNTER_INPUT                                                   ;
;   348.661 ;   0.000  ; RR ; IC   ; 1      ; PLLOUTPUTCOUNTER_X89_Y2_N1                 ; emu|pll|pll_inst|altera_pll_i|general[0].gpll~PLL_OUTPUT_COUNTER|vco0ph[0] ;
;   350.196 ;   1.535  ; RR ; CELL ; 1      ; PLLOUTPUTCOUNTER_X89_Y2_N1                 ; emu|pll|pll_inst|altera_pll_i|general[0].gpll~PLL_OUTPUT_COUNTER|divclk    ;
;   350.196 ;   0.000  ;    ; RE   ; 1      ; PLLOUTPUTCOUNTER_X89_Y2_N1                 ; CYCLONEV_PLL_OUTPUT_COUNTER                                                ;
;   350.196 ;   0.000  ;    ; RE   ; 1      ; PLL_OUTPUT_COUNTER_OUTPUT_X89_Y2_N1_I16    ; PLL_OUTPUT_COUNTER_OUTPUT                                                  ;
;   350.676 ;   0.480  ;    ; RE   ; 1      ; FF_PLL_RE_X89_Y0_N0_I103                   ; FF_PLL_RE                                                                  ;
;   351.215 ;   0.539  ;    ; RE   ; 1      ; CLKBUF_CLUSTER_RE_X89_Y35_N3_I435          ; CLKBUF_CLUSTER_RE                                                          ;
;   351.215 ;   0.000  ;    ; RE   ; 1      ; CLKBUF_CLUSTER_RE_X89_Y35_N3_I693          ; CLKBUF_CLUSTER_RE                                                          ;
;   351.215 ;   0.000  ;    ; RE   ; 1      ; GCLK_CLUSTER_RE_X89_Y35_N12_I10            ; GCLK_CLUSTER_RE                                                            ;
;   351.215 ;   0.000  ;    ; RE   ; 1      ; CLKBUFBLOCK_INPUT_X89_Y35_N13_I0           ; CLKBUFBLOCK_INPUT                                                          ;
;   351.215 ;   0.000  ; RR ; IC   ; 1      ; CLKCTRL_G11                                ; emu|pll|pll_inst|altera_pll_i|outclk_wire[0]~CLKENA0|inclk                 ;
;   351.537 ;   0.322  ; RR ; CELL ; 1342   ; CLKCTRL_G11                                ; emu|pll|pll_inst|altera_pll_i|outclk_wire[0]~CLKENA0|outclk                ;
;   351.537 ;   0.000  ;    ; RE   ; 1      ; CLKCTRL_G11                                ; ARRIAV_CLKBUF                                                              ;
;   351.537 ;   0.000  ;    ; RE   ; 1      ; CLKBUFBLOCK_OUTPUT_X89_Y35_N13_I2          ; CLKBUFBLOCK_OUTPUT                                                         ;
;   351.537 ;   0.000  ;    ; RE   ; 1      ; GCLK_CLUSTER_RE_X89_Y35_N12_I12            ; GCLK_CLUSTER_RE                                                            ;
;   351.537 ;   0.000  ;    ; RE   ; 1      ; CLKBUF_CLUSTER_RE_X89_Y35_N3_I418          ; CLKBUF_CLUSTER_RE                                                          ;
;   352.672 ;   1.135  ;    ; RE   ; 7      ; GLOBAL_CLOCK_X0_Y36_N0_I11                 ; GLOBAL_CLOCK                                                               ;
;   352.820 ;   0.148  ;    ; RE   ; 20     ; SPINE_CLOCK_X15_Y59_N0_I19                 ; SPINE_CLOCK                                                                ;
;   353.207 ;   0.387  ;    ; RE   ; 1      ; SCLK_TO_ROWCLK_BUF_X15_Y75_N0_I115         ; SCLK_TO_ROWCLK_BUF                                                         ;
;   353.291 ;   0.084  ;    ; RE   ; 2      ; SCLK_TO_ROWCLK_BUF_X15_Y75_N0_I118         ; SCLK_TO_ROWCLK_BUF                                                         ;
;   353.724 ;   0.433  ;    ; RE   ; 3      ; LAB_CLK_X0_Y75_N0_I5                       ; LAB_CLK                                                                    ;
;   353.862 ;   0.138  ;    ; RE   ; 1      ; BLK_CLK_BUF_X12_Y75_N0_I5                  ; BLK_CLK_BUF                                                                ;
;   353.909 ;   0.047  ;    ; RE   ; 1      ; ROWCLKSEL_PREBUF_X12_Y75_N0_I5             ; ROWCLKSEL_PREBUF                                                           ;
;   353.959 ;   0.050  ;    ; RE   ; 1      ; ROWCLKSEL_X12_Y75_N0_I0                    ; ROWCLKSEL                                                                  ;
;   353.959 ;   0.000  ;    ; RE   ; 2      ; GLOBAL_LOCAL_SEL_X12_Y75_N0_I0             ; GLOBAL_LOCAL_SEL                                                           ;
;   353.959 ;   0.000  ;    ; RE   ; 15     ; LAB_INPUT_X12_Y75_N0_I1                    ; LAB_INPUT                                                                  ;
;   353.958 ;   -0.001 ; RR ; IC   ; 1      ; FF_X12_Y75_N29                             ; emu|audio_reset_stretch[0]|clk                                             ;
;   354.537 ;   0.579  ; RR ; CELL ; 1      ; FF_X12_Y75_N29                             ; emu:emu|audio_reset_stretch[0]                                             ;
; 357.668   ; 3.131    ;    ;      ;        ;                                            ; data path                                                                  ;
;   354.537 ;   0.000  ;    ; uTco ; 1      ; FF_X12_Y75_N29                             ; emu:emu|audio_reset_stretch[0]                                             ;
;   354.537 ;   0.000  ; RR ; CELL ; 3      ; FF_X12_Y75_N29                             ; emu|audio_reset_stretch[0]|q                                               ;
;   354.609 ;   0.072  ;    ; RE   ; 2      ; FF_X12_Y75_N29                             ; ARRIAV_FF                                                                  ;
;   354.731 ;   0.122  ;    ; RE   ; 2      ; LOCAL_LINE_X12_Y75_N0_I9                   ; LOCAL_LINE                                                                 ;
;   354.840 ;   0.109  ;    ; RE   ; 1      ; BLOCK_INPUT_MUX_X12_Y75_N0_I2              ; LEIM_INPUT                                                                 ;
;   354.840 ;   0.000  ; RR ; IC   ; 1      ; LABCELL_X12_Y75_N3                         ; emu|Equal4~0|dataa                                                         ;
;   355.432 ;   0.592  ; RF ; CELL ; 6      ; LABCELL_X12_Y75_N3                         ; emu|Equal4~0|combout                                                       ;
;   355.432 ;   0.000  ;    ; RE   ; 2      ; LABCELL_X12_Y75_N3                         ; ARRIAV_LCELL_COMB                                                          ;
;   355.521 ;   0.089  ;    ; RE   ; 2      ; LE_BUFFER_X12_Y75_N0_I3                    ; LE_BUFFER                                                                  ;
;   355.665 ;   0.144  ;    ; RE   ; 1      ; LOCAL_INTERCONNECT_X11_Y75_N0_I1           ; LAB_LINE                                                                   ;
;   355.764 ;   0.099  ;    ; RE   ; 1      ; BLOCK_INPUT_MUX_X11_Y75_N0_I26             ; LEIM_INPUT                                                                 ;
;   355.763 ;   -0.001 ; FF ; IC   ; 1      ; LABCELL_X11_Y75_N21                        ; emu|audio_reset_request|dataa                                              ;
;   356.313 ;   0.550  ; FR ; CELL ; 22     ; LABCELL_X11_Y75_N21                        ; emu|audio_reset_request|combout                                            ;
;   356.313 ;   0.000  ;    ; RE   ; 2      ; LABCELL_X11_Y75_N21                        ; ARRIAV_LCELL_COMB                                                          ;
;   356.403 ;   0.090  ;    ; RE   ; 1      ; LE_BUFFER_X11_Y75_N0_I15                   ; LE_BUFFER                                                                  ;
;   356.570 ;   0.167  ;    ; RE   ; 1      ; C2_X10_Y76_N0_I8                           ; V_SEG2                                                                     ;
;   356.710 ;   0.140  ;    ; RE   ; 1      ; R3_X8_Y77_N0_I15                           ; H_SEG3                                                                     ;
;   356.857 ;   0.147  ;    ; RE   ; 1      ; LOCAL_INTERCONNECT_X10_Y77_N0_I35          ; LAB_LINE                                                                   ;
;   357.058 ;   0.201  ;    ; RE   ; 1      ; BLOCK_INPUT_MUX_PASSTHROUGH_X10_Y77_N0_I83 ; LEIM                                                                       ;
;   357.058 ;   0.000  ;    ; RE   ; 1      ; GLOBAL_LOCAL_SEL_X10_Y77_N0_I2             ; GLOBAL_LOCAL_SEL                                                           ;
;   357.058 ;   0.000  ;    ; RE   ; 3      ; LAB_INPUT_X10_Y77_N0_I3                    ; LAB_INPUT                                                                  ;
;   357.057 ;   -0.001 ; RR ; IC   ; 1      ; FF_X10_Y77_N56                             ; emu|reset_audio_src_sync[2]|clrn                                           ;
;   357.668 ;   0.611  ; RF ; CELL ; 1      ; FF_X10_Y77_N56                             ; emu:emu|reset_audio_src_sync[2]                                            ;
+-----------+----------+----+------+--------+--------------------------------------------+----------------------------------------------------------------------------+

+------------------------------------------------------------------------------------------------------------------------------------------------------------------+
; Data Required Path                                                                                                                                               ;
+-----------+----------+----+------+--------+-----------------------------------------+----------------------------------------------------------------------------+
; Total     ; Incr     ; RF ; Type ; Fanout ; Location                                ; Element                                                                    ;
+-----------+----------+----+------+--------+-----------------------------------------+----------------------------------------------------------------------------+
; 351.842   ; 351.842  ;    ;      ;        ;                                         ; latch edge time                                                            ;
; 355.505   ; 3.663    ;    ;      ;        ;                                         ; clock path                                                                 ;
;   351.842 ;   0.000  ;    ;      ;        ;                                         ; source latency                                                             ;
;   351.842 ;   0.000  ;    ;      ; 1      ; PIN_Y13                                 ; FPGA_CLK2_50                                                               ;
;   351.842 ;   0.000  ;    ; RE   ; 1      ; IOPAD_X56_Y0_N0                         ; ARRIAV_IO_PAD                                                              ;
;   351.842 ;   0.000  ;    ; RE   ; 1      ; IO_PAD_OUTPUT_X56_Y0_N0_I1              ; IO_PAD_OUTPUT                                                              ;
;   351.842 ;   0.000  ;    ; RE   ; 1      ; IO_INPUT_BUFFER_INPUT_X56_Y0_N1_I0      ; IO_INPUT_BUFFER_INPUT                                                      ;
;   351.842 ;   0.000  ; RR ; IC   ; 1      ; IOIBUF_X56_Y0_N1                        ; FPGA_CLK2_50~input|i                                                       ;
;   352.603 ;   0.761  ; RR ; CELL ; 2      ; IOIBUF_X56_Y0_N1                        ; FPGA_CLK2_50~input|o                                                       ;
;   352.603 ;   0.000  ;    ; RE   ; 1      ; IOIBUF_X56_Y0_N1                        ; ARRIAV_IO_IBUF                                                             ;
;   352.603 ;   0.000  ;    ; RE   ; 1      ; IO_INPUT_BUFFER_OUTPUT_X56_Y0_N1_I2     ; IO_INPUT_BUFFER_OUTPUT                                                     ;
;   352.603 ;   0.000  ;    ; RE   ; 1      ; IO_RE_X56_Y0_N0_I96                     ; IO_RE                                                                      ;
;   352.986 ;   0.383  ;    ; RE   ; 2      ; IO_RE_X56_Y0_N0_I66                     ; IO_RE                                                                      ;
;   353.774 ;   0.788  ;    ; RE   ; 1      ; FF_PLL_RE_X89_Y0_N0_I3                  ; FF_PLL_RE                                                                  ;
;   353.774 ;   0.000  ;    ; RE   ; 1      ; F_PLL_BLOCK_RE_X89_Y0_N0_I2             ; F_PLL_BLOCK_RE                                                             ;
;   353.774 ;   0.000  ;    ; RE   ; 1      ; PLL_REFCLK_SELECT_INPUT_X89_Y7_N0_I2    ; PLL_REFCLK_SELECT_INPUT                                                    ;
;   353.774 ;   0.000  ; RR ; IC   ; 1      ; PLLREFCLKSELECT_X89_Y7_N0               ; emu|pll|pll_inst|altera_pll_i|general[0].gpll~PLL_REFCLK_SELECT|clkin[0]   ;
;   354.082 ;   0.308  ; RR ; CELL ; 1      ; PLLREFCLKSELECT_X89_Y7_N0               ; emu|pll|pll_inst|altera_pll_i|general[0].gpll~PLL_REFCLK_SELECT|clkout     ;
;   354.082 ;   0.000  ;    ; RE   ; 2      ; PLLREFCLKSELECT_X89_Y7_N0               ; CYCLONEV_PLL_REFCLK_SELECT                                                 ;
;   354.082 ;   0.000  ;    ; RE   ; 1      ; PLL_REFCLK_SELECT_OUTPUT_X89_Y7_N0_I15  ; PLL_REFCLK_SELECT_OUTPUT                                                   ;
;   354.082 ;   0.000  ;    ; RE   ; 1      ; FRACTIONAL_PLL_INPUT_X89_Y1_N0_I7       ; FRACTIONAL_PLL_INPUT                                                       ;
;   354.082 ;   0.000  ; RR ; IC   ; 10     ; FRACTIONALPLL_X89_Y1_N0                 ; emu|pll|pll_inst|altera_pll_i|general[0].gpll~FRACTIONAL_PLL|refclkin      ;
;   349.150 ;   -4.932 ; RR ; COMP ; 3      ; FRACTIONALPLL_X89_Y1_N0                 ; emu|pll|pll_inst|altera_pll_i|general[0].gpll~FRACTIONAL_PLL|vcoph[0]      ;
;   349.150 ;   0.000  ;    ; RE   ; 19     ; FRACTIONALPLL_X89_Y1_N0                 ; CYCLONEV_FRACTIONAL_PLL                                                    ;
;   349.150 ;   0.000  ;    ; RE   ; 1      ; FRACTIONAL_PLL_OUTPUT_X89_Y1_N0_I19     ; FRACTIONAL_PLL_OUTPUT                                                      ;
;   349.150 ;   0.000  ;    ; RE   ; 3      ; F_PLL_BLOCK_RE_X89_Y0_N0_I109           ; F_PLL_BLOCK_RE                                                             ;
;   349.150 ;   0.000  ;    ; RE   ; 1      ; PLL_OUTPUT_COUNTER_INPUT_X89_Y0_N1_I7   ; PLL_OUTPUT_COUNTER_INPUT                                                   ;
;   349.150 ;   0.000  ; RR ; IC   ; 1      ; PLLOUTPUTCOUNTER_X89_Y0_N1              ; emu|pll|pll_inst|altera_pll_i|general[2].gpll~PLL_OUTPUT_COUNTER|vco0ph[0] ;
;   350.418 ;   1.268  ; RR ; CELL ; 1      ; PLLOUTPUTCOUNTER_X89_Y0_N1              ; emu|pll|pll_inst|altera_pll_i|general[2].gpll~PLL_OUTPUT_COUNTER|divclk    ;
;   350.418 ;   0.000  ;    ; RE   ; 1      ; PLLOUTPUTCOUNTER_X89_Y0_N1              ; CYCLONEV_PLL_OUTPUT_COUNTER                                                ;
;   350.418 ;   0.000  ;    ; RE   ; 1      ; PLL_OUTPUT_COUNTER_OUTPUT_X89_Y0_N1_I16 ; PLL_OUTPUT_COUNTER_OUTPUT                                                  ;
;   350.855 ;   0.437  ;    ; RE   ; 1      ; FF_PLL_RE_X89_Y0_N0_I101                ; FF_PLL_RE                                                                  ;
;   351.362 ;   0.507  ;    ; RE   ; 1      ; CLKBUF_CLUSTER_RE_X89_Y35_N3_I433       ; CLKBUF_CLUSTER_RE                                                          ;
;   351.362 ;   0.000  ;    ; RE   ; 1      ; CLKBUF_CLUSTER_RE_X89_Y35_N3_I563       ; CLKBUF_CLUSTER_RE                                                          ;
;   351.362 ;   0.000  ;    ; RE   ; 1      ; GCLK_CLUSTER_RE_X89_Y35_N6_I10          ; GCLK_CLUSTER_RE                                                            ;
;   351.362 ;   0.000  ;    ; RE   ; 1      ; CLKBUFBLOCK_INPUT_X89_Y35_N7_I0         ; CLKBUFBLOCK_INPUT                                                          ;
;   351.362 ;   0.000  ; RR ; IC   ; 1      ; CLKCTRL_G9                              ; emu|pll|pll_inst|altera_pll_i|outclk_wire[2]~CLKENA0|inclk                 ;
;   351.658 ;   0.296  ; RR ; CELL ; 32647  ; CLKCTRL_G9                              ; emu|pll|pll_inst|altera_pll_i|outclk_wire[2]~CLKENA0|outclk                ;
;   351.658 ;   0.000  ;    ; RE   ; 1      ; CLKCTRL_G9                              ; ARRIAV_CLKBUF                                                              ;
;   351.658 ;   0.000  ;    ; RE   ; 1      ; CLKBUFBLOCK_OUTPUT_X89_Y35_N7_I2        ; CLKBUFBLOCK_OUTPUT                                                         ;
;   351.658 ;   0.000  ;    ; RE   ; 1      ; GCLK_CLUSTER_RE_X89_Y35_N6_I12          ; GCLK_CLUSTER_RE                                                            ;
;   351.658 ;   0.000  ;    ; RE   ; 1      ; CLKBUF_CLUSTER_RE_X89_Y35_N3_I416       ; CLKBUF_CLUSTER_RE                                                          ;
;   352.407 ;   0.749  ;    ; RE   ; 12     ; GLOBAL_CLOCK_X0_Y36_N0_I9               ; GLOBAL_CLOCK                                                               ;
;   352.564 ;   0.157  ;    ; RE   ; 7      ; SPINE_CLOCK_X15_Y59_N0_I7               ; SPINE_CLOCK                                                                ;
;   352.938 ;   0.374  ;    ; RE   ; 1      ; SCLK_TO_ROWCLK_BUF_X15_Y77_N0_I43       ; SCLK_TO_ROWCLK_BUF                                                         ;
;   353.010 ;   0.072  ;    ; RE   ; 1      ; SCLK_TO_ROWCLK_BUF_X15_Y77_N0_I46       ; SCLK_TO_ROWCLK_BUF                                                         ;
;   353.423 ;   0.413  ;    ; RE   ; 5      ; LAB_CLK_X0_Y77_N0_I5                    ; LAB_CLK                                                                    ;
;   353.550 ;   0.127  ;    ; RE   ; 1      ; BLK_CLK_BUF_X10_Y77_N0_I5               ; BLK_CLK_BUF                                                                ;
;   353.594 ;   0.044  ;    ; RE   ; 1      ; ROWCLKSEL_PREBUF_X10_Y77_N0_I5          ; ROWCLKSEL_PREBUF                                                           ;
;   353.640 ;   0.046  ;    ; RE   ; 1      ; ROWCLKSEL_X10_Y77_N0_I0                 ; ROWCLKSEL                                                                  ;
;   353.640 ;   0.000  ;    ; RE   ; 2      ; GLOBAL_LOCAL_SEL_X10_Y77_N0_I0          ; GLOBAL_LOCAL_SEL                                                           ;
;   353.640 ;   0.000  ;    ; RE   ; 3      ; LAB_INPUT_X10_Y77_N0_I1                 ; LAB_INPUT                                                                  ;
;   353.641 ;   0.001  ; RR ; IC   ; 1      ; FF_X10_Y77_N56                          ; emu|reset_audio_src_sync[2]|clk                                            ;
;   354.152 ;   0.511  ; RR ; CELL ; 1      ; FF_X10_Y77_N56                          ; emu:emu|reset_audio_src_sync[2]                                            ;
;   355.505 ;   1.353  ;    ;      ;        ;                                         ; clock pessimism removed                                                    ;
; 355.345   ; -0.160   ;    ;      ;        ;                                         ; clock uncertainty                                                          ;
; 355.345   ; 0.000    ;    ; uTsu ; 1      ; FF_X10_Y77_N56                          ; emu:emu|reset_audio_src_sync[2]                                            ;
+-----------+----------+----+------+--------+-----------------------------------------+----------------------------------------------------------------------------+

----------------------------
; Extra Fitter Information ;
----------------------------
HTML report is unavailable in plain text report export.


Path #17: Recovery slack is -2.322 (VIOLATED)
===============================================================================
+----------------------------------------------------------------------------------------------+
; Path Summary                                                                                 ;
+--------------------+-------------------------------------------------------------------------+
; Property           ; Value                                                                   ;
+--------------------+-------------------------------------------------------------------------+
; From Node          ; emu:emu|hps_io:hps_io|ioctl_index[0]                                    ;
; To Node            ; emu:emu|audio_mode_src[2]                                               ;
; Launch Clock       ; emu|pll|pll_inst|altera_pll_i|general[0].gpll~PLL_OUTPUT_COUNTER|divclk ;
; Latch Clock        ; emu|pll|pll_inst|altera_pll_i|general[2].gpll~PLL_OUTPUT_COUNTER|divclk ;
; Data Arrival Time  ; 357.656                                                                 ;
; Data Required Time ; 355.334                                                                 ;
; Slack              ; -2.322 (VIOLATED)                                                       ;
+--------------------+-------------------------------------------------------------------------+

+--------------------------------------------------------------------------------------+
; Statistics                                                                           ;
+------------------------+--------+-------+-------------+------------+--------+--------+
; Property               ; Value  ; Count ; Total Delay ; % of Total ; Min    ; Max    ;
+------------------------+--------+-------+-------------+------------+--------+--------+
; Recovery Relationship  ; 1.842  ;       ;             ;            ;        ;        ;
; Clock Skew             ; -0.888 ;       ;             ;            ;        ;        ;
; Data Delay             ; 3.116  ;       ;             ;            ;        ;        ;
; Number of Logic Levels ;        ; 2     ;             ;            ;        ;        ;
; Physical Delays        ;        ;       ;             ;            ;        ;        ;
;  Arrival Path          ;        ;       ;             ;            ;        ;        ;
;   Clock                ;        ;       ;             ;            ;        ;        ;
;    IC                  ;        ; 6     ; -0.001      ; 0          ; -0.001 ; 0.000  ;
;    Cell                ;        ; 5     ; 3.533       ; 43         ; 0.322  ; 1.535  ;
;    PLL Compensation    ;        ; 1     ; -3.768      ; 0          ; -3.768 ; -3.768 ;
;    Routing Element     ;        ; 38    ; 4.776       ; 57         ; 0.000  ; 1.135  ;
;   Data                 ;        ;       ;             ;            ;        ;        ;
;    IC                  ;        ; 3     ; 0.001       ; 0          ; 0.000  ; 0.001  ;
;    Cell                ;        ; 4     ; 1.534       ; 49         ; 0.000  ; 0.582  ;
;    uTco                ;        ; 1     ; 0.000       ; 0          ; 0.000  ; 0.000  ;
;    Routing Element     ;        ; 16    ; 1.581       ; 51         ; 0.000  ; 0.215  ;
;  Required Path         ;        ;       ;             ;            ;        ;        ;
;   Clock                ;        ;       ;             ;            ;        ;        ;
;    IC                  ;        ; 6     ; 0.000       ; 0          ; 0.000  ; 0.000  ;
;    Cell                ;        ; 5     ; 3.136       ; 43         ; 0.296  ; 1.268  ;
;    PLL Compensation    ;        ; 1     ; -4.932      ; 0          ; -4.932 ; -4.932 ;
;    Routing Element     ;        ; 38    ; 4.095       ; 57         ; 0.000  ; 0.788  ;
+------------------------+--------+-------+-------------+------------+--------+--------+
Note: Negative delays are omitted from totals when calculating percentages

+---------------------------------------------------------------------------------------------------------------------------------------------------------------------+
; Data Arrival Path                                                                                                                                                   ;
+-----------+----------+----+------+--------+--------------------------------------------+----------------------------------------------------------------------------+
; Total     ; Incr     ; RF ; Type ; Fanout ; Location                                   ; Element                                                                    ;
+-----------+----------+----+------+--------+--------------------------------------------+----------------------------------------------------------------------------+
; 350.000   ; 350.000  ;    ;      ;        ;                                            ; launch edge time                                                           ;
; 354.540   ; 4.540    ;    ;      ;        ;                                            ; clock path                                                                 ;
;   350.000 ;   0.000  ;    ;      ;        ;                                            ; source latency                                                             ;
;   350.000 ;   0.000  ;    ;      ; 1      ; PIN_Y13                                    ; FPGA_CLK2_50                                                               ;
;   350.000 ;   0.000  ;    ; RE   ; 1      ; IOPAD_X56_Y0_N0                            ; ARRIAV_IO_PAD                                                              ;
;   350.000 ;   0.000  ;    ; RE   ; 1      ; IO_PAD_OUTPUT_X56_Y0_N0_I1                 ; IO_PAD_OUTPUT                                                              ;
;   350.000 ;   0.000  ;    ; RE   ; 1      ; IO_INPUT_BUFFER_INPUT_X56_Y0_N1_I0         ; IO_INPUT_BUFFER_INPUT                                                      ;
;   350.000 ;   0.000  ; RR ; IC   ; 1      ; IOIBUF_X56_Y0_N1                           ; FPGA_CLK2_50~input|i                                                       ;
;   350.761 ;   0.761  ; RR ; CELL ; 2      ; IOIBUF_X56_Y0_N1                           ; FPGA_CLK2_50~input|o                                                       ;
;   350.761 ;   0.000  ;    ; RE   ; 1      ; IOIBUF_X56_Y0_N1                           ; ARRIAV_IO_IBUF                                                             ;
;   350.761 ;   0.000  ;    ; RE   ; 1      ; IO_INPUT_BUFFER_OUTPUT_X56_Y0_N1_I2        ; IO_INPUT_BUFFER_OUTPUT                                                     ;
;   350.761 ;   0.000  ;    ; RE   ; 1      ; IO_RE_X56_Y0_N0_I96                        ; IO_RE                                                                      ;
;   351.260 ;   0.499  ;    ; RE   ; 2      ; IO_RE_X56_Y0_N0_I66                        ; IO_RE                                                                      ;
;   352.096 ;   0.836  ;    ; RE   ; 1      ; FF_PLL_RE_X89_Y0_N0_I3                     ; FF_PLL_RE                                                                  ;
;   352.096 ;   0.000  ;    ; RE   ; 1      ; F_PLL_BLOCK_RE_X89_Y0_N0_I2                ; F_PLL_BLOCK_RE                                                             ;
;   352.096 ;   0.000  ;    ; RE   ; 1      ; PLL_REFCLK_SELECT_INPUT_X89_Y7_N0_I2       ; PLL_REFCLK_SELECT_INPUT                                                    ;
;   352.096 ;   0.000  ; RR ; IC   ; 1      ; PLLREFCLKSELECT_X89_Y7_N0                  ; emu|pll|pll_inst|altera_pll_i|general[0].gpll~PLL_REFCLK_SELECT|clkin[0]   ;
;   352.429 ;   0.333  ; RR ; CELL ; 1      ; PLLREFCLKSELECT_X89_Y7_N0                  ; emu|pll|pll_inst|altera_pll_i|general[0].gpll~PLL_REFCLK_SELECT|clkout     ;
;   352.429 ;   0.000  ;    ; RE   ; 2      ; PLLREFCLKSELECT_X89_Y7_N0                  ; CYCLONEV_PLL_REFCLK_SELECT                                                 ;
;   352.429 ;   0.000  ;    ; RE   ; 1      ; PLL_REFCLK_SELECT_OUTPUT_X89_Y7_N0_I15     ; PLL_REFCLK_SELECT_OUTPUT                                                   ;
;   352.429 ;   0.000  ;    ; RE   ; 1      ; FRACTIONAL_PLL_INPUT_X89_Y1_N0_I7          ; FRACTIONAL_PLL_INPUT                                                       ;
;   352.429 ;   0.000  ; RR ; IC   ; 10     ; FRACTIONALPLL_X89_Y1_N0                    ; emu|pll|pll_inst|altera_pll_i|general[0].gpll~FRACTIONAL_PLL|refclkin      ;
;   348.661 ;   -3.768 ; RR ; COMP ; 3      ; FRACTIONALPLL_X89_Y1_N0                    ; emu|pll|pll_inst|altera_pll_i|general[0].gpll~FRACTIONAL_PLL|vcoph[0]      ;
;   348.661 ;   0.000  ;    ; RE   ; 19     ; FRACTIONALPLL_X89_Y1_N0                    ; CYCLONEV_FRACTIONAL_PLL                                                    ;
;   348.661 ;   0.000  ;    ; RE   ; 1      ; FRACTIONAL_PLL_OUTPUT_X89_Y1_N0_I19        ; FRACTIONAL_PLL_OUTPUT                                                      ;
;   348.661 ;   0.000  ;    ; RE   ; 3      ; F_PLL_BLOCK_RE_X89_Y0_N0_I109              ; F_PLL_BLOCK_RE                                                             ;
;   348.661 ;   0.000  ;    ; RE   ; 1      ; PLL_OUTPUT_COUNTER_INPUT_X89_Y2_N1_I7      ; PLL_OUTPUT_COUNTER_INPUT                                                   ;
;   348.661 ;   0.000  ; RR ; IC   ; 1      ; PLLOUTPUTCOUNTER_X89_Y2_N1                 ; emu|pll|pll_inst|altera_pll_i|general[0].gpll~PLL_OUTPUT_COUNTER|vco0ph[0] ;
;   350.196 ;   1.535  ; RR ; CELL ; 1      ; PLLOUTPUTCOUNTER_X89_Y2_N1                 ; emu|pll|pll_inst|altera_pll_i|general[0].gpll~PLL_OUTPUT_COUNTER|divclk    ;
;   350.196 ;   0.000  ;    ; RE   ; 1      ; PLLOUTPUTCOUNTER_X89_Y2_N1                 ; CYCLONEV_PLL_OUTPUT_COUNTER                                                ;
;   350.196 ;   0.000  ;    ; RE   ; 1      ; PLL_OUTPUT_COUNTER_OUTPUT_X89_Y2_N1_I16    ; PLL_OUTPUT_COUNTER_OUTPUT                                                  ;
;   350.676 ;   0.480  ;    ; RE   ; 1      ; FF_PLL_RE_X89_Y0_N0_I103                   ; FF_PLL_RE                                                                  ;
;   351.215 ;   0.539  ;    ; RE   ; 1      ; CLKBUF_CLUSTER_RE_X89_Y35_N3_I435          ; CLKBUF_CLUSTER_RE                                                          ;
;   351.215 ;   0.000  ;    ; RE   ; 1      ; CLKBUF_CLUSTER_RE_X89_Y35_N3_I693          ; CLKBUF_CLUSTER_RE                                                          ;
;   351.215 ;   0.000  ;    ; RE   ; 1      ; GCLK_CLUSTER_RE_X89_Y35_N12_I10            ; GCLK_CLUSTER_RE                                                            ;
;   351.215 ;   0.000  ;    ; RE   ; 1      ; CLKBUFBLOCK_INPUT_X89_Y35_N13_I0           ; CLKBUFBLOCK_INPUT                                                          ;
;   351.215 ;   0.000  ; RR ; IC   ; 1      ; CLKCTRL_G11                                ; emu|pll|pll_inst|altera_pll_i|outclk_wire[0]~CLKENA0|inclk                 ;
;   351.537 ;   0.322  ; RR ; CELL ; 1342   ; CLKCTRL_G11                                ; emu|pll|pll_inst|altera_pll_i|outclk_wire[0]~CLKENA0|outclk                ;
;   351.537 ;   0.000  ;    ; RE   ; 1      ; CLKCTRL_G11                                ; ARRIAV_CLKBUF                                                              ;
;   351.537 ;   0.000  ;    ; RE   ; 1      ; CLKBUFBLOCK_OUTPUT_X89_Y35_N13_I2          ; CLKBUFBLOCK_OUTPUT                                                         ;
;   351.537 ;   0.000  ;    ; RE   ; 1      ; GCLK_CLUSTER_RE_X89_Y35_N12_I12            ; GCLK_CLUSTER_RE                                                            ;
;   351.537 ;   0.000  ;    ; RE   ; 1      ; CLKBUF_CLUSTER_RE_X89_Y35_N3_I418          ; CLKBUF_CLUSTER_RE                                                          ;
;   352.672 ;   1.135  ;    ; RE   ; 7      ; GLOBAL_CLOCK_X0_Y36_N0_I11                 ; GLOBAL_CLOCK                                                               ;
;   352.820 ;   0.148  ;    ; RE   ; 20     ; SPINE_CLOCK_X15_Y59_N0_I19                 ; SPINE_CLOCK                                                                ;
;   353.207 ;   0.387  ;    ; RE   ; 1      ; SCLK_TO_ROWCLK_BUF_X15_Y75_N0_I115         ; SCLK_TO_ROWCLK_BUF                                                         ;
;   353.291 ;   0.084  ;    ; RE   ; 2      ; SCLK_TO_ROWCLK_BUF_X15_Y75_N0_I118         ; SCLK_TO_ROWCLK_BUF                                                         ;
;   353.724 ;   0.433  ;    ; RE   ; 3      ; LAB_CLK_X0_Y75_N0_I5                       ; LAB_CLK                                                                    ;
;   353.862 ;   0.138  ;    ; RE   ; 1      ; BLK_CLK_BUF_X12_Y75_N0_I5                  ; BLK_CLK_BUF                                                                ;
;   353.909 ;   0.047  ;    ; RE   ; 1      ; ROWCLKSEL_PREBUF_X12_Y75_N0_I5             ; ROWCLKSEL_PREBUF                                                           ;
;   353.959 ;   0.050  ;    ; RE   ; 1      ; ROWCLKSEL_X12_Y75_N0_I0                    ; ROWCLKSEL                                                                  ;
;   353.959 ;   0.000  ;    ; RE   ; 2      ; GLOBAL_LOCAL_SEL_X12_Y75_N0_I0             ; GLOBAL_LOCAL_SEL                                                           ;
;   353.959 ;   0.000  ;    ; RE   ; 2      ; LAB_INPUT_X12_Y75_N0_I0                    ; LAB_INPUT                                                                  ;
;   353.958 ;   -0.001 ; RR ; IC   ; 1      ; FF_X12_Y75_N7                              ; emu|hps_io|ioctl_index[0]|clk                                              ;
;   354.540 ;   0.582  ; RR ; CELL ; 1      ; FF_X12_Y75_N7                              ; emu:emu|hps_io:hps_io|ioctl_index[0]                                       ;
; 357.656   ; 3.116    ;    ;      ;        ;                                            ; data path                                                                  ;
;   354.540 ;   0.000  ;    ; uTco ; 1      ; FF_X12_Y75_N7                              ; emu:emu|hps_io:hps_io|ioctl_index[0]                                       ;
;   354.540 ;   0.000  ; RR ; CELL ; 3      ; FF_X12_Y75_N7                              ; emu|hps_io|ioctl_index[0]|q                                                ;
;   354.599 ;   0.059  ;    ; RE   ; 1      ; FF_X12_Y75_N7                              ; ARRIAV_FF                                                                  ;
;   354.701 ;   0.102  ;    ; RE   ; 3      ; LE_BUFFER_X12_Y75_N0_I4                    ; LE_BUFFER                                                                  ;
;   354.857 ;   0.156  ;    ; RE   ; 1      ; LOCAL_INTERCONNECT_X12_Y75_N0_I34          ; LAB_LINE                                                                   ;
;   355.002 ;   0.145  ;    ; RE   ; 1      ; BLOCK_INPUT_MUX_X12_Y75_N0_I76             ; LEIM_INPUT                                                                 ;
;   355.003 ;   0.001  ; RR ; IC   ; 1      ; LABCELL_X12_Y75_N54                        ; emu|audio_flac_download_active~1|datac                                     ;
;   355.475 ;   0.472  ; RF ; CELL ; 10     ; LABCELL_X12_Y75_N54                        ; emu|audio_flac_download_active~1|combout                                   ;
;   355.475 ;   0.000  ;    ; RE   ; 3      ; LABCELL_X12_Y75_N54                        ; ARRIAV_LCELL_COMB                                                          ;
;   355.559 ;   0.084  ;    ; RE   ; 1      ; LE_BUFFER_X12_Y75_N0_I37                   ; LE_BUFFER                                                                  ;
;   355.706 ;   0.147  ;    ; RE   ; 1      ; LOCAL_INTERCONNECT_X11_Y75_N0_I44          ; LAB_LINE                                                                   ;
;   355.834 ;   0.128  ;    ; RE   ; 1      ; BLOCK_INPUT_MUX_X11_Y75_N0_I29             ; LEIM_INPUT                                                                 ;
;   355.834 ;   0.000  ; FF ; IC   ; 1      ; LABCELL_X11_Y75_N21                        ; emu|audio_reset_request|datac                                              ;
;   356.314 ;   0.480  ; FF ; CELL ; 22     ; LABCELL_X11_Y75_N21                        ; emu|audio_reset_request|combout                                            ;
;   356.314 ;   0.000  ;    ; RE   ; 2      ; LABCELL_X11_Y75_N21                        ; ARRIAV_LCELL_COMB                                                          ;
;   356.390 ;   0.076  ;    ; RE   ; 2      ; LE_BUFFER_X11_Y75_N0_I14                   ; LE_BUFFER                                                                  ;
;   356.575 ;   0.185  ;    ; RE   ; 2      ; R6_X6_Y75_N0_I21                           ; H_SEG6                                                                     ;
;   356.790 ;   0.215  ;    ; RE   ; 3      ; R3_X9_Y75_N0_I14                           ; H_SEG3                                                                     ;
;   356.951 ;   0.161  ;    ; RE   ; 1      ; LOCAL_INTERCONNECT_X11_Y75_N0_I22          ; LAB_LINE                                                                   ;
;   357.074 ;   0.123  ;    ; RE   ; 1      ; BLOCK_INPUT_MUX_PASSTHROUGH_X11_Y75_N0_I83 ; LEIM                                                                       ;
;   357.074 ;   0.000  ;    ; RE   ; 1      ; GLOBAL_LOCAL_SEL_X11_Y75_N0_I2             ; GLOBAL_LOCAL_SEL                                                           ;
;   357.074 ;   0.000  ;    ; RE   ; 6      ; LAB_INPUT_X11_Y75_N0_I3                    ; LAB_INPUT                                                                  ;
;   357.074 ;   0.000  ; FF ; IC   ; 1      ; FF_X11_Y75_N56                             ; emu|audio_mode_src[2]|clrn                                                 ;
;   357.656 ;   0.582  ; FR ; CELL ; 1      ; FF_X11_Y75_N56                             ; emu:emu|audio_mode_src[2]                                                  ;
+-----------+----------+----+------+--------+--------------------------------------------+----------------------------------------------------------------------------+

+------------------------------------------------------------------------------------------------------------------------------------------------------------------+
; Data Required Path                                                                                                                                               ;
+-----------+----------+----+------+--------+-----------------------------------------+----------------------------------------------------------------------------+
; Total     ; Incr     ; RF ; Type ; Fanout ; Location                                ; Element                                                                    ;
+-----------+----------+----+------+--------+-----------------------------------------+----------------------------------------------------------------------------+
; 351.842   ; 351.842  ;    ;      ;        ;                                         ; latch edge time                                                            ;
; 355.494   ; 3.652    ;    ;      ;        ;                                         ; clock path                                                                 ;
;   351.842 ;   0.000  ;    ;      ;        ;                                         ; source latency                                                             ;
;   351.842 ;   0.000  ;    ;      ; 1      ; PIN_Y13                                 ; FPGA_CLK2_50                                                               ;
;   351.842 ;   0.000  ;    ; RE   ; 1      ; IOPAD_X56_Y0_N0                         ; ARRIAV_IO_PAD                                                              ;
;   351.842 ;   0.000  ;    ; RE   ; 1      ; IO_PAD_OUTPUT_X56_Y0_N0_I1              ; IO_PAD_OUTPUT                                                              ;
;   351.842 ;   0.000  ;    ; RE   ; 1      ; IO_INPUT_BUFFER_INPUT_X56_Y0_N1_I0      ; IO_INPUT_BUFFER_INPUT                                                      ;
;   351.842 ;   0.000  ; RR ; IC   ; 1      ; IOIBUF_X56_Y0_N1                        ; FPGA_CLK2_50~input|i                                                       ;
;   352.603 ;   0.761  ; RR ; CELL ; 2      ; IOIBUF_X56_Y0_N1                        ; FPGA_CLK2_50~input|o                                                       ;
;   352.603 ;   0.000  ;    ; RE   ; 1      ; IOIBUF_X56_Y0_N1                        ; ARRIAV_IO_IBUF                                                             ;
;   352.603 ;   0.000  ;    ; RE   ; 1      ; IO_INPUT_BUFFER_OUTPUT_X56_Y0_N1_I2     ; IO_INPUT_BUFFER_OUTPUT                                                     ;
;   352.603 ;   0.000  ;    ; RE   ; 1      ; IO_RE_X56_Y0_N0_I96                     ; IO_RE                                                                      ;
;   352.986 ;   0.383  ;    ; RE   ; 2      ; IO_RE_X56_Y0_N0_I66                     ; IO_RE                                                                      ;
;   353.774 ;   0.788  ;    ; RE   ; 1      ; FF_PLL_RE_X89_Y0_N0_I3                  ; FF_PLL_RE                                                                  ;
;   353.774 ;   0.000  ;    ; RE   ; 1      ; F_PLL_BLOCK_RE_X89_Y0_N0_I2             ; F_PLL_BLOCK_RE                                                             ;
;   353.774 ;   0.000  ;    ; RE   ; 1      ; PLL_REFCLK_SELECT_INPUT_X89_Y7_N0_I2    ; PLL_REFCLK_SELECT_INPUT                                                    ;
;   353.774 ;   0.000  ; RR ; IC   ; 1      ; PLLREFCLKSELECT_X89_Y7_N0               ; emu|pll|pll_inst|altera_pll_i|general[0].gpll~PLL_REFCLK_SELECT|clkin[0]   ;
;   354.082 ;   0.308  ; RR ; CELL ; 1      ; PLLREFCLKSELECT_X89_Y7_N0               ; emu|pll|pll_inst|altera_pll_i|general[0].gpll~PLL_REFCLK_SELECT|clkout     ;
;   354.082 ;   0.000  ;    ; RE   ; 2      ; PLLREFCLKSELECT_X89_Y7_N0               ; CYCLONEV_PLL_REFCLK_SELECT                                                 ;
;   354.082 ;   0.000  ;    ; RE   ; 1      ; PLL_REFCLK_SELECT_OUTPUT_X89_Y7_N0_I15  ; PLL_REFCLK_SELECT_OUTPUT                                                   ;
;   354.082 ;   0.000  ;    ; RE   ; 1      ; FRACTIONAL_PLL_INPUT_X89_Y1_N0_I7       ; FRACTIONAL_PLL_INPUT                                                       ;
;   354.082 ;   0.000  ; RR ; IC   ; 10     ; FRACTIONALPLL_X89_Y1_N0                 ; emu|pll|pll_inst|altera_pll_i|general[0].gpll~FRACTIONAL_PLL|refclkin      ;
;   349.150 ;   -4.932 ; RR ; COMP ; 3      ; FRACTIONALPLL_X89_Y1_N0                 ; emu|pll|pll_inst|altera_pll_i|general[0].gpll~FRACTIONAL_PLL|vcoph[0]      ;
;   349.150 ;   0.000  ;    ; RE   ; 19     ; FRACTIONALPLL_X89_Y1_N0                 ; CYCLONEV_FRACTIONAL_PLL                                                    ;
;   349.150 ;   0.000  ;    ; RE   ; 1      ; FRACTIONAL_PLL_OUTPUT_X89_Y1_N0_I19     ; FRACTIONAL_PLL_OUTPUT                                                      ;
;   349.150 ;   0.000  ;    ; RE   ; 3      ; F_PLL_BLOCK_RE_X89_Y0_N0_I109           ; F_PLL_BLOCK_RE                                                             ;
;   349.150 ;   0.000  ;    ; RE   ; 1      ; PLL_OUTPUT_COUNTER_INPUT_X89_Y0_N1_I7   ; PLL_OUTPUT_COUNTER_INPUT                                                   ;
;   349.150 ;   0.000  ; RR ; IC   ; 1      ; PLLOUTPUTCOUNTER_X89_Y0_N1              ; emu|pll|pll_inst|altera_pll_i|general[2].gpll~PLL_OUTPUT_COUNTER|vco0ph[0] ;
;   350.418 ;   1.268  ; RR ; CELL ; 1      ; PLLOUTPUTCOUNTER_X89_Y0_N1              ; emu|pll|pll_inst|altera_pll_i|general[2].gpll~PLL_OUTPUT_COUNTER|divclk    ;
;   350.418 ;   0.000  ;    ; RE   ; 1      ; PLLOUTPUTCOUNTER_X89_Y0_N1              ; CYCLONEV_PLL_OUTPUT_COUNTER                                                ;
;   350.418 ;   0.000  ;    ; RE   ; 1      ; PLL_OUTPUT_COUNTER_OUTPUT_X89_Y0_N1_I16 ; PLL_OUTPUT_COUNTER_OUTPUT                                                  ;
;   350.855 ;   0.437  ;    ; RE   ; 1      ; FF_PLL_RE_X89_Y0_N0_I101                ; FF_PLL_RE                                                                  ;
;   351.362 ;   0.507  ;    ; RE   ; 1      ; CLKBUF_CLUSTER_RE_X89_Y35_N3_I433       ; CLKBUF_CLUSTER_RE                                                          ;
;   351.362 ;   0.000  ;    ; RE   ; 1      ; CLKBUF_CLUSTER_RE_X89_Y35_N3_I563       ; CLKBUF_CLUSTER_RE                                                          ;
;   351.362 ;   0.000  ;    ; RE   ; 1      ; GCLK_CLUSTER_RE_X89_Y35_N6_I10          ; GCLK_CLUSTER_RE                                                            ;
;   351.362 ;   0.000  ;    ; RE   ; 1      ; CLKBUFBLOCK_INPUT_X89_Y35_N7_I0         ; CLKBUFBLOCK_INPUT                                                          ;
;   351.362 ;   0.000  ; RR ; IC   ; 1      ; CLKCTRL_G9                              ; emu|pll|pll_inst|altera_pll_i|outclk_wire[2]~CLKENA0|inclk                 ;
;   351.658 ;   0.296  ; RR ; CELL ; 32647  ; CLKCTRL_G9                              ; emu|pll|pll_inst|altera_pll_i|outclk_wire[2]~CLKENA0|outclk                ;
;   351.658 ;   0.000  ;    ; RE   ; 1      ; CLKCTRL_G9                              ; ARRIAV_CLKBUF                                                              ;
;   351.658 ;   0.000  ;    ; RE   ; 1      ; CLKBUFBLOCK_OUTPUT_X89_Y35_N7_I2        ; CLKBUFBLOCK_OUTPUT                                                         ;
;   351.658 ;   0.000  ;    ; RE   ; 1      ; GCLK_CLUSTER_RE_X89_Y35_N6_I12          ; GCLK_CLUSTER_RE                                                            ;
;   351.658 ;   0.000  ;    ; RE   ; 1      ; CLKBUF_CLUSTER_RE_X89_Y35_N3_I416       ; CLKBUF_CLUSTER_RE                                                          ;
;   352.407 ;   0.749  ;    ; RE   ; 12     ; GLOBAL_CLOCK_X0_Y36_N0_I9               ; GLOBAL_CLOCK                                                               ;
;   352.562 ;   0.155  ;    ; RE   ; 7      ; SPINE_CLOCK_X15_Y59_N0_I7               ; SPINE_CLOCK                                                                ;
;   352.936 ;   0.374  ;    ; RE   ; 1      ; SCLK_TO_ROWCLK_BUF_X15_Y75_N0_I42       ; SCLK_TO_ROWCLK_BUF                                                         ;
;   353.008 ;   0.072  ;    ; RE   ; 1      ; SCLK_TO_ROWCLK_BUF_X15_Y75_N0_I45       ; SCLK_TO_ROWCLK_BUF                                                         ;
;   353.420 ;   0.412  ;    ; RE   ; 6      ; LAB_CLK_X0_Y75_N0_I2                    ; LAB_CLK                                                                    ;
;   353.547 ;   0.127  ;    ; RE   ; 1      ; BLK_CLK_BUF_X11_Y75_N0_I2               ; BLK_CLK_BUF                                                                ;
;   353.592 ;   0.045  ;    ; RE   ; 1      ; ROWCLKSEL_PREBUF_X11_Y75_N0_I2          ; ROWCLKSEL_PREBUF                                                           ;
;   353.638 ;   0.046  ;    ; RE   ; 1      ; ROWCLKSEL_X11_Y75_N0_I0                 ; ROWCLKSEL                                                                  ;
;   353.638 ;   0.000  ;    ; RE   ; 1      ; GLOBAL_LOCAL_SEL_X11_Y75_N0_I0          ; GLOBAL_LOCAL_SEL                                                           ;
;   353.638 ;   0.000  ;    ; RE   ; 6      ; LAB_INPUT_X11_Y75_N0_I0                 ; LAB_INPUT                                                                  ;
;   353.638 ;   0.000  ; RR ; IC   ; 1      ; FF_X11_Y75_N56                          ; emu|audio_mode_src[2]|clk                                                  ;
;   354.141 ;   0.503  ; RR ; CELL ; 1      ; FF_X11_Y75_N56                          ; emu:emu|audio_mode_src[2]                                                  ;
;   355.494 ;   1.353  ;    ;      ;        ;                                         ; clock pessimism removed                                                    ;
; 355.334   ; -0.160   ;    ;      ;        ;                                         ; clock uncertainty                                                          ;
; 355.334   ; 0.000    ;    ; uTsu ; 1      ; FF_X11_Y75_N56                          ; emu:emu|audio_mode_src[2]                                                  ;
+-----------+----------+----+------+--------+-----------------------------------------+----------------------------------------------------------------------------+

----------------------------
; Extra Fitter Information ;
----------------------------
HTML report is unavailable in plain text report export.


Path #18: Recovery slack is -2.322 (VIOLATED)
===============================================================================
+----------------------------------------------------------------------------------------------+
; Path Summary                                                                                 ;
+--------------------+-------------------------------------------------------------------------+
; Property           ; Value                                                                   ;
+--------------------+-------------------------------------------------------------------------+
; From Node          ; emu:emu|hps_io:hps_io|ioctl_index[0]                                    ;
; To Node            ; emu:emu|audio_flac_eos_sync[1]                                          ;
; Launch Clock       ; emu|pll|pll_inst|altera_pll_i|general[0].gpll~PLL_OUTPUT_COUNTER|divclk ;
; Latch Clock        ; emu|pll|pll_inst|altera_pll_i|general[2].gpll~PLL_OUTPUT_COUNTER|divclk ;
; Data Arrival Time  ; 357.656                                                                 ;
; Data Required Time ; 355.334                                                                 ;
; Slack              ; -2.322 (VIOLATED)                                                       ;
+--------------------+-------------------------------------------------------------------------+

+--------------------------------------------------------------------------------------+
; Statistics                                                                           ;
+------------------------+--------+-------+-------------+------------+--------+--------+
; Property               ; Value  ; Count ; Total Delay ; % of Total ; Min    ; Max    ;
+------------------------+--------+-------+-------------+------------+--------+--------+
; Recovery Relationship  ; 1.842  ;       ;             ;            ;        ;        ;
; Clock Skew             ; -0.888 ;       ;             ;            ;        ;        ;
; Data Delay             ; 3.116  ;       ;             ;            ;        ;        ;
; Number of Logic Levels ;        ; 2     ;             ;            ;        ;        ;
; Physical Delays        ;        ;       ;             ;            ;        ;        ;
;  Arrival Path          ;        ;       ;             ;            ;        ;        ;
;   Clock                ;        ;       ;             ;            ;        ;        ;
;    IC                  ;        ; 6     ; -0.001      ; 0          ; -0.001 ; 0.000  ;
;    Cell                ;        ; 5     ; 3.533       ; 43         ; 0.322  ; 1.535  ;
;    PLL Compensation    ;        ; 1     ; -3.768      ; 0          ; -3.768 ; -3.768 ;
;    Routing Element     ;        ; 38    ; 4.776       ; 57         ; 0.000  ; 1.135  ;
;   Data                 ;        ;       ;             ;            ;        ;        ;
;    IC                  ;        ; 3     ; 0.001       ; 0          ; 0.000  ; 0.001  ;
;    Cell                ;        ; 4     ; 1.534       ; 49         ; 0.000  ; 0.582  ;
;    uTco                ;        ; 1     ; 0.000       ; 0          ; 0.000  ; 0.000  ;
;    Routing Element     ;        ; 16    ; 1.581       ; 51         ; 0.000  ; 0.215  ;
;  Required Path         ;        ;       ;             ;            ;        ;        ;
;   Clock                ;        ;       ;             ;            ;        ;        ;
;    IC                  ;        ; 6     ; 0.000       ; 0          ; 0.000  ; 0.000  ;
;    Cell                ;        ; 5     ; 3.136       ; 43         ; 0.296  ; 1.268  ;
;    PLL Compensation    ;        ; 1     ; -4.932      ; 0          ; -4.932 ; -4.932 ;
;    Routing Element     ;        ; 38    ; 4.095       ; 57         ; 0.000  ; 0.788  ;
+------------------------+--------+-------+-------------+------------+--------+--------+
Note: Negative delays are omitted from totals when calculating percentages

+---------------------------------------------------------------------------------------------------------------------------------------------------------------------+
; Data Arrival Path                                                                                                                                                   ;
+-----------+----------+----+------+--------+--------------------------------------------+----------------------------------------------------------------------------+
; Total     ; Incr     ; RF ; Type ; Fanout ; Location                                   ; Element                                                                    ;
+-----------+----------+----+------+--------+--------------------------------------------+----------------------------------------------------------------------------+
; 350.000   ; 350.000  ;    ;      ;        ;                                            ; launch edge time                                                           ;
; 354.540   ; 4.540    ;    ;      ;        ;                                            ; clock path                                                                 ;
;   350.000 ;   0.000  ;    ;      ;        ;                                            ; source latency                                                             ;
;   350.000 ;   0.000  ;    ;      ; 1      ; PIN_Y13                                    ; FPGA_CLK2_50                                                               ;
;   350.000 ;   0.000  ;    ; RE   ; 1      ; IOPAD_X56_Y0_N0                            ; ARRIAV_IO_PAD                                                              ;
;   350.000 ;   0.000  ;    ; RE   ; 1      ; IO_PAD_OUTPUT_X56_Y0_N0_I1                 ; IO_PAD_OUTPUT                                                              ;
;   350.000 ;   0.000  ;    ; RE   ; 1      ; IO_INPUT_BUFFER_INPUT_X56_Y0_N1_I0         ; IO_INPUT_BUFFER_INPUT                                                      ;
;   350.000 ;   0.000  ; RR ; IC   ; 1      ; IOIBUF_X56_Y0_N1                           ; FPGA_CLK2_50~input|i                                                       ;
;   350.761 ;   0.761  ; RR ; CELL ; 2      ; IOIBUF_X56_Y0_N1                           ; FPGA_CLK2_50~input|o                                                       ;
;   350.761 ;   0.000  ;    ; RE   ; 1      ; IOIBUF_X56_Y0_N1                           ; ARRIAV_IO_IBUF                                                             ;
;   350.761 ;   0.000  ;    ; RE   ; 1      ; IO_INPUT_BUFFER_OUTPUT_X56_Y0_N1_I2        ; IO_INPUT_BUFFER_OUTPUT                                                     ;
;   350.761 ;   0.000  ;    ; RE   ; 1      ; IO_RE_X56_Y0_N0_I96                        ; IO_RE                                                                      ;
;   351.260 ;   0.499  ;    ; RE   ; 2      ; IO_RE_X56_Y0_N0_I66                        ; IO_RE                                                                      ;
;   352.096 ;   0.836  ;    ; RE   ; 1      ; FF_PLL_RE_X89_Y0_N0_I3                     ; FF_PLL_RE                                                                  ;
;   352.096 ;   0.000  ;    ; RE   ; 1      ; F_PLL_BLOCK_RE_X89_Y0_N0_I2                ; F_PLL_BLOCK_RE                                                             ;
;   352.096 ;   0.000  ;    ; RE   ; 1      ; PLL_REFCLK_SELECT_INPUT_X89_Y7_N0_I2       ; PLL_REFCLK_SELECT_INPUT                                                    ;
;   352.096 ;   0.000  ; RR ; IC   ; 1      ; PLLREFCLKSELECT_X89_Y7_N0                  ; emu|pll|pll_inst|altera_pll_i|general[0].gpll~PLL_REFCLK_SELECT|clkin[0]   ;
;   352.429 ;   0.333  ; RR ; CELL ; 1      ; PLLREFCLKSELECT_X89_Y7_N0                  ; emu|pll|pll_inst|altera_pll_i|general[0].gpll~PLL_REFCLK_SELECT|clkout     ;
;   352.429 ;   0.000  ;    ; RE   ; 2      ; PLLREFCLKSELECT_X89_Y7_N0                  ; CYCLONEV_PLL_REFCLK_SELECT                                                 ;
;   352.429 ;   0.000  ;    ; RE   ; 1      ; PLL_REFCLK_SELECT_OUTPUT_X89_Y7_N0_I15     ; PLL_REFCLK_SELECT_OUTPUT                                                   ;
;   352.429 ;   0.000  ;    ; RE   ; 1      ; FRACTIONAL_PLL_INPUT_X89_Y1_N0_I7          ; FRACTIONAL_PLL_INPUT                                                       ;
;   352.429 ;   0.000  ; RR ; IC   ; 10     ; FRACTIONALPLL_X89_Y1_N0                    ; emu|pll|pll_inst|altera_pll_i|general[0].gpll~FRACTIONAL_PLL|refclkin      ;
;   348.661 ;   -3.768 ; RR ; COMP ; 3      ; FRACTIONALPLL_X89_Y1_N0                    ; emu|pll|pll_inst|altera_pll_i|general[0].gpll~FRACTIONAL_PLL|vcoph[0]      ;
;   348.661 ;   0.000  ;    ; RE   ; 19     ; FRACTIONALPLL_X89_Y1_N0                    ; CYCLONEV_FRACTIONAL_PLL                                                    ;
;   348.661 ;   0.000  ;    ; RE   ; 1      ; FRACTIONAL_PLL_OUTPUT_X89_Y1_N0_I19        ; FRACTIONAL_PLL_OUTPUT                                                      ;
;   348.661 ;   0.000  ;    ; RE   ; 3      ; F_PLL_BLOCK_RE_X89_Y0_N0_I109              ; F_PLL_BLOCK_RE                                                             ;
;   348.661 ;   0.000  ;    ; RE   ; 1      ; PLL_OUTPUT_COUNTER_INPUT_X89_Y2_N1_I7      ; PLL_OUTPUT_COUNTER_INPUT                                                   ;
;   348.661 ;   0.000  ; RR ; IC   ; 1      ; PLLOUTPUTCOUNTER_X89_Y2_N1                 ; emu|pll|pll_inst|altera_pll_i|general[0].gpll~PLL_OUTPUT_COUNTER|vco0ph[0] ;
;   350.196 ;   1.535  ; RR ; CELL ; 1      ; PLLOUTPUTCOUNTER_X89_Y2_N1                 ; emu|pll|pll_inst|altera_pll_i|general[0].gpll~PLL_OUTPUT_COUNTER|divclk    ;
;   350.196 ;   0.000  ;    ; RE   ; 1      ; PLLOUTPUTCOUNTER_X89_Y2_N1                 ; CYCLONEV_PLL_OUTPUT_COUNTER                                                ;
;   350.196 ;   0.000  ;    ; RE   ; 1      ; PLL_OUTPUT_COUNTER_OUTPUT_X89_Y2_N1_I16    ; PLL_OUTPUT_COUNTER_OUTPUT                                                  ;
;   350.676 ;   0.480  ;    ; RE   ; 1      ; FF_PLL_RE_X89_Y0_N0_I103                   ; FF_PLL_RE                                                                  ;
;   351.215 ;   0.539  ;    ; RE   ; 1      ; CLKBUF_CLUSTER_RE_X89_Y35_N3_I435          ; CLKBUF_CLUSTER_RE                                                          ;
;   351.215 ;   0.000  ;    ; RE   ; 1      ; CLKBUF_CLUSTER_RE_X89_Y35_N3_I693          ; CLKBUF_CLUSTER_RE                                                          ;
;   351.215 ;   0.000  ;    ; RE   ; 1      ; GCLK_CLUSTER_RE_X89_Y35_N12_I10            ; GCLK_CLUSTER_RE                                                            ;
;   351.215 ;   0.000  ;    ; RE   ; 1      ; CLKBUFBLOCK_INPUT_X89_Y35_N13_I0           ; CLKBUFBLOCK_INPUT                                                          ;
;   351.215 ;   0.000  ; RR ; IC   ; 1      ; CLKCTRL_G11                                ; emu|pll|pll_inst|altera_pll_i|outclk_wire[0]~CLKENA0|inclk                 ;
;   351.537 ;   0.322  ; RR ; CELL ; 1342   ; CLKCTRL_G11                                ; emu|pll|pll_inst|altera_pll_i|outclk_wire[0]~CLKENA0|outclk                ;
;   351.537 ;   0.000  ;    ; RE   ; 1      ; CLKCTRL_G11                                ; ARRIAV_CLKBUF                                                              ;
;   351.537 ;   0.000  ;    ; RE   ; 1      ; CLKBUFBLOCK_OUTPUT_X89_Y35_N13_I2          ; CLKBUFBLOCK_OUTPUT                                                         ;
;   351.537 ;   0.000  ;    ; RE   ; 1      ; GCLK_CLUSTER_RE_X89_Y35_N12_I12            ; GCLK_CLUSTER_RE                                                            ;
;   351.537 ;   0.000  ;    ; RE   ; 1      ; CLKBUF_CLUSTER_RE_X89_Y35_N3_I418          ; CLKBUF_CLUSTER_RE                                                          ;
;   352.672 ;   1.135  ;    ; RE   ; 7      ; GLOBAL_CLOCK_X0_Y36_N0_I11                 ; GLOBAL_CLOCK                                                               ;
;   352.820 ;   0.148  ;    ; RE   ; 20     ; SPINE_CLOCK_X15_Y59_N0_I19                 ; SPINE_CLOCK                                                                ;
;   353.207 ;   0.387  ;    ; RE   ; 1      ; SCLK_TO_ROWCLK_BUF_X15_Y75_N0_I115         ; SCLK_TO_ROWCLK_BUF                                                         ;
;   353.291 ;   0.084  ;    ; RE   ; 2      ; SCLK_TO_ROWCLK_BUF_X15_Y75_N0_I118         ; SCLK_TO_ROWCLK_BUF                                                         ;
;   353.724 ;   0.433  ;    ; RE   ; 3      ; LAB_CLK_X0_Y75_N0_I5                       ; LAB_CLK                                                                    ;
;   353.862 ;   0.138  ;    ; RE   ; 1      ; BLK_CLK_BUF_X12_Y75_N0_I5                  ; BLK_CLK_BUF                                                                ;
;   353.909 ;   0.047  ;    ; RE   ; 1      ; ROWCLKSEL_PREBUF_X12_Y75_N0_I5             ; ROWCLKSEL_PREBUF                                                           ;
;   353.959 ;   0.050  ;    ; RE   ; 1      ; ROWCLKSEL_X12_Y75_N0_I0                    ; ROWCLKSEL                                                                  ;
;   353.959 ;   0.000  ;    ; RE   ; 2      ; GLOBAL_LOCAL_SEL_X12_Y75_N0_I0             ; GLOBAL_LOCAL_SEL                                                           ;
;   353.959 ;   0.000  ;    ; RE   ; 2      ; LAB_INPUT_X12_Y75_N0_I0                    ; LAB_INPUT                                                                  ;
;   353.958 ;   -0.001 ; RR ; IC   ; 1      ; FF_X12_Y75_N7                              ; emu|hps_io|ioctl_index[0]|clk                                              ;
;   354.540 ;   0.582  ; RR ; CELL ; 1      ; FF_X12_Y75_N7                              ; emu:emu|hps_io:hps_io|ioctl_index[0]                                       ;
; 357.656   ; 3.116    ;    ;      ;        ;                                            ; data path                                                                  ;
;   354.540 ;   0.000  ;    ; uTco ; 1      ; FF_X12_Y75_N7                              ; emu:emu|hps_io:hps_io|ioctl_index[0]                                       ;
;   354.540 ;   0.000  ; RR ; CELL ; 3      ; FF_X12_Y75_N7                              ; emu|hps_io|ioctl_index[0]|q                                                ;
;   354.599 ;   0.059  ;    ; RE   ; 1      ; FF_X12_Y75_N7                              ; ARRIAV_FF                                                                  ;
;   354.701 ;   0.102  ;    ; RE   ; 3      ; LE_BUFFER_X12_Y75_N0_I4                    ; LE_BUFFER                                                                  ;
;   354.857 ;   0.156  ;    ; RE   ; 1      ; LOCAL_INTERCONNECT_X12_Y75_N0_I34          ; LAB_LINE                                                                   ;
;   355.002 ;   0.145  ;    ; RE   ; 1      ; BLOCK_INPUT_MUX_X12_Y75_N0_I76             ; LEIM_INPUT                                                                 ;
;   355.003 ;   0.001  ; RR ; IC   ; 1      ; LABCELL_X12_Y75_N54                        ; emu|audio_flac_download_active~1|datac                                     ;
;   355.475 ;   0.472  ; RF ; CELL ; 10     ; LABCELL_X12_Y75_N54                        ; emu|audio_flac_download_active~1|combout                                   ;
;   355.475 ;   0.000  ;    ; RE   ; 3      ; LABCELL_X12_Y75_N54                        ; ARRIAV_LCELL_COMB                                                          ;
;   355.559 ;   0.084  ;    ; RE   ; 1      ; LE_BUFFER_X12_Y75_N0_I37                   ; LE_BUFFER                                                                  ;
;   355.706 ;   0.147  ;    ; RE   ; 1      ; LOCAL_INTERCONNECT_X11_Y75_N0_I44          ; LAB_LINE                                                                   ;
;   355.834 ;   0.128  ;    ; RE   ; 1      ; BLOCK_INPUT_MUX_X11_Y75_N0_I29             ; LEIM_INPUT                                                                 ;
;   355.834 ;   0.000  ; FF ; IC   ; 1      ; LABCELL_X11_Y75_N21                        ; emu|audio_reset_request|datac                                              ;
;   356.314 ;   0.480  ; FF ; CELL ; 22     ; LABCELL_X11_Y75_N21                        ; emu|audio_reset_request|combout                                            ;
;   356.314 ;   0.000  ;    ; RE   ; 2      ; LABCELL_X11_Y75_N21                        ; ARRIAV_LCELL_COMB                                                          ;
;   356.390 ;   0.076  ;    ; RE   ; 2      ; LE_BUFFER_X11_Y75_N0_I14                   ; LE_BUFFER                                                                  ;
;   356.575 ;   0.185  ;    ; RE   ; 2      ; R6_X6_Y75_N0_I21                           ; H_SEG6                                                                     ;
;   356.790 ;   0.215  ;    ; RE   ; 3      ; R3_X9_Y75_N0_I14                           ; H_SEG3                                                                     ;
;   356.951 ;   0.161  ;    ; RE   ; 1      ; LOCAL_INTERCONNECT_X11_Y75_N0_I22          ; LAB_LINE                                                                   ;
;   357.074 ;   0.123  ;    ; RE   ; 1      ; BLOCK_INPUT_MUX_PASSTHROUGH_X11_Y75_N0_I83 ; LEIM                                                                       ;
;   357.074 ;   0.000  ;    ; RE   ; 1      ; GLOBAL_LOCAL_SEL_X11_Y75_N0_I2             ; GLOBAL_LOCAL_SEL                                                           ;
;   357.074 ;   0.000  ;    ; RE   ; 6      ; LAB_INPUT_X11_Y75_N0_I3                    ; LAB_INPUT                                                                  ;
;   357.074 ;   0.000  ; FF ; IC   ; 1      ; FF_X11_Y75_N20                             ; emu|audio_flac_eos_sync[1]|clrn                                            ;
;   357.656 ;   0.582  ; FR ; CELL ; 1      ; FF_X11_Y75_N20                             ; emu:emu|audio_flac_eos_sync[1]                                             ;
+-----------+----------+----+------+--------+--------------------------------------------+----------------------------------------------------------------------------+

+------------------------------------------------------------------------------------------------------------------------------------------------------------------+
; Data Required Path                                                                                                                                               ;
+-----------+----------+----+------+--------+-----------------------------------------+----------------------------------------------------------------------------+
; Total     ; Incr     ; RF ; Type ; Fanout ; Location                                ; Element                                                                    ;
+-----------+----------+----+------+--------+-----------------------------------------+----------------------------------------------------------------------------+
; 351.842   ; 351.842  ;    ;      ;        ;                                         ; latch edge time                                                            ;
; 355.494   ; 3.652    ;    ;      ;        ;                                         ; clock path                                                                 ;
;   351.842 ;   0.000  ;    ;      ;        ;                                         ; source latency                                                             ;
;   351.842 ;   0.000  ;    ;      ; 1      ; PIN_Y13                                 ; FPGA_CLK2_50                                                               ;
;   351.842 ;   0.000  ;    ; RE   ; 1      ; IOPAD_X56_Y0_N0                         ; ARRIAV_IO_PAD                                                              ;
;   351.842 ;   0.000  ;    ; RE   ; 1      ; IO_PAD_OUTPUT_X56_Y0_N0_I1              ; IO_PAD_OUTPUT                                                              ;
;   351.842 ;   0.000  ;    ; RE   ; 1      ; IO_INPUT_BUFFER_INPUT_X56_Y0_N1_I0      ; IO_INPUT_BUFFER_INPUT                                                      ;
;   351.842 ;   0.000  ; RR ; IC   ; 1      ; IOIBUF_X56_Y0_N1                        ; FPGA_CLK2_50~input|i                                                       ;
;   352.603 ;   0.761  ; RR ; CELL ; 2      ; IOIBUF_X56_Y0_N1                        ; FPGA_CLK2_50~input|o                                                       ;
;   352.603 ;   0.000  ;    ; RE   ; 1      ; IOIBUF_X56_Y0_N1                        ; ARRIAV_IO_IBUF                                                             ;
;   352.603 ;   0.000  ;    ; RE   ; 1      ; IO_INPUT_BUFFER_OUTPUT_X56_Y0_N1_I2     ; IO_INPUT_BUFFER_OUTPUT                                                     ;
;   352.603 ;   0.000  ;    ; RE   ; 1      ; IO_RE_X56_Y0_N0_I96                     ; IO_RE                                                                      ;
;   352.986 ;   0.383  ;    ; RE   ; 2      ; IO_RE_X56_Y0_N0_I66                     ; IO_RE                                                                      ;
;   353.774 ;   0.788  ;    ; RE   ; 1      ; FF_PLL_RE_X89_Y0_N0_I3                  ; FF_PLL_RE                                                                  ;
;   353.774 ;   0.000  ;    ; RE   ; 1      ; F_PLL_BLOCK_RE_X89_Y0_N0_I2             ; F_PLL_BLOCK_RE                                                             ;
;   353.774 ;   0.000  ;    ; RE   ; 1      ; PLL_REFCLK_SELECT_INPUT_X89_Y7_N0_I2    ; PLL_REFCLK_SELECT_INPUT                                                    ;
;   353.774 ;   0.000  ; RR ; IC   ; 1      ; PLLREFCLKSELECT_X89_Y7_N0               ; emu|pll|pll_inst|altera_pll_i|general[0].gpll~PLL_REFCLK_SELECT|clkin[0]   ;
;   354.082 ;   0.308  ; RR ; CELL ; 1      ; PLLREFCLKSELECT_X89_Y7_N0               ; emu|pll|pll_inst|altera_pll_i|general[0].gpll~PLL_REFCLK_SELECT|clkout     ;
;   354.082 ;   0.000  ;    ; RE   ; 2      ; PLLREFCLKSELECT_X89_Y7_N0               ; CYCLONEV_PLL_REFCLK_SELECT                                                 ;
;   354.082 ;   0.000  ;    ; RE   ; 1      ; PLL_REFCLK_SELECT_OUTPUT_X89_Y7_N0_I15  ; PLL_REFCLK_SELECT_OUTPUT                                                   ;
;   354.082 ;   0.000  ;    ; RE   ; 1      ; FRACTIONAL_PLL_INPUT_X89_Y1_N0_I7       ; FRACTIONAL_PLL_INPUT                                                       ;
;   354.082 ;   0.000  ; RR ; IC   ; 10     ; FRACTIONALPLL_X89_Y1_N0                 ; emu|pll|pll_inst|altera_pll_i|general[0].gpll~FRACTIONAL_PLL|refclkin      ;
;   349.150 ;   -4.932 ; RR ; COMP ; 3      ; FRACTIONALPLL_X89_Y1_N0                 ; emu|pll|pll_inst|altera_pll_i|general[0].gpll~FRACTIONAL_PLL|vcoph[0]      ;
;   349.150 ;   0.000  ;    ; RE   ; 19     ; FRACTIONALPLL_X89_Y1_N0                 ; CYCLONEV_FRACTIONAL_PLL                                                    ;
;   349.150 ;   0.000  ;    ; RE   ; 1      ; FRACTIONAL_PLL_OUTPUT_X89_Y1_N0_I19     ; FRACTIONAL_PLL_OUTPUT                                                      ;
;   349.150 ;   0.000  ;    ; RE   ; 3      ; F_PLL_BLOCK_RE_X89_Y0_N0_I109           ; F_PLL_BLOCK_RE                                                             ;
;   349.150 ;   0.000  ;    ; RE   ; 1      ; PLL_OUTPUT_COUNTER_INPUT_X89_Y0_N1_I7   ; PLL_OUTPUT_COUNTER_INPUT                                                   ;
;   349.150 ;   0.000  ; RR ; IC   ; 1      ; PLLOUTPUTCOUNTER_X89_Y0_N1              ; emu|pll|pll_inst|altera_pll_i|general[2].gpll~PLL_OUTPUT_COUNTER|vco0ph[0] ;
;   350.418 ;   1.268  ; RR ; CELL ; 1      ; PLLOUTPUTCOUNTER_X89_Y0_N1              ; emu|pll|pll_inst|altera_pll_i|general[2].gpll~PLL_OUTPUT_COUNTER|divclk    ;
;   350.418 ;   0.000  ;    ; RE   ; 1      ; PLLOUTPUTCOUNTER_X89_Y0_N1              ; CYCLONEV_PLL_OUTPUT_COUNTER                                                ;
;   350.418 ;   0.000  ;    ; RE   ; 1      ; PLL_OUTPUT_COUNTER_OUTPUT_X89_Y0_N1_I16 ; PLL_OUTPUT_COUNTER_OUTPUT                                                  ;
;   350.855 ;   0.437  ;    ; RE   ; 1      ; FF_PLL_RE_X89_Y0_N0_I101                ; FF_PLL_RE                                                                  ;
;   351.362 ;   0.507  ;    ; RE   ; 1      ; CLKBUF_CLUSTER_RE_X89_Y35_N3_I433       ; CLKBUF_CLUSTER_RE                                                          ;
;   351.362 ;   0.000  ;    ; RE   ; 1      ; CLKBUF_CLUSTER_RE_X89_Y35_N3_I563       ; CLKBUF_CLUSTER_RE                                                          ;
;   351.362 ;   0.000  ;    ; RE   ; 1      ; GCLK_CLUSTER_RE_X89_Y35_N6_I10          ; GCLK_CLUSTER_RE                                                            ;
;   351.362 ;   0.000  ;    ; RE   ; 1      ; CLKBUFBLOCK_INPUT_X89_Y35_N7_I0         ; CLKBUFBLOCK_INPUT                                                          ;
;   351.362 ;   0.000  ; RR ; IC   ; 1      ; CLKCTRL_G9                              ; emu|pll|pll_inst|altera_pll_i|outclk_wire[2]~CLKENA0|inclk                 ;
;   351.658 ;   0.296  ; RR ; CELL ; 32647  ; CLKCTRL_G9                              ; emu|pll|pll_inst|altera_pll_i|outclk_wire[2]~CLKENA0|outclk                ;
;   351.658 ;   0.000  ;    ; RE   ; 1      ; CLKCTRL_G9                              ; ARRIAV_CLKBUF                                                              ;
;   351.658 ;   0.000  ;    ; RE   ; 1      ; CLKBUFBLOCK_OUTPUT_X89_Y35_N7_I2        ; CLKBUFBLOCK_OUTPUT                                                         ;
;   351.658 ;   0.000  ;    ; RE   ; 1      ; GCLK_CLUSTER_RE_X89_Y35_N6_I12          ; GCLK_CLUSTER_RE                                                            ;
;   351.658 ;   0.000  ;    ; RE   ; 1      ; CLKBUF_CLUSTER_RE_X89_Y35_N3_I416       ; CLKBUF_CLUSTER_RE                                                          ;
;   352.407 ;   0.749  ;    ; RE   ; 12     ; GLOBAL_CLOCK_X0_Y36_N0_I9               ; GLOBAL_CLOCK                                                               ;
;   352.562 ;   0.155  ;    ; RE   ; 7      ; SPINE_CLOCK_X15_Y59_N0_I7               ; SPINE_CLOCK                                                                ;
;   352.936 ;   0.374  ;    ; RE   ; 1      ; SCLK_TO_ROWCLK_BUF_X15_Y75_N0_I42       ; SCLK_TO_ROWCLK_BUF                                                         ;
;   353.008 ;   0.072  ;    ; RE   ; 1      ; SCLK_TO_ROWCLK_BUF_X15_Y75_N0_I45       ; SCLK_TO_ROWCLK_BUF                                                         ;
;   353.420 ;   0.412  ;    ; RE   ; 6      ; LAB_CLK_X0_Y75_N0_I2                    ; LAB_CLK                                                                    ;
;   353.547 ;   0.127  ;    ; RE   ; 1      ; BLK_CLK_BUF_X11_Y75_N0_I2               ; BLK_CLK_BUF                                                                ;
;   353.592 ;   0.045  ;    ; RE   ; 1      ; ROWCLKSEL_PREBUF_X11_Y75_N0_I2          ; ROWCLKSEL_PREBUF                                                           ;
;   353.638 ;   0.046  ;    ; RE   ; 1      ; ROWCLKSEL_X11_Y75_N0_I0                 ; ROWCLKSEL                                                                  ;
;   353.638 ;   0.000  ;    ; RE   ; 1      ; GLOBAL_LOCAL_SEL_X11_Y75_N0_I0          ; GLOBAL_LOCAL_SEL                                                           ;
;   353.638 ;   0.000  ;    ; RE   ; 6      ; LAB_INPUT_X11_Y75_N0_I0                 ; LAB_INPUT                                                                  ;
;   353.638 ;   0.000  ; RR ; IC   ; 1      ; FF_X11_Y75_N20                          ; emu|audio_flac_eos_sync[1]|clk                                             ;
;   354.141 ;   0.503  ; RR ; CELL ; 1      ; FF_X11_Y75_N20                          ; emu:emu|audio_flac_eos_sync[1]                                             ;
;   355.494 ;   1.353  ;    ;      ;        ;                                         ; clock pessimism removed                                                    ;
; 355.334   ; -0.160   ;    ;      ;        ;                                         ; clock uncertainty                                                          ;
; 355.334   ; 0.000    ;    ; uTsu ; 1      ; FF_X11_Y75_N20                          ; emu:emu|audio_flac_eos_sync[1]                                             ;
+-----------+----------+----+------+--------+-----------------------------------------+----------------------------------------------------------------------------+

----------------------------
; Extra Fitter Information ;
----------------------------
HTML report is unavailable in plain text report export.


Path #19: Recovery slack is -2.319 (VIOLATED)
===============================================================================
+----------------------------------------------------------------------------------------------+
; Path Summary                                                                                 ;
+--------------------+-------------------------------------------------------------------------+
; Property           ; Value                                                                   ;
+--------------------+-------------------------------------------------------------------------+
; From Node          ; emu:emu|audio_reset_stretch[0]                                          ;
; To Node            ; emu:emu|audio_mode_meta[1]                                              ;
; Launch Clock       ; emu|pll|pll_inst|altera_pll_i|general[0].gpll~PLL_OUTPUT_COUNTER|divclk ;
; Latch Clock        ; emu|pll|pll_inst|altera_pll_i|general[2].gpll~PLL_OUTPUT_COUNTER|divclk ;
; Data Arrival Time  ; 357.668                                                                 ;
; Data Required Time ; 355.349                                                                 ;
; Slack              ; -2.319 (VIOLATED)                                                       ;
+--------------------+-------------------------------------------------------------------------+

+--------------------------------------------------------------------------------------+
; Statistics                                                                           ;
+------------------------+--------+-------+-------------+------------+--------+--------+
; Property               ; Value  ; Count ; Total Delay ; % of Total ; Min    ; Max    ;
+------------------------+--------+-------+-------------+------------+--------+--------+
; Recovery Relationship  ; 1.842  ;       ;             ;            ;        ;        ;
; Clock Skew             ; -0.870 ;       ;             ;            ;        ;        ;
; Data Delay             ; 3.131  ;       ;             ;            ;        ;        ;
; Number of Logic Levels ;        ; 2     ;             ;            ;        ;        ;
; Physical Delays        ;        ;       ;             ;            ;        ;        ;
;  Arrival Path          ;        ;       ;             ;            ;        ;        ;
;   Clock                ;        ;       ;             ;            ;        ;        ;
;    IC                  ;        ; 6     ; -0.001      ; 0          ; -0.001 ; 0.000  ;
;    Cell                ;        ; 5     ; 3.530       ; 42         ; 0.322  ; 1.535  ;
;    PLL Compensation    ;        ; 1     ; -3.768      ; 0          ; -3.768 ; -3.768 ;
;    Routing Element     ;        ; 38    ; 4.776       ; 58         ; 0.000  ; 1.135  ;
;   Data                 ;        ;       ;             ;            ;        ;        ;
;    IC                  ;        ; 3     ; -0.002      ; 0          ; -0.001 ; 0.000  ;
;    Cell                ;        ; 4     ; 1.753       ; 56         ; 0.000  ; 0.611  ;
;    uTco                ;        ; 1     ; 0.000       ; 0          ; 0.000  ; 0.000  ;
;    Routing Element     ;        ; 15    ; 1.380       ; 44         ; 0.000  ; 0.201  ;
;  Required Path         ;        ;       ;             ;            ;        ;        ;
;   Clock                ;        ;       ;             ;            ;        ;        ;
;    IC                  ;        ; 6     ; 0.001       ; 0          ; 0.000  ; 0.001  ;
;    Cell                ;        ; 5     ; 3.148       ; 43         ; 0.296  ; 1.268  ;
;    PLL Compensation    ;        ; 1     ; -4.932      ; 0          ; -4.932 ; -4.932 ;
;    Routing Element     ;        ; 38    ; 4.097       ; 57         ; 0.000  ; 0.788  ;
+------------------------+--------+-------+-------------+------------+--------+--------+
Note: Negative delays are omitted from totals when calculating percentages

+---------------------------------------------------------------------------------------------------------------------------------------------------------------------+
; Data Arrival Path                                                                                                                                                   ;
+-----------+----------+----+------+--------+--------------------------------------------+----------------------------------------------------------------------------+
; Total     ; Incr     ; RF ; Type ; Fanout ; Location                                   ; Element                                                                    ;
+-----------+----------+----+------+--------+--------------------------------------------+----------------------------------------------------------------------------+
; 350.000   ; 350.000  ;    ;      ;        ;                                            ; launch edge time                                                           ;
; 354.537   ; 4.537    ;    ;      ;        ;                                            ; clock path                                                                 ;
;   350.000 ;   0.000  ;    ;      ;        ;                                            ; source latency                                                             ;
;   350.000 ;   0.000  ;    ;      ; 1      ; PIN_Y13                                    ; FPGA_CLK2_50                                                               ;
;   350.000 ;   0.000  ;    ; RE   ; 1      ; IOPAD_X56_Y0_N0                            ; ARRIAV_IO_PAD                                                              ;
;   350.000 ;   0.000  ;    ; RE   ; 1      ; IO_PAD_OUTPUT_X56_Y0_N0_I1                 ; IO_PAD_OUTPUT                                                              ;
;   350.000 ;   0.000  ;    ; RE   ; 1      ; IO_INPUT_BUFFER_INPUT_X56_Y0_N1_I0         ; IO_INPUT_BUFFER_INPUT                                                      ;
;   350.000 ;   0.000  ; RR ; IC   ; 1      ; IOIBUF_X56_Y0_N1                           ; FPGA_CLK2_50~input|i                                                       ;
;   350.761 ;   0.761  ; RR ; CELL ; 2      ; IOIBUF_X56_Y0_N1                           ; FPGA_CLK2_50~input|o                                                       ;
;   350.761 ;   0.000  ;    ; RE   ; 1      ; IOIBUF_X56_Y0_N1                           ; ARRIAV_IO_IBUF                                                             ;
;   350.761 ;   0.000  ;    ; RE   ; 1      ; IO_INPUT_BUFFER_OUTPUT_X56_Y0_N1_I2        ; IO_INPUT_BUFFER_OUTPUT                                                     ;
;   350.761 ;   0.000  ;    ; RE   ; 1      ; IO_RE_X56_Y0_N0_I96                        ; IO_RE                                                                      ;
;   351.260 ;   0.499  ;    ; RE   ; 2      ; IO_RE_X56_Y0_N0_I66                        ; IO_RE                                                                      ;
;   352.096 ;   0.836  ;    ; RE   ; 1      ; FF_PLL_RE_X89_Y0_N0_I3                     ; FF_PLL_RE                                                                  ;
;   352.096 ;   0.000  ;    ; RE   ; 1      ; F_PLL_BLOCK_RE_X89_Y0_N0_I2                ; F_PLL_BLOCK_RE                                                             ;
;   352.096 ;   0.000  ;    ; RE   ; 1      ; PLL_REFCLK_SELECT_INPUT_X89_Y7_N0_I2       ; PLL_REFCLK_SELECT_INPUT                                                    ;
;   352.096 ;   0.000  ; RR ; IC   ; 1      ; PLLREFCLKSELECT_X89_Y7_N0                  ; emu|pll|pll_inst|altera_pll_i|general[0].gpll~PLL_REFCLK_SELECT|clkin[0]   ;
;   352.429 ;   0.333  ; RR ; CELL ; 1      ; PLLREFCLKSELECT_X89_Y7_N0                  ; emu|pll|pll_inst|altera_pll_i|general[0].gpll~PLL_REFCLK_SELECT|clkout     ;
;   352.429 ;   0.000  ;    ; RE   ; 2      ; PLLREFCLKSELECT_X89_Y7_N0                  ; CYCLONEV_PLL_REFCLK_SELECT                                                 ;
;   352.429 ;   0.000  ;    ; RE   ; 1      ; PLL_REFCLK_SELECT_OUTPUT_X89_Y7_N0_I15     ; PLL_REFCLK_SELECT_OUTPUT                                                   ;
;   352.429 ;   0.000  ;    ; RE   ; 1      ; FRACTIONAL_PLL_INPUT_X89_Y1_N0_I7          ; FRACTIONAL_PLL_INPUT                                                       ;
;   352.429 ;   0.000  ; RR ; IC   ; 10     ; FRACTIONALPLL_X89_Y1_N0                    ; emu|pll|pll_inst|altera_pll_i|general[0].gpll~FRACTIONAL_PLL|refclkin      ;
;   348.661 ;   -3.768 ; RR ; COMP ; 3      ; FRACTIONALPLL_X89_Y1_N0                    ; emu|pll|pll_inst|altera_pll_i|general[0].gpll~FRACTIONAL_PLL|vcoph[0]      ;
;   348.661 ;   0.000  ;    ; RE   ; 19     ; FRACTIONALPLL_X89_Y1_N0                    ; CYCLONEV_FRACTIONAL_PLL                                                    ;
;   348.661 ;   0.000  ;    ; RE   ; 1      ; FRACTIONAL_PLL_OUTPUT_X89_Y1_N0_I19        ; FRACTIONAL_PLL_OUTPUT                                                      ;
;   348.661 ;   0.000  ;    ; RE   ; 3      ; F_PLL_BLOCK_RE_X89_Y0_N0_I109              ; F_PLL_BLOCK_RE                                                             ;
;   348.661 ;   0.000  ;    ; RE   ; 1      ; PLL_OUTPUT_COUNTER_INPUT_X89_Y2_N1_I7      ; PLL_OUTPUT_COUNTER_INPUT                                                   ;
;   348.661 ;   0.000  ; RR ; IC   ; 1      ; PLLOUTPUTCOUNTER_X89_Y2_N1                 ; emu|pll|pll_inst|altera_pll_i|general[0].gpll~PLL_OUTPUT_COUNTER|vco0ph[0] ;
;   350.196 ;   1.535  ; RR ; CELL ; 1      ; PLLOUTPUTCOUNTER_X89_Y2_N1                 ; emu|pll|pll_inst|altera_pll_i|general[0].gpll~PLL_OUTPUT_COUNTER|divclk    ;
;   350.196 ;   0.000  ;    ; RE   ; 1      ; PLLOUTPUTCOUNTER_X89_Y2_N1                 ; CYCLONEV_PLL_OUTPUT_COUNTER                                                ;
;   350.196 ;   0.000  ;    ; RE   ; 1      ; PLL_OUTPUT_COUNTER_OUTPUT_X89_Y2_N1_I16    ; PLL_OUTPUT_COUNTER_OUTPUT                                                  ;
;   350.676 ;   0.480  ;    ; RE   ; 1      ; FF_PLL_RE_X89_Y0_N0_I103                   ; FF_PLL_RE                                                                  ;
;   351.215 ;   0.539  ;    ; RE   ; 1      ; CLKBUF_CLUSTER_RE_X89_Y35_N3_I435          ; CLKBUF_CLUSTER_RE                                                          ;
;   351.215 ;   0.000  ;    ; RE   ; 1      ; CLKBUF_CLUSTER_RE_X89_Y35_N3_I693          ; CLKBUF_CLUSTER_RE                                                          ;
;   351.215 ;   0.000  ;    ; RE   ; 1      ; GCLK_CLUSTER_RE_X89_Y35_N12_I10            ; GCLK_CLUSTER_RE                                                            ;
;   351.215 ;   0.000  ;    ; RE   ; 1      ; CLKBUFBLOCK_INPUT_X89_Y35_N13_I0           ; CLKBUFBLOCK_INPUT                                                          ;
;   351.215 ;   0.000  ; RR ; IC   ; 1      ; CLKCTRL_G11                                ; emu|pll|pll_inst|altera_pll_i|outclk_wire[0]~CLKENA0|inclk                 ;
;   351.537 ;   0.322  ; RR ; CELL ; 1342   ; CLKCTRL_G11                                ; emu|pll|pll_inst|altera_pll_i|outclk_wire[0]~CLKENA0|outclk                ;
;   351.537 ;   0.000  ;    ; RE   ; 1      ; CLKCTRL_G11                                ; ARRIAV_CLKBUF                                                              ;
;   351.537 ;   0.000  ;    ; RE   ; 1      ; CLKBUFBLOCK_OUTPUT_X89_Y35_N13_I2          ; CLKBUFBLOCK_OUTPUT                                                         ;
;   351.537 ;   0.000  ;    ; RE   ; 1      ; GCLK_CLUSTER_RE_X89_Y35_N12_I12            ; GCLK_CLUSTER_RE                                                            ;
;   351.537 ;   0.000  ;    ; RE   ; 1      ; CLKBUF_CLUSTER_RE_X89_Y35_N3_I418          ; CLKBUF_CLUSTER_RE                                                          ;
;   352.672 ;   1.135  ;    ; RE   ; 7      ; GLOBAL_CLOCK_X0_Y36_N0_I11                 ; GLOBAL_CLOCK                                                               ;
;   352.820 ;   0.148  ;    ; RE   ; 20     ; SPINE_CLOCK_X15_Y59_N0_I19                 ; SPINE_CLOCK                                                                ;
;   353.207 ;   0.387  ;    ; RE   ; 1      ; SCLK_TO_ROWCLK_BUF_X15_Y75_N0_I115         ; SCLK_TO_ROWCLK_BUF                                                         ;
;   353.291 ;   0.084  ;    ; RE   ; 2      ; SCLK_TO_ROWCLK_BUF_X15_Y75_N0_I118         ; SCLK_TO_ROWCLK_BUF                                                         ;
;   353.724 ;   0.433  ;    ; RE   ; 3      ; LAB_CLK_X0_Y75_N0_I5                       ; LAB_CLK                                                                    ;
;   353.862 ;   0.138  ;    ; RE   ; 1      ; BLK_CLK_BUF_X12_Y75_N0_I5                  ; BLK_CLK_BUF                                                                ;
;   353.909 ;   0.047  ;    ; RE   ; 1      ; ROWCLKSEL_PREBUF_X12_Y75_N0_I5             ; ROWCLKSEL_PREBUF                                                           ;
;   353.959 ;   0.050  ;    ; RE   ; 1      ; ROWCLKSEL_X12_Y75_N0_I0                    ; ROWCLKSEL                                                                  ;
;   353.959 ;   0.000  ;    ; RE   ; 2      ; GLOBAL_LOCAL_SEL_X12_Y75_N0_I0             ; GLOBAL_LOCAL_SEL                                                           ;
;   353.959 ;   0.000  ;    ; RE   ; 15     ; LAB_INPUT_X12_Y75_N0_I1                    ; LAB_INPUT                                                                  ;
;   353.958 ;   -0.001 ; RR ; IC   ; 1      ; FF_X12_Y75_N29                             ; emu|audio_reset_stretch[0]|clk                                             ;
;   354.537 ;   0.579  ; RR ; CELL ; 1      ; FF_X12_Y75_N29                             ; emu:emu|audio_reset_stretch[0]                                             ;
; 357.668   ; 3.131    ;    ;      ;        ;                                            ; data path                                                                  ;
;   354.537 ;   0.000  ;    ; uTco ; 1      ; FF_X12_Y75_N29                             ; emu:emu|audio_reset_stretch[0]                                             ;
;   354.537 ;   0.000  ; RR ; CELL ; 3      ; FF_X12_Y75_N29                             ; emu|audio_reset_stretch[0]|q                                               ;
;   354.609 ;   0.072  ;    ; RE   ; 2      ; FF_X12_Y75_N29                             ; ARRIAV_FF                                                                  ;
;   354.731 ;   0.122  ;    ; RE   ; 2      ; LOCAL_LINE_X12_Y75_N0_I9                   ; LOCAL_LINE                                                                 ;
;   354.840 ;   0.109  ;    ; RE   ; 1      ; BLOCK_INPUT_MUX_X12_Y75_N0_I2              ; LEIM_INPUT                                                                 ;
;   354.840 ;   0.000  ; RR ; IC   ; 1      ; LABCELL_X12_Y75_N3                         ; emu|Equal4~0|dataa                                                         ;
;   355.432 ;   0.592  ; RF ; CELL ; 6      ; LABCELL_X12_Y75_N3                         ; emu|Equal4~0|combout                                                       ;
;   355.432 ;   0.000  ;    ; RE   ; 2      ; LABCELL_X12_Y75_N3                         ; ARRIAV_LCELL_COMB                                                          ;
;   355.521 ;   0.089  ;    ; RE   ; 2      ; LE_BUFFER_X12_Y75_N0_I3                    ; LE_BUFFER                                                                  ;
;   355.665 ;   0.144  ;    ; RE   ; 1      ; LOCAL_INTERCONNECT_X11_Y75_N0_I1           ; LAB_LINE                                                                   ;
;   355.764 ;   0.099  ;    ; RE   ; 1      ; BLOCK_INPUT_MUX_X11_Y75_N0_I26             ; LEIM_INPUT                                                                 ;
;   355.763 ;   -0.001 ; FF ; IC   ; 1      ; LABCELL_X11_Y75_N21                        ; emu|audio_reset_request|dataa                                              ;
;   356.313 ;   0.550  ; FR ; CELL ; 22     ; LABCELL_X11_Y75_N21                        ; emu|audio_reset_request|combout                                            ;
;   356.313 ;   0.000  ;    ; RE   ; 2      ; LABCELL_X11_Y75_N21                        ; ARRIAV_LCELL_COMB                                                          ;
;   356.403 ;   0.090  ;    ; RE   ; 1      ; LE_BUFFER_X11_Y75_N0_I15                   ; LE_BUFFER                                                                  ;
;   356.570 ;   0.167  ;    ; RE   ; 1      ; C2_X10_Y76_N0_I8                           ; V_SEG2                                                                     ;
;   356.710 ;   0.140  ;    ; RE   ; 1      ; R3_X8_Y77_N0_I15                           ; H_SEG3                                                                     ;
;   356.857 ;   0.147  ;    ; RE   ; 1      ; LOCAL_INTERCONNECT_X10_Y77_N0_I35          ; LAB_LINE                                                                   ;
;   357.058 ;   0.201  ;    ; RE   ; 1      ; BLOCK_INPUT_MUX_PASSTHROUGH_X10_Y77_N0_I83 ; LEIM                                                                       ;
;   357.058 ;   0.000  ;    ; RE   ; 1      ; GLOBAL_LOCAL_SEL_X10_Y77_N0_I2             ; GLOBAL_LOCAL_SEL                                                           ;
;   357.058 ;   0.000  ;    ; RE   ; 3      ; LAB_INPUT_X10_Y77_N0_I3                    ; LAB_INPUT                                                                  ;
;   357.057 ;   -0.001 ; RR ; IC   ; 1      ; FF_X10_Y77_N59                             ; emu|audio_mode_meta[1]|clrn                                                ;
;   357.668 ;   0.611  ; RF ; CELL ; 1      ; FF_X10_Y77_N59                             ; emu:emu|audio_mode_meta[1]                                                 ;
+-----------+----------+----+------+--------+--------------------------------------------+----------------------------------------------------------------------------+

+------------------------------------------------------------------------------------------------------------------------------------------------------------------+
; Data Required Path                                                                                                                                               ;
+-----------+----------+----+------+--------+-----------------------------------------+----------------------------------------------------------------------------+
; Total     ; Incr     ; RF ; Type ; Fanout ; Location                                ; Element                                                                    ;
+-----------+----------+----+------+--------+-----------------------------------------+----------------------------------------------------------------------------+
; 351.842   ; 351.842  ;    ;      ;        ;                                         ; latch edge time                                                            ;
; 355.509   ; 3.667    ;    ;      ;        ;                                         ; clock path                                                                 ;
;   351.842 ;   0.000  ;    ;      ;        ;                                         ; source latency                                                             ;
;   351.842 ;   0.000  ;    ;      ; 1      ; PIN_Y13                                 ; FPGA_CLK2_50                                                               ;
;   351.842 ;   0.000  ;    ; RE   ; 1      ; IOPAD_X56_Y0_N0                         ; ARRIAV_IO_PAD                                                              ;
;   351.842 ;   0.000  ;    ; RE   ; 1      ; IO_PAD_OUTPUT_X56_Y0_N0_I1              ; IO_PAD_OUTPUT                                                              ;
;   351.842 ;   0.000  ;    ; RE   ; 1      ; IO_INPUT_BUFFER_INPUT_X56_Y0_N1_I0      ; IO_INPUT_BUFFER_INPUT                                                      ;
;   351.842 ;   0.000  ; RR ; IC   ; 1      ; IOIBUF_X56_Y0_N1                        ; FPGA_CLK2_50~input|i                                                       ;
;   352.603 ;   0.761  ; RR ; CELL ; 2      ; IOIBUF_X56_Y0_N1                        ; FPGA_CLK2_50~input|o                                                       ;
;   352.603 ;   0.000  ;    ; RE   ; 1      ; IOIBUF_X56_Y0_N1                        ; ARRIAV_IO_IBUF                                                             ;
;   352.603 ;   0.000  ;    ; RE   ; 1      ; IO_INPUT_BUFFER_OUTPUT_X56_Y0_N1_I2     ; IO_INPUT_BUFFER_OUTPUT                                                     ;
;   352.603 ;   0.000  ;    ; RE   ; 1      ; IO_RE_X56_Y0_N0_I96                     ; IO_RE                                                                      ;
;   352.986 ;   0.383  ;    ; RE   ; 2      ; IO_RE_X56_Y0_N0_I66                     ; IO_RE                                                                      ;
;   353.774 ;   0.788  ;    ; RE   ; 1      ; FF_PLL_RE_X89_Y0_N0_I3                  ; FF_PLL_RE                                                                  ;
;   353.774 ;   0.000  ;    ; RE   ; 1      ; F_PLL_BLOCK_RE_X89_Y0_N0_I2             ; F_PLL_BLOCK_RE                                                             ;
;   353.774 ;   0.000  ;    ; RE   ; 1      ; PLL_REFCLK_SELECT_INPUT_X89_Y7_N0_I2    ; PLL_REFCLK_SELECT_INPUT                                                    ;
;   353.774 ;   0.000  ; RR ; IC   ; 1      ; PLLREFCLKSELECT_X89_Y7_N0               ; emu|pll|pll_inst|altera_pll_i|general[0].gpll~PLL_REFCLK_SELECT|clkin[0]   ;
;   354.082 ;   0.308  ; RR ; CELL ; 1      ; PLLREFCLKSELECT_X89_Y7_N0               ; emu|pll|pll_inst|altera_pll_i|general[0].gpll~PLL_REFCLK_SELECT|clkout     ;
;   354.082 ;   0.000  ;    ; RE   ; 2      ; PLLREFCLKSELECT_X89_Y7_N0               ; CYCLONEV_PLL_REFCLK_SELECT                                                 ;
;   354.082 ;   0.000  ;    ; RE   ; 1      ; PLL_REFCLK_SELECT_OUTPUT_X89_Y7_N0_I15  ; PLL_REFCLK_SELECT_OUTPUT                                                   ;
;   354.082 ;   0.000  ;    ; RE   ; 1      ; FRACTIONAL_PLL_INPUT_X89_Y1_N0_I7       ; FRACTIONAL_PLL_INPUT                                                       ;
;   354.082 ;   0.000  ; RR ; IC   ; 10     ; FRACTIONALPLL_X89_Y1_N0                 ; emu|pll|pll_inst|altera_pll_i|general[0].gpll~FRACTIONAL_PLL|refclkin      ;
;   349.150 ;   -4.932 ; RR ; COMP ; 3      ; FRACTIONALPLL_X89_Y1_N0                 ; emu|pll|pll_inst|altera_pll_i|general[0].gpll~FRACTIONAL_PLL|vcoph[0]      ;
;   349.150 ;   0.000  ;    ; RE   ; 19     ; FRACTIONALPLL_X89_Y1_N0                 ; CYCLONEV_FRACTIONAL_PLL                                                    ;
;   349.150 ;   0.000  ;    ; RE   ; 1      ; FRACTIONAL_PLL_OUTPUT_X89_Y1_N0_I19     ; FRACTIONAL_PLL_OUTPUT                                                      ;
;   349.150 ;   0.000  ;    ; RE   ; 3      ; F_PLL_BLOCK_RE_X89_Y0_N0_I109           ; F_PLL_BLOCK_RE                                                             ;
;   349.150 ;   0.000  ;    ; RE   ; 1      ; PLL_OUTPUT_COUNTER_INPUT_X89_Y0_N1_I7   ; PLL_OUTPUT_COUNTER_INPUT                                                   ;
;   349.150 ;   0.000  ; RR ; IC   ; 1      ; PLLOUTPUTCOUNTER_X89_Y0_N1              ; emu|pll|pll_inst|altera_pll_i|general[2].gpll~PLL_OUTPUT_COUNTER|vco0ph[0] ;
;   350.418 ;   1.268  ; RR ; CELL ; 1      ; PLLOUTPUTCOUNTER_X89_Y0_N1              ; emu|pll|pll_inst|altera_pll_i|general[2].gpll~PLL_OUTPUT_COUNTER|divclk    ;
;   350.418 ;   0.000  ;    ; RE   ; 1      ; PLLOUTPUTCOUNTER_X89_Y0_N1              ; CYCLONEV_PLL_OUTPUT_COUNTER                                                ;
;   350.418 ;   0.000  ;    ; RE   ; 1      ; PLL_OUTPUT_COUNTER_OUTPUT_X89_Y0_N1_I16 ; PLL_OUTPUT_COUNTER_OUTPUT                                                  ;
;   350.855 ;   0.437  ;    ; RE   ; 1      ; FF_PLL_RE_X89_Y0_N0_I101                ; FF_PLL_RE                                                                  ;
;   351.362 ;   0.507  ;    ; RE   ; 1      ; CLKBUF_CLUSTER_RE_X89_Y35_N3_I433       ; CLKBUF_CLUSTER_RE                                                          ;
;   351.362 ;   0.000  ;    ; RE   ; 1      ; CLKBUF_CLUSTER_RE_X89_Y35_N3_I563       ; CLKBUF_CLUSTER_RE                                                          ;
;   351.362 ;   0.000  ;    ; RE   ; 1      ; GCLK_CLUSTER_RE_X89_Y35_N6_I10          ; GCLK_CLUSTER_RE                                                            ;
;   351.362 ;   0.000  ;    ; RE   ; 1      ; CLKBUFBLOCK_INPUT_X89_Y35_N7_I0         ; CLKBUFBLOCK_INPUT                                                          ;
;   351.362 ;   0.000  ; RR ; IC   ; 1      ; CLKCTRL_G9                              ; emu|pll|pll_inst|altera_pll_i|outclk_wire[2]~CLKENA0|inclk                 ;
;   351.658 ;   0.296  ; RR ; CELL ; 32647  ; CLKCTRL_G9                              ; emu|pll|pll_inst|altera_pll_i|outclk_wire[2]~CLKENA0|outclk                ;
;   351.658 ;   0.000  ;    ; RE   ; 1      ; CLKCTRL_G9                              ; ARRIAV_CLKBUF                                                              ;
;   351.658 ;   0.000  ;    ; RE   ; 1      ; CLKBUFBLOCK_OUTPUT_X89_Y35_N7_I2        ; CLKBUFBLOCK_OUTPUT                                                         ;
;   351.658 ;   0.000  ;    ; RE   ; 1      ; GCLK_CLUSTER_RE_X89_Y35_N6_I12          ; GCLK_CLUSTER_RE                                                            ;
;   351.658 ;   0.000  ;    ; RE   ; 1      ; CLKBUF_CLUSTER_RE_X89_Y35_N3_I416       ; CLKBUF_CLUSTER_RE                                                          ;
;   352.407 ;   0.749  ;    ; RE   ; 12     ; GLOBAL_CLOCK_X0_Y36_N0_I9               ; GLOBAL_CLOCK                                                               ;
;   352.564 ;   0.157  ;    ; RE   ; 7      ; SPINE_CLOCK_X15_Y59_N0_I7               ; SPINE_CLOCK                                                                ;
;   352.938 ;   0.374  ;    ; RE   ; 1      ; SCLK_TO_ROWCLK_BUF_X15_Y77_N0_I43       ; SCLK_TO_ROWCLK_BUF                                                         ;
;   353.010 ;   0.072  ;    ; RE   ; 1      ; SCLK_TO_ROWCLK_BUF_X15_Y77_N0_I46       ; SCLK_TO_ROWCLK_BUF                                                         ;
;   353.423 ;   0.413  ;    ; RE   ; 5      ; LAB_CLK_X0_Y77_N0_I5                    ; LAB_CLK                                                                    ;
;   353.550 ;   0.127  ;    ; RE   ; 1      ; BLK_CLK_BUF_X10_Y77_N0_I5               ; BLK_CLK_BUF                                                                ;
;   353.594 ;   0.044  ;    ; RE   ; 1      ; ROWCLKSEL_PREBUF_X10_Y77_N0_I5          ; ROWCLKSEL_PREBUF                                                           ;
;   353.640 ;   0.046  ;    ; RE   ; 1      ; ROWCLKSEL_X10_Y77_N0_I0                 ; ROWCLKSEL                                                                  ;
;   353.640 ;   0.000  ;    ; RE   ; 2      ; GLOBAL_LOCAL_SEL_X10_Y77_N0_I0          ; GLOBAL_LOCAL_SEL                                                           ;
;   353.640 ;   0.000  ;    ; RE   ; 3      ; LAB_INPUT_X10_Y77_N0_I1                 ; LAB_INPUT                                                                  ;
;   353.641 ;   0.001  ; RR ; IC   ; 1      ; FF_X10_Y77_N59                          ; emu|audio_mode_meta[1]|clk                                                 ;
;   354.156 ;   0.515  ; RR ; CELL ; 1      ; FF_X10_Y77_N59                          ; emu:emu|audio_mode_meta[1]                                                 ;
;   355.509 ;   1.353  ;    ;      ;        ;                                         ; clock pessimism removed                                                    ;
; 355.349   ; -0.160   ;    ;      ;        ;                                         ; clock uncertainty                                                          ;
; 355.349   ; 0.000    ;    ; uTsu ; 1      ; FF_X10_Y77_N59                          ; emu:emu|audio_mode_meta[1]                                                 ;
+-----------+----------+----+------+--------+-----------------------------------------+----------------------------------------------------------------------------+

----------------------------
; Extra Fitter Information ;
----------------------------
HTML report is unavailable in plain text report export.


Path #20: Recovery slack is -2.318 (VIOLATED)
===============================================================================
+----------------------------------------------------------------------------------------------+
; Path Summary                                                                                 ;
+--------------------+-------------------------------------------------------------------------+
; Property           ; Value                                                                   ;
+--------------------+-------------------------------------------------------------------------+
; From Node          ; emu:emu|hps_io:hps_io|ioctl_index[0]                                    ;
; To Node            ; emu:emu|reset_audio_src_sync[1]                                         ;
; Launch Clock       ; emu|pll|pll_inst|altera_pll_i|general[0].gpll~PLL_OUTPUT_COUNTER|divclk ;
; Latch Clock        ; emu|pll|pll_inst|altera_pll_i|general[2].gpll~PLL_OUTPUT_COUNTER|divclk ;
; Data Arrival Time  ; 357.656                                                                 ;
; Data Required Time ; 355.338                                                                 ;
; Slack              ; -2.318 (VIOLATED)                                                       ;
+--------------------+-------------------------------------------------------------------------+

+--------------------------------------------------------------------------------------+
; Statistics                                                                           ;
+------------------------+--------+-------+-------------+------------+--------+--------+
; Property               ; Value  ; Count ; Total Delay ; % of Total ; Min    ; Max    ;
+------------------------+--------+-------+-------------+------------+--------+--------+
; Recovery Relationship  ; 1.842  ;       ;             ;            ;        ;        ;
; Clock Skew             ; -0.884 ;       ;             ;            ;        ;        ;
; Data Delay             ; 3.116  ;       ;             ;            ;        ;        ;
; Number of Logic Levels ;        ; 2     ;             ;            ;        ;        ;
; Physical Delays        ;        ;       ;             ;            ;        ;        ;
;  Arrival Path          ;        ;       ;             ;            ;        ;        ;
;   Clock                ;        ;       ;             ;            ;        ;        ;
;    IC                  ;        ; 6     ; -0.001      ; 0          ; -0.001 ; 0.000  ;
;    Cell                ;        ; 5     ; 3.533       ; 43         ; 0.322  ; 1.535  ;
;    PLL Compensation    ;        ; 1     ; -3.768      ; 0          ; -3.768 ; -3.768 ;
;    Routing Element     ;        ; 38    ; 4.776       ; 57         ; 0.000  ; 1.135  ;
;   Data                 ;        ;       ;             ;            ;        ;        ;
;    IC                  ;        ; 3     ; 0.001       ; 0          ; 0.000  ; 0.001  ;
;    Cell                ;        ; 4     ; 1.534       ; 49         ; 0.000  ; 0.582  ;
;    uTco                ;        ; 1     ; 0.000       ; 0          ; 0.000  ; 0.000  ;
;    Routing Element     ;        ; 16    ; 1.581       ; 51         ; 0.000  ; 0.215  ;
;  Required Path         ;        ;       ;             ;            ;        ;        ;
;   Clock                ;        ;       ;             ;            ;        ;        ;
;    IC                  ;        ; 6     ; 0.000       ; 0          ; 0.000  ; 0.000  ;
;    Cell                ;        ; 5     ; 3.140       ; 43         ; 0.296  ; 1.268  ;
;    PLL Compensation    ;        ; 1     ; -4.932      ; 0          ; -4.932 ; -4.932 ;
;    Routing Element     ;        ; 38    ; 4.095       ; 57         ; 0.000  ; 0.788  ;
+------------------------+--------+-------+-------------+------------+--------+--------+
Note: Negative delays are omitted from totals when calculating percentages

+---------------------------------------------------------------------------------------------------------------------------------------------------------------------+
; Data Arrival Path                                                                                                                                                   ;
+-----------+----------+----+------+--------+--------------------------------------------+----------------------------------------------------------------------------+
; Total     ; Incr     ; RF ; Type ; Fanout ; Location                                   ; Element                                                                    ;
+-----------+----------+----+------+--------+--------------------------------------------+----------------------------------------------------------------------------+
; 350.000   ; 350.000  ;    ;      ;        ;                                            ; launch edge time                                                           ;
; 354.540   ; 4.540    ;    ;      ;        ;                                            ; clock path                                                                 ;
;   350.000 ;   0.000  ;    ;      ;        ;                                            ; source latency                                                             ;
;   350.000 ;   0.000  ;    ;      ; 1      ; PIN_Y13                                    ; FPGA_CLK2_50                                                               ;
;   350.000 ;   0.000  ;    ; RE   ; 1      ; IOPAD_X56_Y0_N0                            ; ARRIAV_IO_PAD                                                              ;
;   350.000 ;   0.000  ;    ; RE   ; 1      ; IO_PAD_OUTPUT_X56_Y0_N0_I1                 ; IO_PAD_OUTPUT                                                              ;
;   350.000 ;   0.000  ;    ; RE   ; 1      ; IO_INPUT_BUFFER_INPUT_X56_Y0_N1_I0         ; IO_INPUT_BUFFER_INPUT                                                      ;
;   350.000 ;   0.000  ; RR ; IC   ; 1      ; IOIBUF_X56_Y0_N1                           ; FPGA_CLK2_50~input|i                                                       ;
;   350.761 ;   0.761  ; RR ; CELL ; 2      ; IOIBUF_X56_Y0_N1                           ; FPGA_CLK2_50~input|o                                                       ;
;   350.761 ;   0.000  ;    ; RE   ; 1      ; IOIBUF_X56_Y0_N1                           ; ARRIAV_IO_IBUF                                                             ;
;   350.761 ;   0.000  ;    ; RE   ; 1      ; IO_INPUT_BUFFER_OUTPUT_X56_Y0_N1_I2        ; IO_INPUT_BUFFER_OUTPUT                                                     ;
;   350.761 ;   0.000  ;    ; RE   ; 1      ; IO_RE_X56_Y0_N0_I96                        ; IO_RE                                                                      ;
;   351.260 ;   0.499  ;    ; RE   ; 2      ; IO_RE_X56_Y0_N0_I66                        ; IO_RE                                                                      ;
;   352.096 ;   0.836  ;    ; RE   ; 1      ; FF_PLL_RE_X89_Y0_N0_I3                     ; FF_PLL_RE                                                                  ;
;   352.096 ;   0.000  ;    ; RE   ; 1      ; F_PLL_BLOCK_RE_X89_Y0_N0_I2                ; F_PLL_BLOCK_RE                                                             ;
;   352.096 ;   0.000  ;    ; RE   ; 1      ; PLL_REFCLK_SELECT_INPUT_X89_Y7_N0_I2       ; PLL_REFCLK_SELECT_INPUT                                                    ;
;   352.096 ;   0.000  ; RR ; IC   ; 1      ; PLLREFCLKSELECT_X89_Y7_N0                  ; emu|pll|pll_inst|altera_pll_i|general[0].gpll~PLL_REFCLK_SELECT|clkin[0]   ;
;   352.429 ;   0.333  ; RR ; CELL ; 1      ; PLLREFCLKSELECT_X89_Y7_N0                  ; emu|pll|pll_inst|altera_pll_i|general[0].gpll~PLL_REFCLK_SELECT|clkout     ;
;   352.429 ;   0.000  ;    ; RE   ; 2      ; PLLREFCLKSELECT_X89_Y7_N0                  ; CYCLONEV_PLL_REFCLK_SELECT                                                 ;
;   352.429 ;   0.000  ;    ; RE   ; 1      ; PLL_REFCLK_SELECT_OUTPUT_X89_Y7_N0_I15     ; PLL_REFCLK_SELECT_OUTPUT                                                   ;
;   352.429 ;   0.000  ;    ; RE   ; 1      ; FRACTIONAL_PLL_INPUT_X89_Y1_N0_I7          ; FRACTIONAL_PLL_INPUT                                                       ;
;   352.429 ;   0.000  ; RR ; IC   ; 10     ; FRACTIONALPLL_X89_Y1_N0                    ; emu|pll|pll_inst|altera_pll_i|general[0].gpll~FRACTIONAL_PLL|refclkin      ;
;   348.661 ;   -3.768 ; RR ; COMP ; 3      ; FRACTIONALPLL_X89_Y1_N0                    ; emu|pll|pll_inst|altera_pll_i|general[0].gpll~FRACTIONAL_PLL|vcoph[0]      ;
;   348.661 ;   0.000  ;    ; RE   ; 19     ; FRACTIONALPLL_X89_Y1_N0                    ; CYCLONEV_FRACTIONAL_PLL                                                    ;
;   348.661 ;   0.000  ;    ; RE   ; 1      ; FRACTIONAL_PLL_OUTPUT_X89_Y1_N0_I19        ; FRACTIONAL_PLL_OUTPUT                                                      ;
;   348.661 ;   0.000  ;    ; RE   ; 3      ; F_PLL_BLOCK_RE_X89_Y0_N0_I109              ; F_PLL_BLOCK_RE                                                             ;
;   348.661 ;   0.000  ;    ; RE   ; 1      ; PLL_OUTPUT_COUNTER_INPUT_X89_Y2_N1_I7      ; PLL_OUTPUT_COUNTER_INPUT                                                   ;
;   348.661 ;   0.000  ; RR ; IC   ; 1      ; PLLOUTPUTCOUNTER_X89_Y2_N1                 ; emu|pll|pll_inst|altera_pll_i|general[0].gpll~PLL_OUTPUT_COUNTER|vco0ph[0] ;
;   350.196 ;   1.535  ; RR ; CELL ; 1      ; PLLOUTPUTCOUNTER_X89_Y2_N1                 ; emu|pll|pll_inst|altera_pll_i|general[0].gpll~PLL_OUTPUT_COUNTER|divclk    ;
;   350.196 ;   0.000  ;    ; RE   ; 1      ; PLLOUTPUTCOUNTER_X89_Y2_N1                 ; CYCLONEV_PLL_OUTPUT_COUNTER                                                ;
;   350.196 ;   0.000  ;    ; RE   ; 1      ; PLL_OUTPUT_COUNTER_OUTPUT_X89_Y2_N1_I16    ; PLL_OUTPUT_COUNTER_OUTPUT                                                  ;
;   350.676 ;   0.480  ;    ; RE   ; 1      ; FF_PLL_RE_X89_Y0_N0_I103                   ; FF_PLL_RE                                                                  ;
;   351.215 ;   0.539  ;    ; RE   ; 1      ; CLKBUF_CLUSTER_RE_X89_Y35_N3_I435          ; CLKBUF_CLUSTER_RE                                                          ;
;   351.215 ;   0.000  ;    ; RE   ; 1      ; CLKBUF_CLUSTER_RE_X89_Y35_N3_I693          ; CLKBUF_CLUSTER_RE                                                          ;
;   351.215 ;   0.000  ;    ; RE   ; 1      ; GCLK_CLUSTER_RE_X89_Y35_N12_I10            ; GCLK_CLUSTER_RE                                                            ;
;   351.215 ;   0.000  ;    ; RE   ; 1      ; CLKBUFBLOCK_INPUT_X89_Y35_N13_I0           ; CLKBUFBLOCK_INPUT                                                          ;
;   351.215 ;   0.000  ; RR ; IC   ; 1      ; CLKCTRL_G11                                ; emu|pll|pll_inst|altera_pll_i|outclk_wire[0]~CLKENA0|inclk                 ;
;   351.537 ;   0.322  ; RR ; CELL ; 1342   ; CLKCTRL_G11                                ; emu|pll|pll_inst|altera_pll_i|outclk_wire[0]~CLKENA0|outclk                ;
;   351.537 ;   0.000  ;    ; RE   ; 1      ; CLKCTRL_G11                                ; ARRIAV_CLKBUF                                                              ;
;   351.537 ;   0.000  ;    ; RE   ; 1      ; CLKBUFBLOCK_OUTPUT_X89_Y35_N13_I2          ; CLKBUFBLOCK_OUTPUT                                                         ;
;   351.537 ;   0.000  ;    ; RE   ; 1      ; GCLK_CLUSTER_RE_X89_Y35_N12_I12            ; GCLK_CLUSTER_RE                                                            ;
;   351.537 ;   0.000  ;    ; RE   ; 1      ; CLKBUF_CLUSTER_RE_X89_Y35_N3_I418          ; CLKBUF_CLUSTER_RE                                                          ;
;   352.672 ;   1.135  ;    ; RE   ; 7      ; GLOBAL_CLOCK_X0_Y36_N0_I11                 ; GLOBAL_CLOCK                                                               ;
;   352.820 ;   0.148  ;    ; RE   ; 20     ; SPINE_CLOCK_X15_Y59_N0_I19                 ; SPINE_CLOCK                                                                ;
;   353.207 ;   0.387  ;    ; RE   ; 1      ; SCLK_TO_ROWCLK_BUF_X15_Y75_N0_I115         ; SCLK_TO_ROWCLK_BUF                                                         ;
;   353.291 ;   0.084  ;    ; RE   ; 2      ; SCLK_TO_ROWCLK_BUF_X15_Y75_N0_I118         ; SCLK_TO_ROWCLK_BUF                                                         ;
;   353.724 ;   0.433  ;    ; RE   ; 3      ; LAB_CLK_X0_Y75_N0_I5                       ; LAB_CLK                                                                    ;
;   353.862 ;   0.138  ;    ; RE   ; 1      ; BLK_CLK_BUF_X12_Y75_N0_I5                  ; BLK_CLK_BUF                                                                ;
;   353.909 ;   0.047  ;    ; RE   ; 1      ; ROWCLKSEL_PREBUF_X12_Y75_N0_I5             ; ROWCLKSEL_PREBUF                                                           ;
;   353.959 ;   0.050  ;    ; RE   ; 1      ; ROWCLKSEL_X12_Y75_N0_I0                    ; ROWCLKSEL                                                                  ;
;   353.959 ;   0.000  ;    ; RE   ; 2      ; GLOBAL_LOCAL_SEL_X12_Y75_N0_I0             ; GLOBAL_LOCAL_SEL                                                           ;
;   353.959 ;   0.000  ;    ; RE   ; 2      ; LAB_INPUT_X12_Y75_N0_I0                    ; LAB_INPUT                                                                  ;
;   353.958 ;   -0.001 ; RR ; IC   ; 1      ; FF_X12_Y75_N7                              ; emu|hps_io|ioctl_index[0]|clk                                              ;
;   354.540 ;   0.582  ; RR ; CELL ; 1      ; FF_X12_Y75_N7                              ; emu:emu|hps_io:hps_io|ioctl_index[0]                                       ;
; 357.656   ; 3.116    ;    ;      ;        ;                                            ; data path                                                                  ;
;   354.540 ;   0.000  ;    ; uTco ; 1      ; FF_X12_Y75_N7                              ; emu:emu|hps_io:hps_io|ioctl_index[0]                                       ;
;   354.540 ;   0.000  ; RR ; CELL ; 3      ; FF_X12_Y75_N7                              ; emu|hps_io|ioctl_index[0]|q                                                ;
;   354.599 ;   0.059  ;    ; RE   ; 1      ; FF_X12_Y75_N7                              ; ARRIAV_FF                                                                  ;
;   354.701 ;   0.102  ;    ; RE   ; 3      ; LE_BUFFER_X12_Y75_N0_I4                    ; LE_BUFFER                                                                  ;
;   354.857 ;   0.156  ;    ; RE   ; 1      ; LOCAL_INTERCONNECT_X12_Y75_N0_I34          ; LAB_LINE                                                                   ;
;   355.002 ;   0.145  ;    ; RE   ; 1      ; BLOCK_INPUT_MUX_X12_Y75_N0_I76             ; LEIM_INPUT                                                                 ;
;   355.003 ;   0.001  ; RR ; IC   ; 1      ; LABCELL_X12_Y75_N54                        ; emu|audio_flac_download_active~1|datac                                     ;
;   355.475 ;   0.472  ; RF ; CELL ; 10     ; LABCELL_X12_Y75_N54                        ; emu|audio_flac_download_active~1|combout                                   ;
;   355.475 ;   0.000  ;    ; RE   ; 3      ; LABCELL_X12_Y75_N54                        ; ARRIAV_LCELL_COMB                                                          ;
;   355.559 ;   0.084  ;    ; RE   ; 1      ; LE_BUFFER_X12_Y75_N0_I37                   ; LE_BUFFER                                                                  ;
;   355.706 ;   0.147  ;    ; RE   ; 1      ; LOCAL_INTERCONNECT_X11_Y75_N0_I44          ; LAB_LINE                                                                   ;
;   355.834 ;   0.128  ;    ; RE   ; 1      ; BLOCK_INPUT_MUX_X11_Y75_N0_I29             ; LEIM_INPUT                                                                 ;
;   355.834 ;   0.000  ; FF ; IC   ; 1      ; LABCELL_X11_Y75_N21                        ; emu|audio_reset_request|datac                                              ;
;   356.314 ;   0.480  ; FF ; CELL ; 22     ; LABCELL_X11_Y75_N21                        ; emu|audio_reset_request|combout                                            ;
;   356.314 ;   0.000  ;    ; RE   ; 2      ; LABCELL_X11_Y75_N21                        ; ARRIAV_LCELL_COMB                                                          ;
;   356.390 ;   0.076  ;    ; RE   ; 2      ; LE_BUFFER_X11_Y75_N0_I14                   ; LE_BUFFER                                                                  ;
;   356.575 ;   0.185  ;    ; RE   ; 2      ; R6_X6_Y75_N0_I21                           ; H_SEG6                                                                     ;
;   356.790 ;   0.215  ;    ; RE   ; 3      ; R3_X9_Y75_N0_I14                           ; H_SEG3                                                                     ;
;   356.951 ;   0.161  ;    ; RE   ; 1      ; LOCAL_INTERCONNECT_X11_Y75_N0_I22          ; LAB_LINE                                                                   ;
;   357.074 ;   0.123  ;    ; RE   ; 1      ; BLOCK_INPUT_MUX_PASSTHROUGH_X11_Y75_N0_I83 ; LEIM                                                                       ;
;   357.074 ;   0.000  ;    ; RE   ; 1      ; GLOBAL_LOCAL_SEL_X11_Y75_N0_I2             ; GLOBAL_LOCAL_SEL                                                           ;
;   357.074 ;   0.000  ;    ; RE   ; 6      ; LAB_INPUT_X11_Y75_N0_I3                    ; LAB_INPUT                                                                  ;
;   357.074 ;   0.000  ; FF ; IC   ; 1      ; FF_X11_Y75_N49                             ; emu|reset_audio_src_sync[1]|clrn                                           ;
;   357.656 ;   0.582  ; FR ; CELL ; 1      ; FF_X11_Y75_N49                             ; emu:emu|reset_audio_src_sync[1]                                            ;
+-----------+----------+----+------+--------+--------------------------------------------+----------------------------------------------------------------------------+

+------------------------------------------------------------------------------------------------------------------------------------------------------------------+
; Data Required Path                                                                                                                                               ;
+-----------+----------+----+------+--------+-----------------------------------------+----------------------------------------------------------------------------+
; Total     ; Incr     ; RF ; Type ; Fanout ; Location                                ; Element                                                                    ;
+-----------+----------+----+------+--------+-----------------------------------------+----------------------------------------------------------------------------+
; 351.842   ; 351.842  ;    ;      ;        ;                                         ; latch edge time                                                            ;
; 355.498   ; 3.656    ;    ;      ;        ;                                         ; clock path                                                                 ;
;   351.842 ;   0.000  ;    ;      ;        ;                                         ; source latency                                                             ;
;   351.842 ;   0.000  ;    ;      ; 1      ; PIN_Y13                                 ; FPGA_CLK2_50                                                               ;
;   351.842 ;   0.000  ;    ; RE   ; 1      ; IOPAD_X56_Y0_N0                         ; ARRIAV_IO_PAD                                                              ;
;   351.842 ;   0.000  ;    ; RE   ; 1      ; IO_PAD_OUTPUT_X56_Y0_N0_I1              ; IO_PAD_OUTPUT                                                              ;
;   351.842 ;   0.000  ;    ; RE   ; 1      ; IO_INPUT_BUFFER_INPUT_X56_Y0_N1_I0      ; IO_INPUT_BUFFER_INPUT                                                      ;
;   351.842 ;   0.000  ; RR ; IC   ; 1      ; IOIBUF_X56_Y0_N1                        ; FPGA_CLK2_50~input|i                                                       ;
;   352.603 ;   0.761  ; RR ; CELL ; 2      ; IOIBUF_X56_Y0_N1                        ; FPGA_CLK2_50~input|o                                                       ;
;   352.603 ;   0.000  ;    ; RE   ; 1      ; IOIBUF_X56_Y0_N1                        ; ARRIAV_IO_IBUF                                                             ;
;   352.603 ;   0.000  ;    ; RE   ; 1      ; IO_INPUT_BUFFER_OUTPUT_X56_Y0_N1_I2     ; IO_INPUT_BUFFER_OUTPUT                                                     ;
;   352.603 ;   0.000  ;    ; RE   ; 1      ; IO_RE_X56_Y0_N0_I96                     ; IO_RE                                                                      ;
;   352.986 ;   0.383  ;    ; RE   ; 2      ; IO_RE_X56_Y0_N0_I66                     ; IO_RE                                                                      ;
;   353.774 ;   0.788  ;    ; RE   ; 1      ; FF_PLL_RE_X89_Y0_N0_I3                  ; FF_PLL_RE                                                                  ;
;   353.774 ;   0.000  ;    ; RE   ; 1      ; F_PLL_BLOCK_RE_X89_Y0_N0_I2             ; F_PLL_BLOCK_RE                                                             ;
;   353.774 ;   0.000  ;    ; RE   ; 1      ; PLL_REFCLK_SELECT_INPUT_X89_Y7_N0_I2    ; PLL_REFCLK_SELECT_INPUT                                                    ;
;   353.774 ;   0.000  ; RR ; IC   ; 1      ; PLLREFCLKSELECT_X89_Y7_N0               ; emu|pll|pll_inst|altera_pll_i|general[0].gpll~PLL_REFCLK_SELECT|clkin[0]   ;
;   354.082 ;   0.308  ; RR ; CELL ; 1      ; PLLREFCLKSELECT_X89_Y7_N0               ; emu|pll|pll_inst|altera_pll_i|general[0].gpll~PLL_REFCLK_SELECT|clkout     ;
;   354.082 ;   0.000  ;    ; RE   ; 2      ; PLLREFCLKSELECT_X89_Y7_N0               ; CYCLONEV_PLL_REFCLK_SELECT                                                 ;
;   354.082 ;   0.000  ;    ; RE   ; 1      ; PLL_REFCLK_SELECT_OUTPUT_X89_Y7_N0_I15  ; PLL_REFCLK_SELECT_OUTPUT                                                   ;
;   354.082 ;   0.000  ;    ; RE   ; 1      ; FRACTIONAL_PLL_INPUT_X89_Y1_N0_I7       ; FRACTIONAL_PLL_INPUT                                                       ;
;   354.082 ;   0.000  ; RR ; IC   ; 10     ; FRACTIONALPLL_X89_Y1_N0                 ; emu|pll|pll_inst|altera_pll_i|general[0].gpll~FRACTIONAL_PLL|refclkin      ;
;   349.150 ;   -4.932 ; RR ; COMP ; 3      ; FRACTIONALPLL_X89_Y1_N0                 ; emu|pll|pll_inst|altera_pll_i|general[0].gpll~FRACTIONAL_PLL|vcoph[0]      ;
;   349.150 ;   0.000  ;    ; RE   ; 19     ; FRACTIONALPLL_X89_Y1_N0                 ; CYCLONEV_FRACTIONAL_PLL                                                    ;
;   349.150 ;   0.000  ;    ; RE   ; 1      ; FRACTIONAL_PLL_OUTPUT_X89_Y1_N0_I19     ; FRACTIONAL_PLL_OUTPUT                                                      ;
;   349.150 ;   0.000  ;    ; RE   ; 3      ; F_PLL_BLOCK_RE_X89_Y0_N0_I109           ; F_PLL_BLOCK_RE                                                             ;
;   349.150 ;   0.000  ;    ; RE   ; 1      ; PLL_OUTPUT_COUNTER_INPUT_X89_Y0_N1_I7   ; PLL_OUTPUT_COUNTER_INPUT                                                   ;
;   349.150 ;   0.000  ; RR ; IC   ; 1      ; PLLOUTPUTCOUNTER_X89_Y0_N1              ; emu|pll|pll_inst|altera_pll_i|general[2].gpll~PLL_OUTPUT_COUNTER|vco0ph[0] ;
;   350.418 ;   1.268  ; RR ; CELL ; 1      ; PLLOUTPUTCOUNTER_X89_Y0_N1              ; emu|pll|pll_inst|altera_pll_i|general[2].gpll~PLL_OUTPUT_COUNTER|divclk    ;
;   350.418 ;   0.000  ;    ; RE   ; 1      ; PLLOUTPUTCOUNTER_X89_Y0_N1              ; CYCLONEV_PLL_OUTPUT_COUNTER                                                ;
;   350.418 ;   0.000  ;    ; RE   ; 1      ; PLL_OUTPUT_COUNTER_OUTPUT_X89_Y0_N1_I16 ; PLL_OUTPUT_COUNTER_OUTPUT                                                  ;
;   350.855 ;   0.437  ;    ; RE   ; 1      ; FF_PLL_RE_X89_Y0_N0_I101                ; FF_PLL_RE                                                                  ;
;   351.362 ;   0.507  ;    ; RE   ; 1      ; CLKBUF_CLUSTER_RE_X89_Y35_N3_I433       ; CLKBUF_CLUSTER_RE                                                          ;
;   351.362 ;   0.000  ;    ; RE   ; 1      ; CLKBUF_CLUSTER_RE_X89_Y35_N3_I563       ; CLKBUF_CLUSTER_RE                                                          ;
;   351.362 ;   0.000  ;    ; RE   ; 1      ; GCLK_CLUSTER_RE_X89_Y35_N6_I10          ; GCLK_CLUSTER_RE                                                            ;
;   351.362 ;   0.000  ;    ; RE   ; 1      ; CLKBUFBLOCK_INPUT_X89_Y35_N7_I0         ; CLKBUFBLOCK_INPUT                                                          ;
;   351.362 ;   0.000  ; RR ; IC   ; 1      ; CLKCTRL_G9                              ; emu|pll|pll_inst|altera_pll_i|outclk_wire[2]~CLKENA0|inclk                 ;
;   351.658 ;   0.296  ; RR ; CELL ; 32647  ; CLKCTRL_G9                              ; emu|pll|pll_inst|altera_pll_i|outclk_wire[2]~CLKENA0|outclk                ;
;   351.658 ;   0.000  ;    ; RE   ; 1      ; CLKCTRL_G9                              ; ARRIAV_CLKBUF                                                              ;
;   351.658 ;   0.000  ;    ; RE   ; 1      ; CLKBUFBLOCK_OUTPUT_X89_Y35_N7_I2        ; CLKBUFBLOCK_OUTPUT                                                         ;
;   351.658 ;   0.000  ;    ; RE   ; 1      ; GCLK_CLUSTER_RE_X89_Y35_N6_I12          ; GCLK_CLUSTER_RE                                                            ;
;   351.658 ;   0.000  ;    ; RE   ; 1      ; CLKBUF_CLUSTER_RE_X89_Y35_N3_I416       ; CLKBUF_CLUSTER_RE                                                          ;
;   352.407 ;   0.749  ;    ; RE   ; 12     ; GLOBAL_CLOCK_X0_Y36_N0_I9               ; GLOBAL_CLOCK                                                               ;
;   352.562 ;   0.155  ;    ; RE   ; 7      ; SPINE_CLOCK_X15_Y59_N0_I7               ; SPINE_CLOCK                                                                ;
;   352.936 ;   0.374  ;    ; RE   ; 1      ; SCLK_TO_ROWCLK_BUF_X15_Y75_N0_I42       ; SCLK_TO_ROWCLK_BUF                                                         ;
;   353.008 ;   0.072  ;    ; RE   ; 1      ; SCLK_TO_ROWCLK_BUF_X15_Y75_N0_I45       ; SCLK_TO_ROWCLK_BUF                                                         ;
;   353.420 ;   0.412  ;    ; RE   ; 6      ; LAB_CLK_X0_Y75_N0_I2                    ; LAB_CLK                                                                    ;
;   353.547 ;   0.127  ;    ; RE   ; 1      ; BLK_CLK_BUF_X11_Y75_N0_I2               ; BLK_CLK_BUF                                                                ;
;   353.592 ;   0.045  ;    ; RE   ; 1      ; ROWCLKSEL_PREBUF_X11_Y75_N0_I2          ; ROWCLKSEL_PREBUF                                                           ;
;   353.638 ;   0.046  ;    ; RE   ; 1      ; ROWCLKSEL_X11_Y75_N0_I0                 ; ROWCLKSEL                                                                  ;
;   353.638 ;   0.000  ;    ; RE   ; 1      ; GLOBAL_LOCAL_SEL_X11_Y75_N0_I0          ; GLOBAL_LOCAL_SEL                                                           ;
;   353.638 ;   0.000  ;    ; RE   ; 6      ; LAB_INPUT_X11_Y75_N0_I0                 ; LAB_INPUT                                                                  ;
;   353.638 ;   0.000  ; RR ; IC   ; 1      ; FF_X11_Y75_N49                          ; emu|reset_audio_src_sync[1]|clk                                            ;
;   354.145 ;   0.507  ; RR ; CELL ; 1      ; FF_X11_Y75_N49                          ; emu:emu|reset_audio_src_sync[1]                                            ;
;   355.498 ;   1.353  ;    ;      ;        ;                                         ; clock pessimism removed                                                    ;
; 355.338   ; -0.160   ;    ;      ;        ;                                         ; clock uncertainty                                                          ;
; 355.338   ; 0.000    ;    ; uTsu ; 1      ; FF_X11_Y75_N49                          ; emu:emu|reset_audio_src_sync[1]                                            ;
+-----------+----------+----+------+--------+-----------------------------------------+----------------------------------------------------------------------------+

----------------------------
; Extra Fitter Information ;
----------------------------
HTML report is unavailable in plain text report export.


Path #21: Recovery slack is -2.316 (VIOLATED)
===============================================================================
+----------------------------------------------------------------------------------------------+
; Path Summary                                                                                 ;
+--------------------+-------------------------------------------------------------------------+
; Property           ; Value                                                                   ;
+--------------------+-------------------------------------------------------------------------+
; From Node          ; emu:emu|hps_io:hps_io|ioctl_index[0]                                    ;
; To Node            ; emu:emu|reset_audio_src_sync[0]                                         ;
; Launch Clock       ; emu|pll|pll_inst|altera_pll_i|general[0].gpll~PLL_OUTPUT_COUNTER|divclk ;
; Latch Clock        ; emu|pll|pll_inst|altera_pll_i|general[2].gpll~PLL_OUTPUT_COUNTER|divclk ;
; Data Arrival Time  ; 357.656                                                                 ;
; Data Required Time ; 355.340                                                                 ;
; Slack              ; -2.316 (VIOLATED)                                                       ;
+--------------------+-------------------------------------------------------------------------+

+--------------------------------------------------------------------------------------+
; Statistics                                                                           ;
+------------------------+--------+-------+-------------+------------+--------+--------+
; Property               ; Value  ; Count ; Total Delay ; % of Total ; Min    ; Max    ;
+------------------------+--------+-------+-------------+------------+--------+--------+
; Recovery Relationship  ; 1.842  ;       ;             ;            ;        ;        ;
; Clock Skew             ; -0.882 ;       ;             ;            ;        ;        ;
; Data Delay             ; 3.116  ;       ;             ;            ;        ;        ;
; Number of Logic Levels ;        ; 2     ;             ;            ;        ;        ;
; Physical Delays        ;        ;       ;             ;            ;        ;        ;
;  Arrival Path          ;        ;       ;             ;            ;        ;        ;
;   Clock                ;        ;       ;             ;            ;        ;        ;
;    IC                  ;        ; 6     ; -0.001      ; 0          ; -0.001 ; 0.000  ;
;    Cell                ;        ; 5     ; 3.533       ; 43         ; 0.322  ; 1.535  ;
;    PLL Compensation    ;        ; 1     ; -3.768      ; 0          ; -3.768 ; -3.768 ;
;    Routing Element     ;        ; 38    ; 4.776       ; 57         ; 0.000  ; 1.135  ;
;   Data                 ;        ;       ;             ;            ;        ;        ;
;    IC                  ;        ; 3     ; 0.001       ; 0          ; 0.000  ; 0.001  ;
;    Cell                ;        ; 4     ; 1.534       ; 49         ; 0.000  ; 0.582  ;
;    uTco                ;        ; 1     ; 0.000       ; 0          ; 0.000  ; 0.000  ;
;    Routing Element     ;        ; 16    ; 1.581       ; 51         ; 0.000  ; 0.215  ;
;  Required Path         ;        ;       ;             ;            ;        ;        ;
;   Clock                ;        ;       ;             ;            ;        ;        ;
;    IC                  ;        ; 6     ; 0.000       ; 0          ; 0.000  ; 0.000  ;
;    Cell                ;        ; 5     ; 3.142       ; 43         ; 0.296  ; 1.268  ;
;    PLL Compensation    ;        ; 1     ; -4.932      ; 0          ; -4.932 ; -4.932 ;
;    Routing Element     ;        ; 38    ; 4.095       ; 57         ; 0.000  ; 0.788  ;
+------------------------+--------+-------+-------------+------------+--------+--------+
Note: Negative delays are omitted from totals when calculating percentages

+---------------------------------------------------------------------------------------------------------------------------------------------------------------------+
; Data Arrival Path                                                                                                                                                   ;
+-----------+----------+----+------+--------+--------------------------------------------+----------------------------------------------------------------------------+
; Total     ; Incr     ; RF ; Type ; Fanout ; Location                                   ; Element                                                                    ;
+-----------+----------+----+------+--------+--------------------------------------------+----------------------------------------------------------------------------+
; 350.000   ; 350.000  ;    ;      ;        ;                                            ; launch edge time                                                           ;
; 354.540   ; 4.540    ;    ;      ;        ;                                            ; clock path                                                                 ;
;   350.000 ;   0.000  ;    ;      ;        ;                                            ; source latency                                                             ;
;   350.000 ;   0.000  ;    ;      ; 1      ; PIN_Y13                                    ; FPGA_CLK2_50                                                               ;
;   350.000 ;   0.000  ;    ; RE   ; 1      ; IOPAD_X56_Y0_N0                            ; ARRIAV_IO_PAD                                                              ;
;   350.000 ;   0.000  ;    ; RE   ; 1      ; IO_PAD_OUTPUT_X56_Y0_N0_I1                 ; IO_PAD_OUTPUT                                                              ;
;   350.000 ;   0.000  ;    ; RE   ; 1      ; IO_INPUT_BUFFER_INPUT_X56_Y0_N1_I0         ; IO_INPUT_BUFFER_INPUT                                                      ;
;   350.000 ;   0.000  ; RR ; IC   ; 1      ; IOIBUF_X56_Y0_N1                           ; FPGA_CLK2_50~input|i                                                       ;
;   350.761 ;   0.761  ; RR ; CELL ; 2      ; IOIBUF_X56_Y0_N1                           ; FPGA_CLK2_50~input|o                                                       ;
;   350.761 ;   0.000  ;    ; RE   ; 1      ; IOIBUF_X56_Y0_N1                           ; ARRIAV_IO_IBUF                                                             ;
;   350.761 ;   0.000  ;    ; RE   ; 1      ; IO_INPUT_BUFFER_OUTPUT_X56_Y0_N1_I2        ; IO_INPUT_BUFFER_OUTPUT                                                     ;
;   350.761 ;   0.000  ;    ; RE   ; 1      ; IO_RE_X56_Y0_N0_I96                        ; IO_RE                                                                      ;
;   351.260 ;   0.499  ;    ; RE   ; 2      ; IO_RE_X56_Y0_N0_I66                        ; IO_RE                                                                      ;
;   352.096 ;   0.836  ;    ; RE   ; 1      ; FF_PLL_RE_X89_Y0_N0_I3                     ; FF_PLL_RE                                                                  ;
;   352.096 ;   0.000  ;    ; RE   ; 1      ; F_PLL_BLOCK_RE_X89_Y0_N0_I2                ; F_PLL_BLOCK_RE                                                             ;
;   352.096 ;   0.000  ;    ; RE   ; 1      ; PLL_REFCLK_SELECT_INPUT_X89_Y7_N0_I2       ; PLL_REFCLK_SELECT_INPUT                                                    ;
;   352.096 ;   0.000  ; RR ; IC   ; 1      ; PLLREFCLKSELECT_X89_Y7_N0                  ; emu|pll|pll_inst|altera_pll_i|general[0].gpll~PLL_REFCLK_SELECT|clkin[0]   ;
;   352.429 ;   0.333  ; RR ; CELL ; 1      ; PLLREFCLKSELECT_X89_Y7_N0                  ; emu|pll|pll_inst|altera_pll_i|general[0].gpll~PLL_REFCLK_SELECT|clkout     ;
;   352.429 ;   0.000  ;    ; RE   ; 2      ; PLLREFCLKSELECT_X89_Y7_N0                  ; CYCLONEV_PLL_REFCLK_SELECT                                                 ;
;   352.429 ;   0.000  ;    ; RE   ; 1      ; PLL_REFCLK_SELECT_OUTPUT_X89_Y7_N0_I15     ; PLL_REFCLK_SELECT_OUTPUT                                                   ;
;   352.429 ;   0.000  ;    ; RE   ; 1      ; FRACTIONAL_PLL_INPUT_X89_Y1_N0_I7          ; FRACTIONAL_PLL_INPUT                                                       ;
;   352.429 ;   0.000  ; RR ; IC   ; 10     ; FRACTIONALPLL_X89_Y1_N0                    ; emu|pll|pll_inst|altera_pll_i|general[0].gpll~FRACTIONAL_PLL|refclkin      ;
;   348.661 ;   -3.768 ; RR ; COMP ; 3      ; FRACTIONALPLL_X89_Y1_N0                    ; emu|pll|pll_inst|altera_pll_i|general[0].gpll~FRACTIONAL_PLL|vcoph[0]      ;
;   348.661 ;   0.000  ;    ; RE   ; 19     ; FRACTIONALPLL_X89_Y1_N0                    ; CYCLONEV_FRACTIONAL_PLL                                                    ;
;   348.661 ;   0.000  ;    ; RE   ; 1      ; FRACTIONAL_PLL_OUTPUT_X89_Y1_N0_I19        ; FRACTIONAL_PLL_OUTPUT                                                      ;
;   348.661 ;   0.000  ;    ; RE   ; 3      ; F_PLL_BLOCK_RE_X89_Y0_N0_I109              ; F_PLL_BLOCK_RE                                                             ;
;   348.661 ;   0.000  ;    ; RE   ; 1      ; PLL_OUTPUT_COUNTER_INPUT_X89_Y2_N1_I7      ; PLL_OUTPUT_COUNTER_INPUT                                                   ;
;   348.661 ;   0.000  ; RR ; IC   ; 1      ; PLLOUTPUTCOUNTER_X89_Y2_N1                 ; emu|pll|pll_inst|altera_pll_i|general[0].gpll~PLL_OUTPUT_COUNTER|vco0ph[0] ;
;   350.196 ;   1.535  ; RR ; CELL ; 1      ; PLLOUTPUTCOUNTER_X89_Y2_N1                 ; emu|pll|pll_inst|altera_pll_i|general[0].gpll~PLL_OUTPUT_COUNTER|divclk    ;
;   350.196 ;   0.000  ;    ; RE   ; 1      ; PLLOUTPUTCOUNTER_X89_Y2_N1                 ; CYCLONEV_PLL_OUTPUT_COUNTER                                                ;
;   350.196 ;   0.000  ;    ; RE   ; 1      ; PLL_OUTPUT_COUNTER_OUTPUT_X89_Y2_N1_I16    ; PLL_OUTPUT_COUNTER_OUTPUT                                                  ;
;   350.676 ;   0.480  ;    ; RE   ; 1      ; FF_PLL_RE_X89_Y0_N0_I103                   ; FF_PLL_RE                                                                  ;
;   351.215 ;   0.539  ;    ; RE   ; 1      ; CLKBUF_CLUSTER_RE_X89_Y35_N3_I435          ; CLKBUF_CLUSTER_RE                                                          ;
;   351.215 ;   0.000  ;    ; RE   ; 1      ; CLKBUF_CLUSTER_RE_X89_Y35_N3_I693          ; CLKBUF_CLUSTER_RE                                                          ;
;   351.215 ;   0.000  ;    ; RE   ; 1      ; GCLK_CLUSTER_RE_X89_Y35_N12_I10            ; GCLK_CLUSTER_RE                                                            ;
;   351.215 ;   0.000  ;    ; RE   ; 1      ; CLKBUFBLOCK_INPUT_X89_Y35_N13_I0           ; CLKBUFBLOCK_INPUT                                                          ;
;   351.215 ;   0.000  ; RR ; IC   ; 1      ; CLKCTRL_G11                                ; emu|pll|pll_inst|altera_pll_i|outclk_wire[0]~CLKENA0|inclk                 ;
;   351.537 ;   0.322  ; RR ; CELL ; 1342   ; CLKCTRL_G11                                ; emu|pll|pll_inst|altera_pll_i|outclk_wire[0]~CLKENA0|outclk                ;
;   351.537 ;   0.000  ;    ; RE   ; 1      ; CLKCTRL_G11                                ; ARRIAV_CLKBUF                                                              ;
;   351.537 ;   0.000  ;    ; RE   ; 1      ; CLKBUFBLOCK_OUTPUT_X89_Y35_N13_I2          ; CLKBUFBLOCK_OUTPUT                                                         ;
;   351.537 ;   0.000  ;    ; RE   ; 1      ; GCLK_CLUSTER_RE_X89_Y35_N12_I12            ; GCLK_CLUSTER_RE                                                            ;
;   351.537 ;   0.000  ;    ; RE   ; 1      ; CLKBUF_CLUSTER_RE_X89_Y35_N3_I418          ; CLKBUF_CLUSTER_RE                                                          ;
;   352.672 ;   1.135  ;    ; RE   ; 7      ; GLOBAL_CLOCK_X0_Y36_N0_I11                 ; GLOBAL_CLOCK                                                               ;
;   352.820 ;   0.148  ;    ; RE   ; 20     ; SPINE_CLOCK_X15_Y59_N0_I19                 ; SPINE_CLOCK                                                                ;
;   353.207 ;   0.387  ;    ; RE   ; 1      ; SCLK_TO_ROWCLK_BUF_X15_Y75_N0_I115         ; SCLK_TO_ROWCLK_BUF                                                         ;
;   353.291 ;   0.084  ;    ; RE   ; 2      ; SCLK_TO_ROWCLK_BUF_X15_Y75_N0_I118         ; SCLK_TO_ROWCLK_BUF                                                         ;
;   353.724 ;   0.433  ;    ; RE   ; 3      ; LAB_CLK_X0_Y75_N0_I5                       ; LAB_CLK                                                                    ;
;   353.862 ;   0.138  ;    ; RE   ; 1      ; BLK_CLK_BUF_X12_Y75_N0_I5                  ; BLK_CLK_BUF                                                                ;
;   353.909 ;   0.047  ;    ; RE   ; 1      ; ROWCLKSEL_PREBUF_X12_Y75_N0_I5             ; ROWCLKSEL_PREBUF                                                           ;
;   353.959 ;   0.050  ;    ; RE   ; 1      ; ROWCLKSEL_X12_Y75_N0_I0                    ; ROWCLKSEL                                                                  ;
;   353.959 ;   0.000  ;    ; RE   ; 2      ; GLOBAL_LOCAL_SEL_X12_Y75_N0_I0             ; GLOBAL_LOCAL_SEL                                                           ;
;   353.959 ;   0.000  ;    ; RE   ; 2      ; LAB_INPUT_X12_Y75_N0_I0                    ; LAB_INPUT                                                                  ;
;   353.958 ;   -0.001 ; RR ; IC   ; 1      ; FF_X12_Y75_N7                              ; emu|hps_io|ioctl_index[0]|clk                                              ;
;   354.540 ;   0.582  ; RR ; CELL ; 1      ; FF_X12_Y75_N7                              ; emu:emu|hps_io:hps_io|ioctl_index[0]                                       ;
; 357.656   ; 3.116    ;    ;      ;        ;                                            ; data path                                                                  ;
;   354.540 ;   0.000  ;    ; uTco ; 1      ; FF_X12_Y75_N7                              ; emu:emu|hps_io:hps_io|ioctl_index[0]                                       ;
;   354.540 ;   0.000  ; RR ; CELL ; 3      ; FF_X12_Y75_N7                              ; emu|hps_io|ioctl_index[0]|q                                                ;
;   354.599 ;   0.059  ;    ; RE   ; 1      ; FF_X12_Y75_N7                              ; ARRIAV_FF                                                                  ;
;   354.701 ;   0.102  ;    ; RE   ; 3      ; LE_BUFFER_X12_Y75_N0_I4                    ; LE_BUFFER                                                                  ;
;   354.857 ;   0.156  ;    ; RE   ; 1      ; LOCAL_INTERCONNECT_X12_Y75_N0_I34          ; LAB_LINE                                                                   ;
;   355.002 ;   0.145  ;    ; RE   ; 1      ; BLOCK_INPUT_MUX_X12_Y75_N0_I76             ; LEIM_INPUT                                                                 ;
;   355.003 ;   0.001  ; RR ; IC   ; 1      ; LABCELL_X12_Y75_N54                        ; emu|audio_flac_download_active~1|datac                                     ;
;   355.475 ;   0.472  ; RF ; CELL ; 10     ; LABCELL_X12_Y75_N54                        ; emu|audio_flac_download_active~1|combout                                   ;
;   355.475 ;   0.000  ;    ; RE   ; 3      ; LABCELL_X12_Y75_N54                        ; ARRIAV_LCELL_COMB                                                          ;
;   355.559 ;   0.084  ;    ; RE   ; 1      ; LE_BUFFER_X12_Y75_N0_I37                   ; LE_BUFFER                                                                  ;
;   355.706 ;   0.147  ;    ; RE   ; 1      ; LOCAL_INTERCONNECT_X11_Y75_N0_I44          ; LAB_LINE                                                                   ;
;   355.834 ;   0.128  ;    ; RE   ; 1      ; BLOCK_INPUT_MUX_X11_Y75_N0_I29             ; LEIM_INPUT                                                                 ;
;   355.834 ;   0.000  ; FF ; IC   ; 1      ; LABCELL_X11_Y75_N21                        ; emu|audio_reset_request|datac                                              ;
;   356.314 ;   0.480  ; FF ; CELL ; 22     ; LABCELL_X11_Y75_N21                        ; emu|audio_reset_request|combout                                            ;
;   356.314 ;   0.000  ;    ; RE   ; 2      ; LABCELL_X11_Y75_N21                        ; ARRIAV_LCELL_COMB                                                          ;
;   356.390 ;   0.076  ;    ; RE   ; 2      ; LE_BUFFER_X11_Y75_N0_I14                   ; LE_BUFFER                                                                  ;
;   356.575 ;   0.185  ;    ; RE   ; 2      ; R6_X6_Y75_N0_I21                           ; H_SEG6                                                                     ;
;   356.790 ;   0.215  ;    ; RE   ; 3      ; R3_X9_Y75_N0_I14                           ; H_SEG3                                                                     ;
;   356.951 ;   0.161  ;    ; RE   ; 1      ; LOCAL_INTERCONNECT_X11_Y75_N0_I22          ; LAB_LINE                                                                   ;
;   357.074 ;   0.123  ;    ; RE   ; 1      ; BLOCK_INPUT_MUX_PASSTHROUGH_X11_Y75_N0_I83 ; LEIM                                                                       ;
;   357.074 ;   0.000  ;    ; RE   ; 1      ; GLOBAL_LOCAL_SEL_X11_Y75_N0_I2             ; GLOBAL_LOCAL_SEL                                                           ;
;   357.074 ;   0.000  ;    ; RE   ; 6      ; LAB_INPUT_X11_Y75_N0_I3                    ; LAB_INPUT                                                                  ;
;   357.074 ;   0.000  ; FF ; IC   ; 1      ; FF_X11_Y75_N59                             ; emu|reset_audio_src_sync[0]|clrn                                           ;
;   357.656 ;   0.582  ; FR ; CELL ; 1      ; FF_X11_Y75_N59                             ; emu:emu|reset_audio_src_sync[0]                                            ;
+-----------+----------+----+------+--------+--------------------------------------------+----------------------------------------------------------------------------+

+------------------------------------------------------------------------------------------------------------------------------------------------------------------+
; Data Required Path                                                                                                                                               ;
+-----------+----------+----+------+--------+-----------------------------------------+----------------------------------------------------------------------------+
; Total     ; Incr     ; RF ; Type ; Fanout ; Location                                ; Element                                                                    ;
+-----------+----------+----+------+--------+-----------------------------------------+----------------------------------------------------------------------------+
; 351.842   ; 351.842  ;    ;      ;        ;                                         ; latch edge time                                                            ;
; 355.500   ; 3.658    ;    ;      ;        ;                                         ; clock path                                                                 ;
;   351.842 ;   0.000  ;    ;      ;        ;                                         ; source latency                                                             ;
;   351.842 ;   0.000  ;    ;      ; 1      ; PIN_Y13                                 ; FPGA_CLK2_50                                                               ;
;   351.842 ;   0.000  ;    ; RE   ; 1      ; IOPAD_X56_Y0_N0                         ; ARRIAV_IO_PAD                                                              ;
;   351.842 ;   0.000  ;    ; RE   ; 1      ; IO_PAD_OUTPUT_X56_Y0_N0_I1              ; IO_PAD_OUTPUT                                                              ;
;   351.842 ;   0.000  ;    ; RE   ; 1      ; IO_INPUT_BUFFER_INPUT_X56_Y0_N1_I0      ; IO_INPUT_BUFFER_INPUT                                                      ;
;   351.842 ;   0.000  ; RR ; IC   ; 1      ; IOIBUF_X56_Y0_N1                        ; FPGA_CLK2_50~input|i                                                       ;
;   352.603 ;   0.761  ; RR ; CELL ; 2      ; IOIBUF_X56_Y0_N1                        ; FPGA_CLK2_50~input|o                                                       ;
;   352.603 ;   0.000  ;    ; RE   ; 1      ; IOIBUF_X56_Y0_N1                        ; ARRIAV_IO_IBUF                                                             ;
;   352.603 ;   0.000  ;    ; RE   ; 1      ; IO_INPUT_BUFFER_OUTPUT_X56_Y0_N1_I2     ; IO_INPUT_BUFFER_OUTPUT                                                     ;
;   352.603 ;   0.000  ;    ; RE   ; 1      ; IO_RE_X56_Y0_N0_I96                     ; IO_RE                                                                      ;
;   352.986 ;   0.383  ;    ; RE   ; 2      ; IO_RE_X56_Y0_N0_I66                     ; IO_RE                                                                      ;
;   353.774 ;   0.788  ;    ; RE   ; 1      ; FF_PLL_RE_X89_Y0_N0_I3                  ; FF_PLL_RE                                                                  ;
;   353.774 ;   0.000  ;    ; RE   ; 1      ; F_PLL_BLOCK_RE_X89_Y0_N0_I2             ; F_PLL_BLOCK_RE                                                             ;
;   353.774 ;   0.000  ;    ; RE   ; 1      ; PLL_REFCLK_SELECT_INPUT_X89_Y7_N0_I2    ; PLL_REFCLK_SELECT_INPUT                                                    ;
;   353.774 ;   0.000  ; RR ; IC   ; 1      ; PLLREFCLKSELECT_X89_Y7_N0               ; emu|pll|pll_inst|altera_pll_i|general[0].gpll~PLL_REFCLK_SELECT|clkin[0]   ;
;   354.082 ;   0.308  ; RR ; CELL ; 1      ; PLLREFCLKSELECT_X89_Y7_N0               ; emu|pll|pll_inst|altera_pll_i|general[0].gpll~PLL_REFCLK_SELECT|clkout     ;
;   354.082 ;   0.000  ;    ; RE   ; 2      ; PLLREFCLKSELECT_X89_Y7_N0               ; CYCLONEV_PLL_REFCLK_SELECT                                                 ;
;   354.082 ;   0.000  ;    ; RE   ; 1      ; PLL_REFCLK_SELECT_OUTPUT_X89_Y7_N0_I15  ; PLL_REFCLK_SELECT_OUTPUT                                                   ;
;   354.082 ;   0.000  ;    ; RE   ; 1      ; FRACTIONAL_PLL_INPUT_X89_Y1_N0_I7       ; FRACTIONAL_PLL_INPUT                                                       ;
;   354.082 ;   0.000  ; RR ; IC   ; 10     ; FRACTIONALPLL_X89_Y1_N0                 ; emu|pll|pll_inst|altera_pll_i|general[0].gpll~FRACTIONAL_PLL|refclkin      ;
;   349.150 ;   -4.932 ; RR ; COMP ; 3      ; FRACTIONALPLL_X89_Y1_N0                 ; emu|pll|pll_inst|altera_pll_i|general[0].gpll~FRACTIONAL_PLL|vcoph[0]      ;
;   349.150 ;   0.000  ;    ; RE   ; 19     ; FRACTIONALPLL_X89_Y1_N0                 ; CYCLONEV_FRACTIONAL_PLL                                                    ;
;   349.150 ;   0.000  ;    ; RE   ; 1      ; FRACTIONAL_PLL_OUTPUT_X89_Y1_N0_I19     ; FRACTIONAL_PLL_OUTPUT                                                      ;
;   349.150 ;   0.000  ;    ; RE   ; 3      ; F_PLL_BLOCK_RE_X89_Y0_N0_I109           ; F_PLL_BLOCK_RE                                                             ;
;   349.150 ;   0.000  ;    ; RE   ; 1      ; PLL_OUTPUT_COUNTER_INPUT_X89_Y0_N1_I7   ; PLL_OUTPUT_COUNTER_INPUT                                                   ;
;   349.150 ;   0.000  ; RR ; IC   ; 1      ; PLLOUTPUTCOUNTER_X89_Y0_N1              ; emu|pll|pll_inst|altera_pll_i|general[2].gpll~PLL_OUTPUT_COUNTER|vco0ph[0] ;
;   350.418 ;   1.268  ; RR ; CELL ; 1      ; PLLOUTPUTCOUNTER_X89_Y0_N1              ; emu|pll|pll_inst|altera_pll_i|general[2].gpll~PLL_OUTPUT_COUNTER|divclk    ;
;   350.418 ;   0.000  ;    ; RE   ; 1      ; PLLOUTPUTCOUNTER_X89_Y0_N1              ; CYCLONEV_PLL_OUTPUT_COUNTER                                                ;
;   350.418 ;   0.000  ;    ; RE   ; 1      ; PLL_OUTPUT_COUNTER_OUTPUT_X89_Y0_N1_I16 ; PLL_OUTPUT_COUNTER_OUTPUT                                                  ;
;   350.855 ;   0.437  ;    ; RE   ; 1      ; FF_PLL_RE_X89_Y0_N0_I101                ; FF_PLL_RE                                                                  ;
;   351.362 ;   0.507  ;    ; RE   ; 1      ; CLKBUF_CLUSTER_RE_X89_Y35_N3_I433       ; CLKBUF_CLUSTER_RE                                                          ;
;   351.362 ;   0.000  ;    ; RE   ; 1      ; CLKBUF_CLUSTER_RE_X89_Y35_N3_I563       ; CLKBUF_CLUSTER_RE                                                          ;
;   351.362 ;   0.000  ;    ; RE   ; 1      ; GCLK_CLUSTER_RE_X89_Y35_N6_I10          ; GCLK_CLUSTER_RE                                                            ;
;   351.362 ;   0.000  ;    ; RE   ; 1      ; CLKBUFBLOCK_INPUT_X89_Y35_N7_I0         ; CLKBUFBLOCK_INPUT                                                          ;
;   351.362 ;   0.000  ; RR ; IC   ; 1      ; CLKCTRL_G9                              ; emu|pll|pll_inst|altera_pll_i|outclk_wire[2]~CLKENA0|inclk                 ;
;   351.658 ;   0.296  ; RR ; CELL ; 32647  ; CLKCTRL_G9                              ; emu|pll|pll_inst|altera_pll_i|outclk_wire[2]~CLKENA0|outclk                ;
;   351.658 ;   0.000  ;    ; RE   ; 1      ; CLKCTRL_G9                              ; ARRIAV_CLKBUF                                                              ;
;   351.658 ;   0.000  ;    ; RE   ; 1      ; CLKBUFBLOCK_OUTPUT_X89_Y35_N7_I2        ; CLKBUFBLOCK_OUTPUT                                                         ;
;   351.658 ;   0.000  ;    ; RE   ; 1      ; GCLK_CLUSTER_RE_X89_Y35_N6_I12          ; GCLK_CLUSTER_RE                                                            ;
;   351.658 ;   0.000  ;    ; RE   ; 1      ; CLKBUF_CLUSTER_RE_X89_Y35_N3_I416       ; CLKBUF_CLUSTER_RE                                                          ;
;   352.407 ;   0.749  ;    ; RE   ; 12     ; GLOBAL_CLOCK_X0_Y36_N0_I9               ; GLOBAL_CLOCK                                                               ;
;   352.562 ;   0.155  ;    ; RE   ; 7      ; SPINE_CLOCK_X15_Y59_N0_I7               ; SPINE_CLOCK                                                                ;
;   352.936 ;   0.374  ;    ; RE   ; 1      ; SCLK_TO_ROWCLK_BUF_X15_Y75_N0_I42       ; SCLK_TO_ROWCLK_BUF                                                         ;
;   353.008 ;   0.072  ;    ; RE   ; 1      ; SCLK_TO_ROWCLK_BUF_X15_Y75_N0_I45       ; SCLK_TO_ROWCLK_BUF                                                         ;
;   353.420 ;   0.412  ;    ; RE   ; 6      ; LAB_CLK_X0_Y75_N0_I2                    ; LAB_CLK                                                                    ;
;   353.547 ;   0.127  ;    ; RE   ; 1      ; BLK_CLK_BUF_X11_Y75_N0_I2               ; BLK_CLK_BUF                                                                ;
;   353.592 ;   0.045  ;    ; RE   ; 1      ; ROWCLKSEL_PREBUF_X11_Y75_N0_I2          ; ROWCLKSEL_PREBUF                                                           ;
;   353.638 ;   0.046  ;    ; RE   ; 1      ; ROWCLKSEL_X11_Y75_N0_I0                 ; ROWCLKSEL                                                                  ;
;   353.638 ;   0.000  ;    ; RE   ; 1      ; GLOBAL_LOCAL_SEL_X11_Y75_N0_I0          ; GLOBAL_LOCAL_SEL                                                           ;
;   353.638 ;   0.000  ;    ; RE   ; 6      ; LAB_INPUT_X11_Y75_N0_I0                 ; LAB_INPUT                                                                  ;
;   353.638 ;   0.000  ; RR ; IC   ; 1      ; FF_X11_Y75_N59                          ; emu|reset_audio_src_sync[0]|clk                                            ;
;   354.147 ;   0.509  ; RR ; CELL ; 1      ; FF_X11_Y75_N59                          ; emu:emu|reset_audio_src_sync[0]                                            ;
;   355.500 ;   1.353  ;    ;      ;        ;                                         ; clock pessimism removed                                                    ;
; 355.340   ; -0.160   ;    ;      ;        ;                                         ; clock uncertainty                                                          ;
; 355.340   ; 0.000    ;    ; uTsu ; 1      ; FF_X11_Y75_N59                          ; emu:emu|reset_audio_src_sync[0]                                            ;
+-----------+----------+----+------+--------+-----------------------------------------+----------------------------------------------------------------------------+

----------------------------
; Extra Fitter Information ;
----------------------------
HTML report is unavailable in plain text report export.


Path #22: Recovery slack is -2.316 (VIOLATED)
===============================================================================
+----------------------------------------------------------------------------------------------+
; Path Summary                                                                                 ;
+--------------------+-------------------------------------------------------------------------+
; Property           ; Value                                                                   ;
+--------------------+-------------------------------------------------------------------------+
; From Node          ; emu:emu|hps_io:hps_io|ioctl_index[0]                                    ;
; To Node            ; emu:emu|audio_mode_src[1]                                               ;
; Launch Clock       ; emu|pll|pll_inst|altera_pll_i|general[0].gpll~PLL_OUTPUT_COUNTER|divclk ;
; Latch Clock        ; emu|pll|pll_inst|altera_pll_i|general[2].gpll~PLL_OUTPUT_COUNTER|divclk ;
; Data Arrival Time  ; 357.656                                                                 ;
; Data Required Time ; 355.340                                                                 ;
; Slack              ; -2.316 (VIOLATED)                                                       ;
+--------------------+-------------------------------------------------------------------------+

+--------------------------------------------------------------------------------------+
; Statistics                                                                           ;
+------------------------+--------+-------+-------------+------------+--------+--------+
; Property               ; Value  ; Count ; Total Delay ; % of Total ; Min    ; Max    ;
+------------------------+--------+-------+-------------+------------+--------+--------+
; Recovery Relationship  ; 1.842  ;       ;             ;            ;        ;        ;
; Clock Skew             ; -0.882 ;       ;             ;            ;        ;        ;
; Data Delay             ; 3.116  ;       ;             ;            ;        ;        ;
; Number of Logic Levels ;        ; 2     ;             ;            ;        ;        ;
; Physical Delays        ;        ;       ;             ;            ;        ;        ;
;  Arrival Path          ;        ;       ;             ;            ;        ;        ;
;   Clock                ;        ;       ;             ;            ;        ;        ;
;    IC                  ;        ; 6     ; -0.001      ; 0          ; -0.001 ; 0.000  ;
;    Cell                ;        ; 5     ; 3.533       ; 43         ; 0.322  ; 1.535  ;
;    PLL Compensation    ;        ; 1     ; -3.768      ; 0          ; -3.768 ; -3.768 ;
;    Routing Element     ;        ; 38    ; 4.776       ; 57         ; 0.000  ; 1.135  ;
;   Data                 ;        ;       ;             ;            ;        ;        ;
;    IC                  ;        ; 3     ; 0.001       ; 0          ; 0.000  ; 0.001  ;
;    Cell                ;        ; 4     ; 1.534       ; 49         ; 0.000  ; 0.582  ;
;    uTco                ;        ; 1     ; 0.000       ; 0          ; 0.000  ; 0.000  ;
;    Routing Element     ;        ; 16    ; 1.581       ; 51         ; 0.000  ; 0.215  ;
;  Required Path         ;        ;       ;             ;            ;        ;        ;
;   Clock                ;        ;       ;             ;            ;        ;        ;
;    IC                  ;        ; 6     ; 0.000       ; 0          ; 0.000  ; 0.000  ;
;    Cell                ;        ; 5     ; 3.142       ; 43         ; 0.296  ; 1.268  ;
;    PLL Compensation    ;        ; 1     ; -4.932      ; 0          ; -4.932 ; -4.932 ;
;    Routing Element     ;        ; 38    ; 4.095       ; 57         ; 0.000  ; 0.788  ;
+------------------------+--------+-------+-------------+------------+--------+--------+
Note: Negative delays are omitted from totals when calculating percentages

+---------------------------------------------------------------------------------------------------------------------------------------------------------------------+
; Data Arrival Path                                                                                                                                                   ;
+-----------+----------+----+------+--------+--------------------------------------------+----------------------------------------------------------------------------+
; Total     ; Incr     ; RF ; Type ; Fanout ; Location                                   ; Element                                                                    ;
+-----------+----------+----+------+--------+--------------------------------------------+----------------------------------------------------------------------------+
; 350.000   ; 350.000  ;    ;      ;        ;                                            ; launch edge time                                                           ;
; 354.540   ; 4.540    ;    ;      ;        ;                                            ; clock path                                                                 ;
;   350.000 ;   0.000  ;    ;      ;        ;                                            ; source latency                                                             ;
;   350.000 ;   0.000  ;    ;      ; 1      ; PIN_Y13                                    ; FPGA_CLK2_50                                                               ;
;   350.000 ;   0.000  ;    ; RE   ; 1      ; IOPAD_X56_Y0_N0                            ; ARRIAV_IO_PAD                                                              ;
;   350.000 ;   0.000  ;    ; RE   ; 1      ; IO_PAD_OUTPUT_X56_Y0_N0_I1                 ; IO_PAD_OUTPUT                                                              ;
;   350.000 ;   0.000  ;    ; RE   ; 1      ; IO_INPUT_BUFFER_INPUT_X56_Y0_N1_I0         ; IO_INPUT_BUFFER_INPUT                                                      ;
;   350.000 ;   0.000  ; RR ; IC   ; 1      ; IOIBUF_X56_Y0_N1                           ; FPGA_CLK2_50~input|i                                                       ;
;   350.761 ;   0.761  ; RR ; CELL ; 2      ; IOIBUF_X56_Y0_N1                           ; FPGA_CLK2_50~input|o                                                       ;
;   350.761 ;   0.000  ;    ; RE   ; 1      ; IOIBUF_X56_Y0_N1                           ; ARRIAV_IO_IBUF                                                             ;
;   350.761 ;   0.000  ;    ; RE   ; 1      ; IO_INPUT_BUFFER_OUTPUT_X56_Y0_N1_I2        ; IO_INPUT_BUFFER_OUTPUT                                                     ;
;   350.761 ;   0.000  ;    ; RE   ; 1      ; IO_RE_X56_Y0_N0_I96                        ; IO_RE                                                                      ;
;   351.260 ;   0.499  ;    ; RE   ; 2      ; IO_RE_X56_Y0_N0_I66                        ; IO_RE                                                                      ;
;   352.096 ;   0.836  ;    ; RE   ; 1      ; FF_PLL_RE_X89_Y0_N0_I3                     ; FF_PLL_RE                                                                  ;
;   352.096 ;   0.000  ;    ; RE   ; 1      ; F_PLL_BLOCK_RE_X89_Y0_N0_I2                ; F_PLL_BLOCK_RE                                                             ;
;   352.096 ;   0.000  ;    ; RE   ; 1      ; PLL_REFCLK_SELECT_INPUT_X89_Y7_N0_I2       ; PLL_REFCLK_SELECT_INPUT                                                    ;
;   352.096 ;   0.000  ; RR ; IC   ; 1      ; PLLREFCLKSELECT_X89_Y7_N0                  ; emu|pll|pll_inst|altera_pll_i|general[0].gpll~PLL_REFCLK_SELECT|clkin[0]   ;
;   352.429 ;   0.333  ; RR ; CELL ; 1      ; PLLREFCLKSELECT_X89_Y7_N0                  ; emu|pll|pll_inst|altera_pll_i|general[0].gpll~PLL_REFCLK_SELECT|clkout     ;
;   352.429 ;   0.000  ;    ; RE   ; 2      ; PLLREFCLKSELECT_X89_Y7_N0                  ; CYCLONEV_PLL_REFCLK_SELECT                                                 ;
;   352.429 ;   0.000  ;    ; RE   ; 1      ; PLL_REFCLK_SELECT_OUTPUT_X89_Y7_N0_I15     ; PLL_REFCLK_SELECT_OUTPUT                                                   ;
;   352.429 ;   0.000  ;    ; RE   ; 1      ; FRACTIONAL_PLL_INPUT_X89_Y1_N0_I7          ; FRACTIONAL_PLL_INPUT                                                       ;
;   352.429 ;   0.000  ; RR ; IC   ; 10     ; FRACTIONALPLL_X89_Y1_N0                    ; emu|pll|pll_inst|altera_pll_i|general[0].gpll~FRACTIONAL_PLL|refclkin      ;
;   348.661 ;   -3.768 ; RR ; COMP ; 3      ; FRACTIONALPLL_X89_Y1_N0                    ; emu|pll|pll_inst|altera_pll_i|general[0].gpll~FRACTIONAL_PLL|vcoph[0]      ;
;   348.661 ;   0.000  ;    ; RE   ; 19     ; FRACTIONALPLL_X89_Y1_N0                    ; CYCLONEV_FRACTIONAL_PLL                                                    ;
;   348.661 ;   0.000  ;    ; RE   ; 1      ; FRACTIONAL_PLL_OUTPUT_X89_Y1_N0_I19        ; FRACTIONAL_PLL_OUTPUT                                                      ;
;   348.661 ;   0.000  ;    ; RE   ; 3      ; F_PLL_BLOCK_RE_X89_Y0_N0_I109              ; F_PLL_BLOCK_RE                                                             ;
;   348.661 ;   0.000  ;    ; RE   ; 1      ; PLL_OUTPUT_COUNTER_INPUT_X89_Y2_N1_I7      ; PLL_OUTPUT_COUNTER_INPUT                                                   ;
;   348.661 ;   0.000  ; RR ; IC   ; 1      ; PLLOUTPUTCOUNTER_X89_Y2_N1                 ; emu|pll|pll_inst|altera_pll_i|general[0].gpll~PLL_OUTPUT_COUNTER|vco0ph[0] ;
;   350.196 ;   1.535  ; RR ; CELL ; 1      ; PLLOUTPUTCOUNTER_X89_Y2_N1                 ; emu|pll|pll_inst|altera_pll_i|general[0].gpll~PLL_OUTPUT_COUNTER|divclk    ;
;   350.196 ;   0.000  ;    ; RE   ; 1      ; PLLOUTPUTCOUNTER_X89_Y2_N1                 ; CYCLONEV_PLL_OUTPUT_COUNTER                                                ;
;   350.196 ;   0.000  ;    ; RE   ; 1      ; PLL_OUTPUT_COUNTER_OUTPUT_X89_Y2_N1_I16    ; PLL_OUTPUT_COUNTER_OUTPUT                                                  ;
;   350.676 ;   0.480  ;    ; RE   ; 1      ; FF_PLL_RE_X89_Y0_N0_I103                   ; FF_PLL_RE                                                                  ;
;   351.215 ;   0.539  ;    ; RE   ; 1      ; CLKBUF_CLUSTER_RE_X89_Y35_N3_I435          ; CLKBUF_CLUSTER_RE                                                          ;
;   351.215 ;   0.000  ;    ; RE   ; 1      ; CLKBUF_CLUSTER_RE_X89_Y35_N3_I693          ; CLKBUF_CLUSTER_RE                                                          ;
;   351.215 ;   0.000  ;    ; RE   ; 1      ; GCLK_CLUSTER_RE_X89_Y35_N12_I10            ; GCLK_CLUSTER_RE                                                            ;
;   351.215 ;   0.000  ;    ; RE   ; 1      ; CLKBUFBLOCK_INPUT_X89_Y35_N13_I0           ; CLKBUFBLOCK_INPUT                                                          ;
;   351.215 ;   0.000  ; RR ; IC   ; 1      ; CLKCTRL_G11                                ; emu|pll|pll_inst|altera_pll_i|outclk_wire[0]~CLKENA0|inclk                 ;
;   351.537 ;   0.322  ; RR ; CELL ; 1342   ; CLKCTRL_G11                                ; emu|pll|pll_inst|altera_pll_i|outclk_wire[0]~CLKENA0|outclk                ;
;   351.537 ;   0.000  ;    ; RE   ; 1      ; CLKCTRL_G11                                ; ARRIAV_CLKBUF                                                              ;
;   351.537 ;   0.000  ;    ; RE   ; 1      ; CLKBUFBLOCK_OUTPUT_X89_Y35_N13_I2          ; CLKBUFBLOCK_OUTPUT                                                         ;
;   351.537 ;   0.000  ;    ; RE   ; 1      ; GCLK_CLUSTER_RE_X89_Y35_N12_I12            ; GCLK_CLUSTER_RE                                                            ;
;   351.537 ;   0.000  ;    ; RE   ; 1      ; CLKBUF_CLUSTER_RE_X89_Y35_N3_I418          ; CLKBUF_CLUSTER_RE                                                          ;
;   352.672 ;   1.135  ;    ; RE   ; 7      ; GLOBAL_CLOCK_X0_Y36_N0_I11                 ; GLOBAL_CLOCK                                                               ;
;   352.820 ;   0.148  ;    ; RE   ; 20     ; SPINE_CLOCK_X15_Y59_N0_I19                 ; SPINE_CLOCK                                                                ;
;   353.207 ;   0.387  ;    ; RE   ; 1      ; SCLK_TO_ROWCLK_BUF_X15_Y75_N0_I115         ; SCLK_TO_ROWCLK_BUF                                                         ;
;   353.291 ;   0.084  ;    ; RE   ; 2      ; SCLK_TO_ROWCLK_BUF_X15_Y75_N0_I118         ; SCLK_TO_ROWCLK_BUF                                                         ;
;   353.724 ;   0.433  ;    ; RE   ; 3      ; LAB_CLK_X0_Y75_N0_I5                       ; LAB_CLK                                                                    ;
;   353.862 ;   0.138  ;    ; RE   ; 1      ; BLK_CLK_BUF_X12_Y75_N0_I5                  ; BLK_CLK_BUF                                                                ;
;   353.909 ;   0.047  ;    ; RE   ; 1      ; ROWCLKSEL_PREBUF_X12_Y75_N0_I5             ; ROWCLKSEL_PREBUF                                                           ;
;   353.959 ;   0.050  ;    ; RE   ; 1      ; ROWCLKSEL_X12_Y75_N0_I0                    ; ROWCLKSEL                                                                  ;
;   353.959 ;   0.000  ;    ; RE   ; 2      ; GLOBAL_LOCAL_SEL_X12_Y75_N0_I0             ; GLOBAL_LOCAL_SEL                                                           ;
;   353.959 ;   0.000  ;    ; RE   ; 2      ; LAB_INPUT_X12_Y75_N0_I0                    ; LAB_INPUT                                                                  ;
;   353.958 ;   -0.001 ; RR ; IC   ; 1      ; FF_X12_Y75_N7                              ; emu|hps_io|ioctl_index[0]|clk                                              ;
;   354.540 ;   0.582  ; RR ; CELL ; 1      ; FF_X12_Y75_N7                              ; emu:emu|hps_io:hps_io|ioctl_index[0]                                       ;
; 357.656   ; 3.116    ;    ;      ;        ;                                            ; data path                                                                  ;
;   354.540 ;   0.000  ;    ; uTco ; 1      ; FF_X12_Y75_N7                              ; emu:emu|hps_io:hps_io|ioctl_index[0]                                       ;
;   354.540 ;   0.000  ; RR ; CELL ; 3      ; FF_X12_Y75_N7                              ; emu|hps_io|ioctl_index[0]|q                                                ;
;   354.599 ;   0.059  ;    ; RE   ; 1      ; FF_X12_Y75_N7                              ; ARRIAV_FF                                                                  ;
;   354.701 ;   0.102  ;    ; RE   ; 3      ; LE_BUFFER_X12_Y75_N0_I4                    ; LE_BUFFER                                                                  ;
;   354.857 ;   0.156  ;    ; RE   ; 1      ; LOCAL_INTERCONNECT_X12_Y75_N0_I34          ; LAB_LINE                                                                   ;
;   355.002 ;   0.145  ;    ; RE   ; 1      ; BLOCK_INPUT_MUX_X12_Y75_N0_I76             ; LEIM_INPUT                                                                 ;
;   355.003 ;   0.001  ; RR ; IC   ; 1      ; LABCELL_X12_Y75_N54                        ; emu|audio_flac_download_active~1|datac                                     ;
;   355.475 ;   0.472  ; RF ; CELL ; 10     ; LABCELL_X12_Y75_N54                        ; emu|audio_flac_download_active~1|combout                                   ;
;   355.475 ;   0.000  ;    ; RE   ; 3      ; LABCELL_X12_Y75_N54                        ; ARRIAV_LCELL_COMB                                                          ;
;   355.559 ;   0.084  ;    ; RE   ; 1      ; LE_BUFFER_X12_Y75_N0_I37                   ; LE_BUFFER                                                                  ;
;   355.706 ;   0.147  ;    ; RE   ; 1      ; LOCAL_INTERCONNECT_X11_Y75_N0_I44          ; LAB_LINE                                                                   ;
;   355.834 ;   0.128  ;    ; RE   ; 1      ; BLOCK_INPUT_MUX_X11_Y75_N0_I29             ; LEIM_INPUT                                                                 ;
;   355.834 ;   0.000  ; FF ; IC   ; 1      ; LABCELL_X11_Y75_N21                        ; emu|audio_reset_request|datac                                              ;
;   356.314 ;   0.480  ; FF ; CELL ; 22     ; LABCELL_X11_Y75_N21                        ; emu|audio_reset_request|combout                                            ;
;   356.314 ;   0.000  ;    ; RE   ; 2      ; LABCELL_X11_Y75_N21                        ; ARRIAV_LCELL_COMB                                                          ;
;   356.390 ;   0.076  ;    ; RE   ; 2      ; LE_BUFFER_X11_Y75_N0_I14                   ; LE_BUFFER                                                                  ;
;   356.575 ;   0.185  ;    ; RE   ; 2      ; R6_X6_Y75_N0_I21                           ; H_SEG6                                                                     ;
;   356.790 ;   0.215  ;    ; RE   ; 3      ; R3_X9_Y75_N0_I14                           ; H_SEG3                                                                     ;
;   356.951 ;   0.161  ;    ; RE   ; 1      ; LOCAL_INTERCONNECT_X11_Y75_N0_I22          ; LAB_LINE                                                                   ;
;   357.074 ;   0.123  ;    ; RE   ; 1      ; BLOCK_INPUT_MUX_PASSTHROUGH_X11_Y75_N0_I83 ; LEIM                                                                       ;
;   357.074 ;   0.000  ;    ; RE   ; 1      ; GLOBAL_LOCAL_SEL_X11_Y75_N0_I2             ; GLOBAL_LOCAL_SEL                                                           ;
;   357.074 ;   0.000  ;    ; RE   ; 6      ; LAB_INPUT_X11_Y75_N0_I3                    ; LAB_INPUT                                                                  ;
;   357.074 ;   0.000  ; FF ; IC   ; 1      ; FF_X11_Y75_N53                             ; emu|audio_mode_src[1]|clrn                                                 ;
;   357.656 ;   0.582  ; FR ; CELL ; 1      ; FF_X11_Y75_N53                             ; emu:emu|audio_mode_src[1]                                                  ;
+-----------+----------+----+------+--------+--------------------------------------------+----------------------------------------------------------------------------+

+------------------------------------------------------------------------------------------------------------------------------------------------------------------+
; Data Required Path                                                                                                                                               ;
+-----------+----------+----+------+--------+-----------------------------------------+----------------------------------------------------------------------------+
; Total     ; Incr     ; RF ; Type ; Fanout ; Location                                ; Element                                                                    ;
+-----------+----------+----+------+--------+-----------------------------------------+----------------------------------------------------------------------------+
; 351.842   ; 351.842  ;    ;      ;        ;                                         ; latch edge time                                                            ;
; 355.500   ; 3.658    ;    ;      ;        ;                                         ; clock path                                                                 ;
;   351.842 ;   0.000  ;    ;      ;        ;                                         ; source latency                                                             ;
;   351.842 ;   0.000  ;    ;      ; 1      ; PIN_Y13                                 ; FPGA_CLK2_50                                                               ;
;   351.842 ;   0.000  ;    ; RE   ; 1      ; IOPAD_X56_Y0_N0                         ; ARRIAV_IO_PAD                                                              ;
;   351.842 ;   0.000  ;    ; RE   ; 1      ; IO_PAD_OUTPUT_X56_Y0_N0_I1              ; IO_PAD_OUTPUT                                                              ;
;   351.842 ;   0.000  ;    ; RE   ; 1      ; IO_INPUT_BUFFER_INPUT_X56_Y0_N1_I0      ; IO_INPUT_BUFFER_INPUT                                                      ;
;   351.842 ;   0.000  ; RR ; IC   ; 1      ; IOIBUF_X56_Y0_N1                        ; FPGA_CLK2_50~input|i                                                       ;
;   352.603 ;   0.761  ; RR ; CELL ; 2      ; IOIBUF_X56_Y0_N1                        ; FPGA_CLK2_50~input|o                                                       ;
;   352.603 ;   0.000  ;    ; RE   ; 1      ; IOIBUF_X56_Y0_N1                        ; ARRIAV_IO_IBUF                                                             ;
;   352.603 ;   0.000  ;    ; RE   ; 1      ; IO_INPUT_BUFFER_OUTPUT_X56_Y0_N1_I2     ; IO_INPUT_BUFFER_OUTPUT                                                     ;
;   352.603 ;   0.000  ;    ; RE   ; 1      ; IO_RE_X56_Y0_N0_I96                     ; IO_RE                                                                      ;
;   352.986 ;   0.383  ;    ; RE   ; 2      ; IO_RE_X56_Y0_N0_I66                     ; IO_RE                                                                      ;
;   353.774 ;   0.788  ;    ; RE   ; 1      ; FF_PLL_RE_X89_Y0_N0_I3                  ; FF_PLL_RE                                                                  ;
;   353.774 ;   0.000  ;    ; RE   ; 1      ; F_PLL_BLOCK_RE_X89_Y0_N0_I2             ; F_PLL_BLOCK_RE                                                             ;
;   353.774 ;   0.000  ;    ; RE   ; 1      ; PLL_REFCLK_SELECT_INPUT_X89_Y7_N0_I2    ; PLL_REFCLK_SELECT_INPUT                                                    ;
;   353.774 ;   0.000  ; RR ; IC   ; 1      ; PLLREFCLKSELECT_X89_Y7_N0               ; emu|pll|pll_inst|altera_pll_i|general[0].gpll~PLL_REFCLK_SELECT|clkin[0]   ;
;   354.082 ;   0.308  ; RR ; CELL ; 1      ; PLLREFCLKSELECT_X89_Y7_N0               ; emu|pll|pll_inst|altera_pll_i|general[0].gpll~PLL_REFCLK_SELECT|clkout     ;
;   354.082 ;   0.000  ;    ; RE   ; 2      ; PLLREFCLKSELECT_X89_Y7_N0               ; CYCLONEV_PLL_REFCLK_SELECT                                                 ;
;   354.082 ;   0.000  ;    ; RE   ; 1      ; PLL_REFCLK_SELECT_OUTPUT_X89_Y7_N0_I15  ; PLL_REFCLK_SELECT_OUTPUT                                                   ;
;   354.082 ;   0.000  ;    ; RE   ; 1      ; FRACTIONAL_PLL_INPUT_X89_Y1_N0_I7       ; FRACTIONAL_PLL_INPUT                                                       ;
;   354.082 ;   0.000  ; RR ; IC   ; 10     ; FRACTIONALPLL_X89_Y1_N0                 ; emu|pll|pll_inst|altera_pll_i|general[0].gpll~FRACTIONAL_PLL|refclkin      ;
;   349.150 ;   -4.932 ; RR ; COMP ; 3      ; FRACTIONALPLL_X89_Y1_N0                 ; emu|pll|pll_inst|altera_pll_i|general[0].gpll~FRACTIONAL_PLL|vcoph[0]      ;
;   349.150 ;   0.000  ;    ; RE   ; 19     ; FRACTIONALPLL_X89_Y1_N0                 ; CYCLONEV_FRACTIONAL_PLL                                                    ;
;   349.150 ;   0.000  ;    ; RE   ; 1      ; FRACTIONAL_PLL_OUTPUT_X89_Y1_N0_I19     ; FRACTIONAL_PLL_OUTPUT                                                      ;
;   349.150 ;   0.000  ;    ; RE   ; 3      ; F_PLL_BLOCK_RE_X89_Y0_N0_I109           ; F_PLL_BLOCK_RE                                                             ;
;   349.150 ;   0.000  ;    ; RE   ; 1      ; PLL_OUTPUT_COUNTER_INPUT_X89_Y0_N1_I7   ; PLL_OUTPUT_COUNTER_INPUT                                                   ;
;   349.150 ;   0.000  ; RR ; IC   ; 1      ; PLLOUTPUTCOUNTER_X89_Y0_N1              ; emu|pll|pll_inst|altera_pll_i|general[2].gpll~PLL_OUTPUT_COUNTER|vco0ph[0] ;
;   350.418 ;   1.268  ; RR ; CELL ; 1      ; PLLOUTPUTCOUNTER_X89_Y0_N1              ; emu|pll|pll_inst|altera_pll_i|general[2].gpll~PLL_OUTPUT_COUNTER|divclk    ;
;   350.418 ;   0.000  ;    ; RE   ; 1      ; PLLOUTPUTCOUNTER_X89_Y0_N1              ; CYCLONEV_PLL_OUTPUT_COUNTER                                                ;
;   350.418 ;   0.000  ;    ; RE   ; 1      ; PLL_OUTPUT_COUNTER_OUTPUT_X89_Y0_N1_I16 ; PLL_OUTPUT_COUNTER_OUTPUT                                                  ;
;   350.855 ;   0.437  ;    ; RE   ; 1      ; FF_PLL_RE_X89_Y0_N0_I101                ; FF_PLL_RE                                                                  ;
;   351.362 ;   0.507  ;    ; RE   ; 1      ; CLKBUF_CLUSTER_RE_X89_Y35_N3_I433       ; CLKBUF_CLUSTER_RE                                                          ;
;   351.362 ;   0.000  ;    ; RE   ; 1      ; CLKBUF_CLUSTER_RE_X89_Y35_N3_I563       ; CLKBUF_CLUSTER_RE                                                          ;
;   351.362 ;   0.000  ;    ; RE   ; 1      ; GCLK_CLUSTER_RE_X89_Y35_N6_I10          ; GCLK_CLUSTER_RE                                                            ;
;   351.362 ;   0.000  ;    ; RE   ; 1      ; CLKBUFBLOCK_INPUT_X89_Y35_N7_I0         ; CLKBUFBLOCK_INPUT                                                          ;
;   351.362 ;   0.000  ; RR ; IC   ; 1      ; CLKCTRL_G9                              ; emu|pll|pll_inst|altera_pll_i|outclk_wire[2]~CLKENA0|inclk                 ;
;   351.658 ;   0.296  ; RR ; CELL ; 32647  ; CLKCTRL_G9                              ; emu|pll|pll_inst|altera_pll_i|outclk_wire[2]~CLKENA0|outclk                ;
;   351.658 ;   0.000  ;    ; RE   ; 1      ; CLKCTRL_G9                              ; ARRIAV_CLKBUF                                                              ;
;   351.658 ;   0.000  ;    ; RE   ; 1      ; CLKBUFBLOCK_OUTPUT_X89_Y35_N7_I2        ; CLKBUFBLOCK_OUTPUT                                                         ;
;   351.658 ;   0.000  ;    ; RE   ; 1      ; GCLK_CLUSTER_RE_X89_Y35_N6_I12          ; GCLK_CLUSTER_RE                                                            ;
;   351.658 ;   0.000  ;    ; RE   ; 1      ; CLKBUF_CLUSTER_RE_X89_Y35_N3_I416       ; CLKBUF_CLUSTER_RE                                                          ;
;   352.407 ;   0.749  ;    ; RE   ; 12     ; GLOBAL_CLOCK_X0_Y36_N0_I9               ; GLOBAL_CLOCK                                                               ;
;   352.562 ;   0.155  ;    ; RE   ; 7      ; SPINE_CLOCK_X15_Y59_N0_I7               ; SPINE_CLOCK                                                                ;
;   352.936 ;   0.374  ;    ; RE   ; 1      ; SCLK_TO_ROWCLK_BUF_X15_Y75_N0_I42       ; SCLK_TO_ROWCLK_BUF                                                         ;
;   353.008 ;   0.072  ;    ; RE   ; 1      ; SCLK_TO_ROWCLK_BUF_X15_Y75_N0_I45       ; SCLK_TO_ROWCLK_BUF                                                         ;
;   353.420 ;   0.412  ;    ; RE   ; 6      ; LAB_CLK_X0_Y75_N0_I2                    ; LAB_CLK                                                                    ;
;   353.547 ;   0.127  ;    ; RE   ; 1      ; BLK_CLK_BUF_X11_Y75_N0_I2               ; BLK_CLK_BUF                                                                ;
;   353.592 ;   0.045  ;    ; RE   ; 1      ; ROWCLKSEL_PREBUF_X11_Y75_N0_I2          ; ROWCLKSEL_PREBUF                                                           ;
;   353.638 ;   0.046  ;    ; RE   ; 1      ; ROWCLKSEL_X11_Y75_N0_I0                 ; ROWCLKSEL                                                                  ;
;   353.638 ;   0.000  ;    ; RE   ; 1      ; GLOBAL_LOCAL_SEL_X11_Y75_N0_I0          ; GLOBAL_LOCAL_SEL                                                           ;
;   353.638 ;   0.000  ;    ; RE   ; 6      ; LAB_INPUT_X11_Y75_N0_I0                 ; LAB_INPUT                                                                  ;
;   353.638 ;   0.000  ; RR ; IC   ; 1      ; FF_X11_Y75_N53                          ; emu|audio_mode_src[1]|clk                                                  ;
;   354.147 ;   0.509  ; RR ; CELL ; 1      ; FF_X11_Y75_N53                          ; emu:emu|audio_mode_src[1]                                                  ;
;   355.500 ;   1.353  ;    ;      ;        ;                                         ; clock pessimism removed                                                    ;
; 355.340   ; -0.160   ;    ;      ;        ;                                         ; clock uncertainty                                                          ;
; 355.340   ; 0.000    ;    ; uTsu ; 1      ; FF_X11_Y75_N53                          ; emu:emu|audio_mode_src[1]                                                  ;
+-----------+----------+----+------+--------+-----------------------------------------+----------------------------------------------------------------------------+

----------------------------
; Extra Fitter Information ;
----------------------------
HTML report is unavailable in plain text report export.


Path #23: Recovery slack is -2.316 (VIOLATED)
===============================================================================
+----------------------------------------------------------------------------------------------+
; Path Summary                                                                                 ;
+--------------------+-------------------------------------------------------------------------+
; Property           ; Value                                                                   ;
+--------------------+-------------------------------------------------------------------------+
; From Node          ; emu:emu|hps_io:hps_io|ioctl_index[0]                                    ;
; To Node            ; emu:emu|audio_flac_eos_sync[0]                                          ;
; Launch Clock       ; emu|pll|pll_inst|altera_pll_i|general[0].gpll~PLL_OUTPUT_COUNTER|divclk ;
; Latch Clock        ; emu|pll|pll_inst|altera_pll_i|general[2].gpll~PLL_OUTPUT_COUNTER|divclk ;
; Data Arrival Time  ; 357.656                                                                 ;
; Data Required Time ; 355.340                                                                 ;
; Slack              ; -2.316 (VIOLATED)                                                       ;
+--------------------+-------------------------------------------------------------------------+

+--------------------------------------------------------------------------------------+
; Statistics                                                                           ;
+------------------------+--------+-------+-------------+------------+--------+--------+
; Property               ; Value  ; Count ; Total Delay ; % of Total ; Min    ; Max    ;
+------------------------+--------+-------+-------------+------------+--------+--------+
; Recovery Relationship  ; 1.842  ;       ;             ;            ;        ;        ;
; Clock Skew             ; -0.882 ;       ;             ;            ;        ;        ;
; Data Delay             ; 3.116  ;       ;             ;            ;        ;        ;
; Number of Logic Levels ;        ; 2     ;             ;            ;        ;        ;
; Physical Delays        ;        ;       ;             ;            ;        ;        ;
;  Arrival Path          ;        ;       ;             ;            ;        ;        ;
;   Clock                ;        ;       ;             ;            ;        ;        ;
;    IC                  ;        ; 6     ; -0.001      ; 0          ; -0.001 ; 0.000  ;
;    Cell                ;        ; 5     ; 3.533       ; 43         ; 0.322  ; 1.535  ;
;    PLL Compensation    ;        ; 1     ; -3.768      ; 0          ; -3.768 ; -3.768 ;
;    Routing Element     ;        ; 38    ; 4.776       ; 57         ; 0.000  ; 1.135  ;
;   Data                 ;        ;       ;             ;            ;        ;        ;
;    IC                  ;        ; 3     ; 0.001       ; 0          ; 0.000  ; 0.001  ;
;    Cell                ;        ; 4     ; 1.534       ; 49         ; 0.000  ; 0.582  ;
;    uTco                ;        ; 1     ; 0.000       ; 0          ; 0.000  ; 0.000  ;
;    Routing Element     ;        ; 16    ; 1.581       ; 51         ; 0.000  ; 0.215  ;
;  Required Path         ;        ;       ;             ;            ;        ;        ;
;   Clock                ;        ;       ;             ;            ;        ;        ;
;    IC                  ;        ; 6     ; 0.000       ; 0          ; 0.000  ; 0.000  ;
;    Cell                ;        ; 5     ; 3.142       ; 43         ; 0.296  ; 1.268  ;
;    PLL Compensation    ;        ; 1     ; -4.932      ; 0          ; -4.932 ; -4.932 ;
;    Routing Element     ;        ; 38    ; 4.095       ; 57         ; 0.000  ; 0.788  ;
+------------------------+--------+-------+-------------+------------+--------+--------+
Note: Negative delays are omitted from totals when calculating percentages

+---------------------------------------------------------------------------------------------------------------------------------------------------------------------+
; Data Arrival Path                                                                                                                                                   ;
+-----------+----------+----+------+--------+--------------------------------------------+----------------------------------------------------------------------------+
; Total     ; Incr     ; RF ; Type ; Fanout ; Location                                   ; Element                                                                    ;
+-----------+----------+----+------+--------+--------------------------------------------+----------------------------------------------------------------------------+
; 350.000   ; 350.000  ;    ;      ;        ;                                            ; launch edge time                                                           ;
; 354.540   ; 4.540    ;    ;      ;        ;                                            ; clock path                                                                 ;
;   350.000 ;   0.000  ;    ;      ;        ;                                            ; source latency                                                             ;
;   350.000 ;   0.000  ;    ;      ; 1      ; PIN_Y13                                    ; FPGA_CLK2_50                                                               ;
;   350.000 ;   0.000  ;    ; RE   ; 1      ; IOPAD_X56_Y0_N0                            ; ARRIAV_IO_PAD                                                              ;
;   350.000 ;   0.000  ;    ; RE   ; 1      ; IO_PAD_OUTPUT_X56_Y0_N0_I1                 ; IO_PAD_OUTPUT                                                              ;
;   350.000 ;   0.000  ;    ; RE   ; 1      ; IO_INPUT_BUFFER_INPUT_X56_Y0_N1_I0         ; IO_INPUT_BUFFER_INPUT                                                      ;
;   350.000 ;   0.000  ; RR ; IC   ; 1      ; IOIBUF_X56_Y0_N1                           ; FPGA_CLK2_50~input|i                                                       ;
;   350.761 ;   0.761  ; RR ; CELL ; 2      ; IOIBUF_X56_Y0_N1                           ; FPGA_CLK2_50~input|o                                                       ;
;   350.761 ;   0.000  ;    ; RE   ; 1      ; IOIBUF_X56_Y0_N1                           ; ARRIAV_IO_IBUF                                                             ;
;   350.761 ;   0.000  ;    ; RE   ; 1      ; IO_INPUT_BUFFER_OUTPUT_X56_Y0_N1_I2        ; IO_INPUT_BUFFER_OUTPUT                                                     ;
;   350.761 ;   0.000  ;    ; RE   ; 1      ; IO_RE_X56_Y0_N0_I96                        ; IO_RE                                                                      ;
;   351.260 ;   0.499  ;    ; RE   ; 2      ; IO_RE_X56_Y0_N0_I66                        ; IO_RE                                                                      ;
;   352.096 ;   0.836  ;    ; RE   ; 1      ; FF_PLL_RE_X89_Y0_N0_I3                     ; FF_PLL_RE                                                                  ;
;   352.096 ;   0.000  ;    ; RE   ; 1      ; F_PLL_BLOCK_RE_X89_Y0_N0_I2                ; F_PLL_BLOCK_RE                                                             ;
;   352.096 ;   0.000  ;    ; RE   ; 1      ; PLL_REFCLK_SELECT_INPUT_X89_Y7_N0_I2       ; PLL_REFCLK_SELECT_INPUT                                                    ;
;   352.096 ;   0.000  ; RR ; IC   ; 1      ; PLLREFCLKSELECT_X89_Y7_N0                  ; emu|pll|pll_inst|altera_pll_i|general[0].gpll~PLL_REFCLK_SELECT|clkin[0]   ;
;   352.429 ;   0.333  ; RR ; CELL ; 1      ; PLLREFCLKSELECT_X89_Y7_N0                  ; emu|pll|pll_inst|altera_pll_i|general[0].gpll~PLL_REFCLK_SELECT|clkout     ;
;   352.429 ;   0.000  ;    ; RE   ; 2      ; PLLREFCLKSELECT_X89_Y7_N0                  ; CYCLONEV_PLL_REFCLK_SELECT                                                 ;
;   352.429 ;   0.000  ;    ; RE   ; 1      ; PLL_REFCLK_SELECT_OUTPUT_X89_Y7_N0_I15     ; PLL_REFCLK_SELECT_OUTPUT                                                   ;
;   352.429 ;   0.000  ;    ; RE   ; 1      ; FRACTIONAL_PLL_INPUT_X89_Y1_N0_I7          ; FRACTIONAL_PLL_INPUT                                                       ;
;   352.429 ;   0.000  ; RR ; IC   ; 10     ; FRACTIONALPLL_X89_Y1_N0                    ; emu|pll|pll_inst|altera_pll_i|general[0].gpll~FRACTIONAL_PLL|refclkin      ;
;   348.661 ;   -3.768 ; RR ; COMP ; 3      ; FRACTIONALPLL_X89_Y1_N0                    ; emu|pll|pll_inst|altera_pll_i|general[0].gpll~FRACTIONAL_PLL|vcoph[0]      ;
;   348.661 ;   0.000  ;    ; RE   ; 19     ; FRACTIONALPLL_X89_Y1_N0                    ; CYCLONEV_FRACTIONAL_PLL                                                    ;
;   348.661 ;   0.000  ;    ; RE   ; 1      ; FRACTIONAL_PLL_OUTPUT_X89_Y1_N0_I19        ; FRACTIONAL_PLL_OUTPUT                                                      ;
;   348.661 ;   0.000  ;    ; RE   ; 3      ; F_PLL_BLOCK_RE_X89_Y0_N0_I109              ; F_PLL_BLOCK_RE                                                             ;
;   348.661 ;   0.000  ;    ; RE   ; 1      ; PLL_OUTPUT_COUNTER_INPUT_X89_Y2_N1_I7      ; PLL_OUTPUT_COUNTER_INPUT                                                   ;
;   348.661 ;   0.000  ; RR ; IC   ; 1      ; PLLOUTPUTCOUNTER_X89_Y2_N1                 ; emu|pll|pll_inst|altera_pll_i|general[0].gpll~PLL_OUTPUT_COUNTER|vco0ph[0] ;
;   350.196 ;   1.535  ; RR ; CELL ; 1      ; PLLOUTPUTCOUNTER_X89_Y2_N1                 ; emu|pll|pll_inst|altera_pll_i|general[0].gpll~PLL_OUTPUT_COUNTER|divclk    ;
;   350.196 ;   0.000  ;    ; RE   ; 1      ; PLLOUTPUTCOUNTER_X89_Y2_N1                 ; CYCLONEV_PLL_OUTPUT_COUNTER                                                ;
;   350.196 ;   0.000  ;    ; RE   ; 1      ; PLL_OUTPUT_COUNTER_OUTPUT_X89_Y2_N1_I16    ; PLL_OUTPUT_COUNTER_OUTPUT                                                  ;
;   350.676 ;   0.480  ;    ; RE   ; 1      ; FF_PLL_RE_X89_Y0_N0_I103                   ; FF_PLL_RE                                                                  ;
;   351.215 ;   0.539  ;    ; RE   ; 1      ; CLKBUF_CLUSTER_RE_X89_Y35_N3_I435          ; CLKBUF_CLUSTER_RE                                                          ;
;   351.215 ;   0.000  ;    ; RE   ; 1      ; CLKBUF_CLUSTER_RE_X89_Y35_N3_I693          ; CLKBUF_CLUSTER_RE                                                          ;
;   351.215 ;   0.000  ;    ; RE   ; 1      ; GCLK_CLUSTER_RE_X89_Y35_N12_I10            ; GCLK_CLUSTER_RE                                                            ;
;   351.215 ;   0.000  ;    ; RE   ; 1      ; CLKBUFBLOCK_INPUT_X89_Y35_N13_I0           ; CLKBUFBLOCK_INPUT                                                          ;
;   351.215 ;   0.000  ; RR ; IC   ; 1      ; CLKCTRL_G11                                ; emu|pll|pll_inst|altera_pll_i|outclk_wire[0]~CLKENA0|inclk                 ;
;   351.537 ;   0.322  ; RR ; CELL ; 1342   ; CLKCTRL_G11                                ; emu|pll|pll_inst|altera_pll_i|outclk_wire[0]~CLKENA0|outclk                ;
;   351.537 ;   0.000  ;    ; RE   ; 1      ; CLKCTRL_G11                                ; ARRIAV_CLKBUF                                                              ;
;   351.537 ;   0.000  ;    ; RE   ; 1      ; CLKBUFBLOCK_OUTPUT_X89_Y35_N13_I2          ; CLKBUFBLOCK_OUTPUT                                                         ;
;   351.537 ;   0.000  ;    ; RE   ; 1      ; GCLK_CLUSTER_RE_X89_Y35_N12_I12            ; GCLK_CLUSTER_RE                                                            ;
;   351.537 ;   0.000  ;    ; RE   ; 1      ; CLKBUF_CLUSTER_RE_X89_Y35_N3_I418          ; CLKBUF_CLUSTER_RE                                                          ;
;   352.672 ;   1.135  ;    ; RE   ; 7      ; GLOBAL_CLOCK_X0_Y36_N0_I11                 ; GLOBAL_CLOCK                                                               ;
;   352.820 ;   0.148  ;    ; RE   ; 20     ; SPINE_CLOCK_X15_Y59_N0_I19                 ; SPINE_CLOCK                                                                ;
;   353.207 ;   0.387  ;    ; RE   ; 1      ; SCLK_TO_ROWCLK_BUF_X15_Y75_N0_I115         ; SCLK_TO_ROWCLK_BUF                                                         ;
;   353.291 ;   0.084  ;    ; RE   ; 2      ; SCLK_TO_ROWCLK_BUF_X15_Y75_N0_I118         ; SCLK_TO_ROWCLK_BUF                                                         ;
;   353.724 ;   0.433  ;    ; RE   ; 3      ; LAB_CLK_X0_Y75_N0_I5                       ; LAB_CLK                                                                    ;
;   353.862 ;   0.138  ;    ; RE   ; 1      ; BLK_CLK_BUF_X12_Y75_N0_I5                  ; BLK_CLK_BUF                                                                ;
;   353.909 ;   0.047  ;    ; RE   ; 1      ; ROWCLKSEL_PREBUF_X12_Y75_N0_I5             ; ROWCLKSEL_PREBUF                                                           ;
;   353.959 ;   0.050  ;    ; RE   ; 1      ; ROWCLKSEL_X12_Y75_N0_I0                    ; ROWCLKSEL                                                                  ;
;   353.959 ;   0.000  ;    ; RE   ; 2      ; GLOBAL_LOCAL_SEL_X12_Y75_N0_I0             ; GLOBAL_LOCAL_SEL                                                           ;
;   353.959 ;   0.000  ;    ; RE   ; 2      ; LAB_INPUT_X12_Y75_N0_I0                    ; LAB_INPUT                                                                  ;
;   353.958 ;   -0.001 ; RR ; IC   ; 1      ; FF_X12_Y75_N7                              ; emu|hps_io|ioctl_index[0]|clk                                              ;
;   354.540 ;   0.582  ; RR ; CELL ; 1      ; FF_X12_Y75_N7                              ; emu:emu|hps_io:hps_io|ioctl_index[0]                                       ;
; 357.656   ; 3.116    ;    ;      ;        ;                                            ; data path                                                                  ;
;   354.540 ;   0.000  ;    ; uTco ; 1      ; FF_X12_Y75_N7                              ; emu:emu|hps_io:hps_io|ioctl_index[0]                                       ;
;   354.540 ;   0.000  ; RR ; CELL ; 3      ; FF_X12_Y75_N7                              ; emu|hps_io|ioctl_index[0]|q                                                ;
;   354.599 ;   0.059  ;    ; RE   ; 1      ; FF_X12_Y75_N7                              ; ARRIAV_FF                                                                  ;
;   354.701 ;   0.102  ;    ; RE   ; 3      ; LE_BUFFER_X12_Y75_N0_I4                    ; LE_BUFFER                                                                  ;
;   354.857 ;   0.156  ;    ; RE   ; 1      ; LOCAL_INTERCONNECT_X12_Y75_N0_I34          ; LAB_LINE                                                                   ;
;   355.002 ;   0.145  ;    ; RE   ; 1      ; BLOCK_INPUT_MUX_X12_Y75_N0_I76             ; LEIM_INPUT                                                                 ;
;   355.003 ;   0.001  ; RR ; IC   ; 1      ; LABCELL_X12_Y75_N54                        ; emu|audio_flac_download_active~1|datac                                     ;
;   355.475 ;   0.472  ; RF ; CELL ; 10     ; LABCELL_X12_Y75_N54                        ; emu|audio_flac_download_active~1|combout                                   ;
;   355.475 ;   0.000  ;    ; RE   ; 3      ; LABCELL_X12_Y75_N54                        ; ARRIAV_LCELL_COMB                                                          ;
;   355.559 ;   0.084  ;    ; RE   ; 1      ; LE_BUFFER_X12_Y75_N0_I37                   ; LE_BUFFER                                                                  ;
;   355.706 ;   0.147  ;    ; RE   ; 1      ; LOCAL_INTERCONNECT_X11_Y75_N0_I44          ; LAB_LINE                                                                   ;
;   355.834 ;   0.128  ;    ; RE   ; 1      ; BLOCK_INPUT_MUX_X11_Y75_N0_I29             ; LEIM_INPUT                                                                 ;
;   355.834 ;   0.000  ; FF ; IC   ; 1      ; LABCELL_X11_Y75_N21                        ; emu|audio_reset_request|datac                                              ;
;   356.314 ;   0.480  ; FF ; CELL ; 22     ; LABCELL_X11_Y75_N21                        ; emu|audio_reset_request|combout                                            ;
;   356.314 ;   0.000  ;    ; RE   ; 2      ; LABCELL_X11_Y75_N21                        ; ARRIAV_LCELL_COMB                                                          ;
;   356.390 ;   0.076  ;    ; RE   ; 2      ; LE_BUFFER_X11_Y75_N0_I14                   ; LE_BUFFER                                                                  ;
;   356.575 ;   0.185  ;    ; RE   ; 2      ; R6_X6_Y75_N0_I21                           ; H_SEG6                                                                     ;
;   356.790 ;   0.215  ;    ; RE   ; 3      ; R3_X9_Y75_N0_I14                           ; H_SEG3                                                                     ;
;   356.951 ;   0.161  ;    ; RE   ; 1      ; LOCAL_INTERCONNECT_X11_Y75_N0_I22          ; LAB_LINE                                                                   ;
;   357.074 ;   0.123  ;    ; RE   ; 1      ; BLOCK_INPUT_MUX_PASSTHROUGH_X11_Y75_N0_I83 ; LEIM                                                                       ;
;   357.074 ;   0.000  ;    ; RE   ; 1      ; GLOBAL_LOCAL_SEL_X11_Y75_N0_I2             ; GLOBAL_LOCAL_SEL                                                           ;
;   357.074 ;   0.000  ;    ; RE   ; 6      ; LAB_INPUT_X11_Y75_N0_I3                    ; LAB_INPUT                                                                  ;
;   357.074 ;   0.000  ; FF ; IC   ; 1      ; FF_X11_Y75_N23                             ; emu|audio_flac_eos_sync[0]|clrn                                            ;
;   357.656 ;   0.582  ; FR ; CELL ; 1      ; FF_X11_Y75_N23                             ; emu:emu|audio_flac_eos_sync[0]                                             ;
+-----------+----------+----+------+--------+--------------------------------------------+----------------------------------------------------------------------------+

+------------------------------------------------------------------------------------------------------------------------------------------------------------------+
; Data Required Path                                                                                                                                               ;
+-----------+----------+----+------+--------+-----------------------------------------+----------------------------------------------------------------------------+
; Total     ; Incr     ; RF ; Type ; Fanout ; Location                                ; Element                                                                    ;
+-----------+----------+----+------+--------+-----------------------------------------+----------------------------------------------------------------------------+
; 351.842   ; 351.842  ;    ;      ;        ;                                         ; latch edge time                                                            ;
; 355.500   ; 3.658    ;    ;      ;        ;                                         ; clock path                                                                 ;
;   351.842 ;   0.000  ;    ;      ;        ;                                         ; source latency                                                             ;
;   351.842 ;   0.000  ;    ;      ; 1      ; PIN_Y13                                 ; FPGA_CLK2_50                                                               ;
;   351.842 ;   0.000  ;    ; RE   ; 1      ; IOPAD_X56_Y0_N0                         ; ARRIAV_IO_PAD                                                              ;
;   351.842 ;   0.000  ;    ; RE   ; 1      ; IO_PAD_OUTPUT_X56_Y0_N0_I1              ; IO_PAD_OUTPUT                                                              ;
;   351.842 ;   0.000  ;    ; RE   ; 1      ; IO_INPUT_BUFFER_INPUT_X56_Y0_N1_I0      ; IO_INPUT_BUFFER_INPUT                                                      ;
;   351.842 ;   0.000  ; RR ; IC   ; 1      ; IOIBUF_X56_Y0_N1                        ; FPGA_CLK2_50~input|i                                                       ;
;   352.603 ;   0.761  ; RR ; CELL ; 2      ; IOIBUF_X56_Y0_N1                        ; FPGA_CLK2_50~input|o                                                       ;
;   352.603 ;   0.000  ;    ; RE   ; 1      ; IOIBUF_X56_Y0_N1                        ; ARRIAV_IO_IBUF                                                             ;
;   352.603 ;   0.000  ;    ; RE   ; 1      ; IO_INPUT_BUFFER_OUTPUT_X56_Y0_N1_I2     ; IO_INPUT_BUFFER_OUTPUT                                                     ;
;   352.603 ;   0.000  ;    ; RE   ; 1      ; IO_RE_X56_Y0_N0_I96                     ; IO_RE                                                                      ;
;   352.986 ;   0.383  ;    ; RE   ; 2      ; IO_RE_X56_Y0_N0_I66                     ; IO_RE                                                                      ;
;   353.774 ;   0.788  ;    ; RE   ; 1      ; FF_PLL_RE_X89_Y0_N0_I3                  ; FF_PLL_RE                                                                  ;
;   353.774 ;   0.000  ;    ; RE   ; 1      ; F_PLL_BLOCK_RE_X89_Y0_N0_I2             ; F_PLL_BLOCK_RE                                                             ;
;   353.774 ;   0.000  ;    ; RE   ; 1      ; PLL_REFCLK_SELECT_INPUT_X89_Y7_N0_I2    ; PLL_REFCLK_SELECT_INPUT                                                    ;
;   353.774 ;   0.000  ; RR ; IC   ; 1      ; PLLREFCLKSELECT_X89_Y7_N0               ; emu|pll|pll_inst|altera_pll_i|general[0].gpll~PLL_REFCLK_SELECT|clkin[0]   ;
;   354.082 ;   0.308  ; RR ; CELL ; 1      ; PLLREFCLKSELECT_X89_Y7_N0               ; emu|pll|pll_inst|altera_pll_i|general[0].gpll~PLL_REFCLK_SELECT|clkout     ;
;   354.082 ;   0.000  ;    ; RE   ; 2      ; PLLREFCLKSELECT_X89_Y7_N0               ; CYCLONEV_PLL_REFCLK_SELECT                                                 ;
;   354.082 ;   0.000  ;    ; RE   ; 1      ; PLL_REFCLK_SELECT_OUTPUT_X89_Y7_N0_I15  ; PLL_REFCLK_SELECT_OUTPUT                                                   ;
;   354.082 ;   0.000  ;    ; RE   ; 1      ; FRACTIONAL_PLL_INPUT_X89_Y1_N0_I7       ; FRACTIONAL_PLL_INPUT                                                       ;
;   354.082 ;   0.000  ; RR ; IC   ; 10     ; FRACTIONALPLL_X89_Y1_N0                 ; emu|pll|pll_inst|altera_pll_i|general[0].gpll~FRACTIONAL_PLL|refclkin      ;
;   349.150 ;   -4.932 ; RR ; COMP ; 3      ; FRACTIONALPLL_X89_Y1_N0                 ; emu|pll|pll_inst|altera_pll_i|general[0].gpll~FRACTIONAL_PLL|vcoph[0]      ;
;   349.150 ;   0.000  ;    ; RE   ; 19     ; FRACTIONALPLL_X89_Y1_N0                 ; CYCLONEV_FRACTIONAL_PLL                                                    ;
;   349.150 ;   0.000  ;    ; RE   ; 1      ; FRACTIONAL_PLL_OUTPUT_X89_Y1_N0_I19     ; FRACTIONAL_PLL_OUTPUT                                                      ;
;   349.150 ;   0.000  ;    ; RE   ; 3      ; F_PLL_BLOCK_RE_X89_Y0_N0_I109           ; F_PLL_BLOCK_RE                                                             ;
;   349.150 ;   0.000  ;    ; RE   ; 1      ; PLL_OUTPUT_COUNTER_INPUT_X89_Y0_N1_I7   ; PLL_OUTPUT_COUNTER_INPUT                                                   ;
;   349.150 ;   0.000  ; RR ; IC   ; 1      ; PLLOUTPUTCOUNTER_X89_Y0_N1              ; emu|pll|pll_inst|altera_pll_i|general[2].gpll~PLL_OUTPUT_COUNTER|vco0ph[0] ;
;   350.418 ;   1.268  ; RR ; CELL ; 1      ; PLLOUTPUTCOUNTER_X89_Y0_N1              ; emu|pll|pll_inst|altera_pll_i|general[2].gpll~PLL_OUTPUT_COUNTER|divclk    ;
;   350.418 ;   0.000  ;    ; RE   ; 1      ; PLLOUTPUTCOUNTER_X89_Y0_N1              ; CYCLONEV_PLL_OUTPUT_COUNTER                                                ;
;   350.418 ;   0.000  ;    ; RE   ; 1      ; PLL_OUTPUT_COUNTER_OUTPUT_X89_Y0_N1_I16 ; PLL_OUTPUT_COUNTER_OUTPUT                                                  ;
;   350.855 ;   0.437  ;    ; RE   ; 1      ; FF_PLL_RE_X89_Y0_N0_I101                ; FF_PLL_RE                                                                  ;
;   351.362 ;   0.507  ;    ; RE   ; 1      ; CLKBUF_CLUSTER_RE_X89_Y35_N3_I433       ; CLKBUF_CLUSTER_RE                                                          ;
;   351.362 ;   0.000  ;    ; RE   ; 1      ; CLKBUF_CLUSTER_RE_X89_Y35_N3_I563       ; CLKBUF_CLUSTER_RE                                                          ;
;   351.362 ;   0.000  ;    ; RE   ; 1      ; GCLK_CLUSTER_RE_X89_Y35_N6_I10          ; GCLK_CLUSTER_RE                                                            ;
;   351.362 ;   0.000  ;    ; RE   ; 1      ; CLKBUFBLOCK_INPUT_X89_Y35_N7_I0         ; CLKBUFBLOCK_INPUT                                                          ;
;   351.362 ;   0.000  ; RR ; IC   ; 1      ; CLKCTRL_G9                              ; emu|pll|pll_inst|altera_pll_i|outclk_wire[2]~CLKENA0|inclk                 ;
;   351.658 ;   0.296  ; RR ; CELL ; 32647  ; CLKCTRL_G9                              ; emu|pll|pll_inst|altera_pll_i|outclk_wire[2]~CLKENA0|outclk                ;
;   351.658 ;   0.000  ;    ; RE   ; 1      ; CLKCTRL_G9                              ; ARRIAV_CLKBUF                                                              ;
;   351.658 ;   0.000  ;    ; RE   ; 1      ; CLKBUFBLOCK_OUTPUT_X89_Y35_N7_I2        ; CLKBUFBLOCK_OUTPUT                                                         ;
;   351.658 ;   0.000  ;    ; RE   ; 1      ; GCLK_CLUSTER_RE_X89_Y35_N6_I12          ; GCLK_CLUSTER_RE                                                            ;
;   351.658 ;   0.000  ;    ; RE   ; 1      ; CLKBUF_CLUSTER_RE_X89_Y35_N3_I416       ; CLKBUF_CLUSTER_RE                                                          ;
;   352.407 ;   0.749  ;    ; RE   ; 12     ; GLOBAL_CLOCK_X0_Y36_N0_I9               ; GLOBAL_CLOCK                                                               ;
;   352.562 ;   0.155  ;    ; RE   ; 7      ; SPINE_CLOCK_X15_Y59_N0_I7               ; SPINE_CLOCK                                                                ;
;   352.936 ;   0.374  ;    ; RE   ; 1      ; SCLK_TO_ROWCLK_BUF_X15_Y75_N0_I42       ; SCLK_TO_ROWCLK_BUF                                                         ;
;   353.008 ;   0.072  ;    ; RE   ; 1      ; SCLK_TO_ROWCLK_BUF_X15_Y75_N0_I45       ; SCLK_TO_ROWCLK_BUF                                                         ;
;   353.420 ;   0.412  ;    ; RE   ; 6      ; LAB_CLK_X0_Y75_N0_I2                    ; LAB_CLK                                                                    ;
;   353.547 ;   0.127  ;    ; RE   ; 1      ; BLK_CLK_BUF_X11_Y75_N0_I2               ; BLK_CLK_BUF                                                                ;
;   353.592 ;   0.045  ;    ; RE   ; 1      ; ROWCLKSEL_PREBUF_X11_Y75_N0_I2          ; ROWCLKSEL_PREBUF                                                           ;
;   353.638 ;   0.046  ;    ; RE   ; 1      ; ROWCLKSEL_X11_Y75_N0_I0                 ; ROWCLKSEL                                                                  ;
;   353.638 ;   0.000  ;    ; RE   ; 1      ; GLOBAL_LOCAL_SEL_X11_Y75_N0_I0          ; GLOBAL_LOCAL_SEL                                                           ;
;   353.638 ;   0.000  ;    ; RE   ; 6      ; LAB_INPUT_X11_Y75_N0_I0                 ; LAB_INPUT                                                                  ;
;   353.638 ;   0.000  ; RR ; IC   ; 1      ; FF_X11_Y75_N23                          ; emu|audio_flac_eos_sync[0]|clk                                             ;
;   354.147 ;   0.509  ; RR ; CELL ; 1      ; FF_X11_Y75_N23                          ; emu:emu|audio_flac_eos_sync[0]                                             ;
;   355.500 ;   1.353  ;    ;      ;        ;                                         ; clock pessimism removed                                                    ;
; 355.340   ; -0.160   ;    ;      ;        ;                                         ; clock uncertainty                                                          ;
; 355.340   ; 0.000    ;    ; uTsu ; 1      ; FF_X11_Y75_N23                          ; emu:emu|audio_flac_eos_sync[0]                                             ;
+-----------+----------+----+------+--------+-----------------------------------------+----------------------------------------------------------------------------+

----------------------------
; Extra Fitter Information ;
----------------------------
HTML report is unavailable in plain text report export.


Path #24: Recovery slack is -2.311 (VIOLATED)
===============================================================================
+----------------------------------------------------------------------------------------------+
; Path Summary                                                                                 ;
+--------------------+-------------------------------------------------------------------------+
; Property           ; Value                                                                   ;
+--------------------+-------------------------------------------------------------------------+
; From Node          ; emu:emu|audio_reset_stretch[3]                                          ;
; To Node            ; emu:emu|audio_mode_src[2]                                               ;
; Launch Clock       ; emu|pll|pll_inst|altera_pll_i|general[0].gpll~PLL_OUTPUT_COUNTER|divclk ;
; Latch Clock        ; emu|pll|pll_inst|altera_pll_i|general[2].gpll~PLL_OUTPUT_COUNTER|divclk ;
; Data Arrival Time  ; 357.645                                                                 ;
; Data Required Time ; 355.334                                                                 ;
; Slack              ; -2.311 (VIOLATED)                                                       ;
+--------------------+-------------------------------------------------------------------------+

+--------------------------------------------------------------------------------------+
; Statistics                                                                           ;
+------------------------+--------+-------+-------------+------------+--------+--------+
; Property               ; Value  ; Count ; Total Delay ; % of Total ; Min    ; Max    ;
+------------------------+--------+-------+-------------+------------+--------+--------+
; Recovery Relationship  ; 1.842  ;       ;             ;            ;        ;        ;
; Clock Skew             ; -0.880 ;       ;             ;            ;        ;        ;
; Data Delay             ; 3.113  ;       ;             ;            ;        ;        ;
; Number of Logic Levels ;        ; 2     ;             ;            ;        ;        ;
; Physical Delays        ;        ;       ;             ;            ;        ;        ;
;  Arrival Path          ;        ;       ;             ;            ;        ;        ;
;   Clock                ;        ;       ;             ;            ;        ;        ;
;    IC                  ;        ; 6     ; -0.001      ; 0          ; -0.001 ; 0.000  ;
;    Cell                ;        ; 5     ; 3.525       ; 42         ; 0.322  ; 1.535  ;
;    PLL Compensation    ;        ; 1     ; -3.768      ; 0          ; -3.768 ; -3.768 ;
;    Routing Element     ;        ; 38    ; 4.776       ; 58         ; 0.000  ; 1.135  ;
;   Data                 ;        ;       ;             ;            ;        ;        ;
;    IC                  ;        ; 3     ; 0.000       ; 0          ; -0.001 ; 0.001  ;
;    Cell                ;        ; 4     ; 1.672       ; 54         ; 0.000  ; 0.623  ;
;    uTco                ;        ; 1     ; 0.000       ; 0          ; 0.000  ; 0.000  ;
;    Routing Element     ;        ; 15    ; 1.441       ; 46         ; 0.000  ; 0.200  ;
;  Required Path         ;        ;       ;             ;            ;        ;        ;
;   Clock                ;        ;       ;             ;            ;        ;        ;
;    IC                  ;        ; 6     ; 0.000       ; 0          ; 0.000  ; 0.000  ;
;    Cell                ;        ; 5     ; 3.136       ; 43         ; 0.296  ; 1.268  ;
;    PLL Compensation    ;        ; 1     ; -4.932      ; 0          ; -4.932 ; -4.932 ;
;    Routing Element     ;        ; 38    ; 4.095       ; 57         ; 0.000  ; 0.788  ;
+------------------------+--------+-------+-------------+------------+--------+--------+
Note: Negative delays are omitted from totals when calculating percentages

+---------------------------------------------------------------------------------------------------------------------------------------------------------------------+
; Data Arrival Path                                                                                                                                                   ;
+-----------+----------+----+------+--------+--------------------------------------------+----------------------------------------------------------------------------+
; Total     ; Incr     ; RF ; Type ; Fanout ; Location                                   ; Element                                                                    ;
+-----------+----------+----+------+--------+--------------------------------------------+----------------------------------------------------------------------------+
; 350.000   ; 350.000  ;    ;      ;        ;                                            ; launch edge time                                                           ;
; 354.532   ; 4.532    ;    ;      ;        ;                                            ; clock path                                                                 ;
;   350.000 ;   0.000  ;    ;      ;        ;                                            ; source latency                                                             ;
;   350.000 ;   0.000  ;    ;      ; 1      ; PIN_Y13                                    ; FPGA_CLK2_50                                                               ;
;   350.000 ;   0.000  ;    ; RE   ; 1      ; IOPAD_X56_Y0_N0                            ; ARRIAV_IO_PAD                                                              ;
;   350.000 ;   0.000  ;    ; RE   ; 1      ; IO_PAD_OUTPUT_X56_Y0_N0_I1                 ; IO_PAD_OUTPUT                                                              ;
;   350.000 ;   0.000  ;    ; RE   ; 1      ; IO_INPUT_BUFFER_INPUT_X56_Y0_N1_I0         ; IO_INPUT_BUFFER_INPUT                                                      ;
;   350.000 ;   0.000  ; RR ; IC   ; 1      ; IOIBUF_X56_Y0_N1                           ; FPGA_CLK2_50~input|i                                                       ;
;   350.761 ;   0.761  ; RR ; CELL ; 2      ; IOIBUF_X56_Y0_N1                           ; FPGA_CLK2_50~input|o                                                       ;
;   350.761 ;   0.000  ;    ; RE   ; 1      ; IOIBUF_X56_Y0_N1                           ; ARRIAV_IO_IBUF                                                             ;
;   350.761 ;   0.000  ;    ; RE   ; 1      ; IO_INPUT_BUFFER_OUTPUT_X56_Y0_N1_I2        ; IO_INPUT_BUFFER_OUTPUT                                                     ;
;   350.761 ;   0.000  ;    ; RE   ; 1      ; IO_RE_X56_Y0_N0_I96                        ; IO_RE                                                                      ;
;   351.260 ;   0.499  ;    ; RE   ; 2      ; IO_RE_X56_Y0_N0_I66                        ; IO_RE                                                                      ;
;   352.096 ;   0.836  ;    ; RE   ; 1      ; FF_PLL_RE_X89_Y0_N0_I3                     ; FF_PLL_RE                                                                  ;
;   352.096 ;   0.000  ;    ; RE   ; 1      ; F_PLL_BLOCK_RE_X89_Y0_N0_I2                ; F_PLL_BLOCK_RE                                                             ;
;   352.096 ;   0.000  ;    ; RE   ; 1      ; PLL_REFCLK_SELECT_INPUT_X89_Y7_N0_I2       ; PLL_REFCLK_SELECT_INPUT                                                    ;
;   352.096 ;   0.000  ; RR ; IC   ; 1      ; PLLREFCLKSELECT_X89_Y7_N0                  ; emu|pll|pll_inst|altera_pll_i|general[0].gpll~PLL_REFCLK_SELECT|clkin[0]   ;
;   352.429 ;   0.333  ; RR ; CELL ; 1      ; PLLREFCLKSELECT_X89_Y7_N0                  ; emu|pll|pll_inst|altera_pll_i|general[0].gpll~PLL_REFCLK_SELECT|clkout     ;
;   352.429 ;   0.000  ;    ; RE   ; 2      ; PLLREFCLKSELECT_X89_Y7_N0                  ; CYCLONEV_PLL_REFCLK_SELECT                                                 ;
;   352.429 ;   0.000  ;    ; RE   ; 1      ; PLL_REFCLK_SELECT_OUTPUT_X89_Y7_N0_I15     ; PLL_REFCLK_SELECT_OUTPUT                                                   ;
;   352.429 ;   0.000  ;    ; RE   ; 1      ; FRACTIONAL_PLL_INPUT_X89_Y1_N0_I7          ; FRACTIONAL_PLL_INPUT                                                       ;
;   352.429 ;   0.000  ; RR ; IC   ; 10     ; FRACTIONALPLL_X89_Y1_N0                    ; emu|pll|pll_inst|altera_pll_i|general[0].gpll~FRACTIONAL_PLL|refclkin      ;
;   348.661 ;   -3.768 ; RR ; COMP ; 3      ; FRACTIONALPLL_X89_Y1_N0                    ; emu|pll|pll_inst|altera_pll_i|general[0].gpll~FRACTIONAL_PLL|vcoph[0]      ;
;   348.661 ;   0.000  ;    ; RE   ; 19     ; FRACTIONALPLL_X89_Y1_N0                    ; CYCLONEV_FRACTIONAL_PLL                                                    ;
;   348.661 ;   0.000  ;    ; RE   ; 1      ; FRACTIONAL_PLL_OUTPUT_X89_Y1_N0_I19        ; FRACTIONAL_PLL_OUTPUT                                                      ;
;   348.661 ;   0.000  ;    ; RE   ; 3      ; F_PLL_BLOCK_RE_X89_Y0_N0_I109              ; F_PLL_BLOCK_RE                                                             ;
;   348.661 ;   0.000  ;    ; RE   ; 1      ; PLL_OUTPUT_COUNTER_INPUT_X89_Y2_N1_I7      ; PLL_OUTPUT_COUNTER_INPUT                                                   ;
;   348.661 ;   0.000  ; RR ; IC   ; 1      ; PLLOUTPUTCOUNTER_X89_Y2_N1                 ; emu|pll|pll_inst|altera_pll_i|general[0].gpll~PLL_OUTPUT_COUNTER|vco0ph[0] ;
;   350.196 ;   1.535  ; RR ; CELL ; 1      ; PLLOUTPUTCOUNTER_X89_Y2_N1                 ; emu|pll|pll_inst|altera_pll_i|general[0].gpll~PLL_OUTPUT_COUNTER|divclk    ;
;   350.196 ;   0.000  ;    ; RE   ; 1      ; PLLOUTPUTCOUNTER_X89_Y2_N1                 ; CYCLONEV_PLL_OUTPUT_COUNTER                                                ;
;   350.196 ;   0.000  ;    ; RE   ; 1      ; PLL_OUTPUT_COUNTER_OUTPUT_X89_Y2_N1_I16    ; PLL_OUTPUT_COUNTER_OUTPUT                                                  ;
;   350.676 ;   0.480  ;    ; RE   ; 1      ; FF_PLL_RE_X89_Y0_N0_I103                   ; FF_PLL_RE                                                                  ;
;   351.215 ;   0.539  ;    ; RE   ; 1      ; CLKBUF_CLUSTER_RE_X89_Y35_N3_I435          ; CLKBUF_CLUSTER_RE                                                          ;
;   351.215 ;   0.000  ;    ; RE   ; 1      ; CLKBUF_CLUSTER_RE_X89_Y35_N3_I693          ; CLKBUF_CLUSTER_RE                                                          ;
;   351.215 ;   0.000  ;    ; RE   ; 1      ; GCLK_CLUSTER_RE_X89_Y35_N12_I10            ; GCLK_CLUSTER_RE                                                            ;
;   351.215 ;   0.000  ;    ; RE   ; 1      ; CLKBUFBLOCK_INPUT_X89_Y35_N13_I0           ; CLKBUFBLOCK_INPUT                                                          ;
;   351.215 ;   0.000  ; RR ; IC   ; 1      ; CLKCTRL_G11                                ; emu|pll|pll_inst|altera_pll_i|outclk_wire[0]~CLKENA0|inclk                 ;
;   351.537 ;   0.322  ; RR ; CELL ; 1342   ; CLKCTRL_G11                                ; emu|pll|pll_inst|altera_pll_i|outclk_wire[0]~CLKENA0|outclk                ;
;   351.537 ;   0.000  ;    ; RE   ; 1      ; CLKCTRL_G11                                ; ARRIAV_CLKBUF                                                              ;
;   351.537 ;   0.000  ;    ; RE   ; 1      ; CLKBUFBLOCK_OUTPUT_X89_Y35_N13_I2          ; CLKBUFBLOCK_OUTPUT                                                         ;
;   351.537 ;   0.000  ;    ; RE   ; 1      ; GCLK_CLUSTER_RE_X89_Y35_N12_I12            ; GCLK_CLUSTER_RE                                                            ;
;   351.537 ;   0.000  ;    ; RE   ; 1      ; CLKBUF_CLUSTER_RE_X89_Y35_N3_I418          ; CLKBUF_CLUSTER_RE                                                          ;
;   352.672 ;   1.135  ;    ; RE   ; 7      ; GLOBAL_CLOCK_X0_Y36_N0_I11                 ; GLOBAL_CLOCK                                                               ;
;   352.820 ;   0.148  ;    ; RE   ; 20     ; SPINE_CLOCK_X15_Y59_N0_I19                 ; SPINE_CLOCK                                                                ;
;   353.207 ;   0.387  ;    ; RE   ; 1      ; SCLK_TO_ROWCLK_BUF_X15_Y75_N0_I115         ; SCLK_TO_ROWCLK_BUF                                                         ;
;   353.291 ;   0.084  ;    ; RE   ; 2      ; SCLK_TO_ROWCLK_BUF_X15_Y75_N0_I118         ; SCLK_TO_ROWCLK_BUF                                                         ;
;   353.724 ;   0.433  ;    ; RE   ; 3      ; LAB_CLK_X0_Y75_N0_I5                       ; LAB_CLK                                                                    ;
;   353.862 ;   0.138  ;    ; RE   ; 1      ; BLK_CLK_BUF_X12_Y75_N0_I5                  ; BLK_CLK_BUF                                                                ;
;   353.909 ;   0.047  ;    ; RE   ; 1      ; ROWCLKSEL_PREBUF_X12_Y75_N0_I5             ; ROWCLKSEL_PREBUF                                                           ;
;   353.959 ;   0.050  ;    ; RE   ; 1      ; ROWCLKSEL_X12_Y75_N0_I0                    ; ROWCLKSEL                                                                  ;
;   353.959 ;   0.000  ;    ; RE   ; 2      ; GLOBAL_LOCAL_SEL_X12_Y75_N0_I0             ; GLOBAL_LOCAL_SEL                                                           ;
;   353.959 ;   0.000  ;    ; RE   ; 15     ; LAB_INPUT_X12_Y75_N0_I1                    ; LAB_INPUT                                                                  ;
;   353.958 ;   -0.001 ; RR ; IC   ; 1      ; FF_X12_Y75_N32                             ; emu|audio_reset_stretch[3]|clk                                             ;
;   354.532 ;   0.574  ; RR ; CELL ; 1      ; FF_X12_Y75_N32                             ; emu:emu|audio_reset_stretch[3]                                             ;
; 357.645   ; 3.113    ;    ;      ;        ;                                            ; data path                                                                  ;
;   354.532 ;   0.000  ;    ; uTco ; 1      ; FF_X12_Y75_N32                             ; emu:emu|audio_reset_stretch[3]                                             ;
;   354.532 ;   0.000  ; RR ; CELL ; 2      ; FF_X12_Y75_N32                             ; emu|audio_reset_stretch[3]|q                                               ;
;   354.604 ;   0.072  ;    ; RE   ; 1      ; FF_X12_Y75_N32                             ; ARRIAV_FF                                                                  ;
;   354.738 ;   0.134  ;    ; RE   ; 2      ; LOCAL_LINE_X12_Y75_N0_I10                  ; LOCAL_LINE                                                                 ;
;   354.880 ;   0.142  ;    ; RE   ; 1      ; BLOCK_INPUT_MUX_X12_Y75_N0_I5              ; LEIM_INPUT                                                                 ;
;   354.880 ;   0.000  ; RR ; IC   ; 1      ; LABCELL_X12_Y75_N3                         ; emu|Equal4~0|datac                                                         ;
;   355.379 ;   0.499  ; RF ; CELL ; 6      ; LABCELL_X12_Y75_N3                         ; emu|Equal4~0|combout                                                       ;
;   355.379 ;   0.000  ;    ; RE   ; 2      ; LABCELL_X12_Y75_N3                         ; ARRIAV_LCELL_COMB                                                          ;
;   355.468 ;   0.089  ;    ; RE   ; 2      ; LE_BUFFER_X12_Y75_N0_I3                    ; LE_BUFFER                                                                  ;
;   355.612 ;   0.144  ;    ; RE   ; 1      ; LOCAL_INTERCONNECT_X11_Y75_N0_I1           ; LAB_LINE                                                                   ;
;   355.711 ;   0.099  ;    ; RE   ; 1      ; BLOCK_INPUT_MUX_X11_Y75_N0_I26             ; LEIM_INPUT                                                                 ;
;   355.710 ;   -0.001 ; FF ; IC   ; 1      ; LABCELL_X11_Y75_N21                        ; emu|audio_reset_request|dataa                                              ;
;   356.260 ;   0.550  ; FR ; CELL ; 22     ; LABCELL_X11_Y75_N21                        ; emu|audio_reset_request|combout                                            ;
;   356.260 ;   0.000  ;    ; RE   ; 2      ; LABCELL_X11_Y75_N21                        ; ARRIAV_LCELL_COMB                                                          ;
;   356.353 ;   0.093  ;    ; RE   ; 2      ; LE_BUFFER_X11_Y75_N0_I14                   ; LE_BUFFER                                                                  ;
;   356.519 ;   0.166  ;    ; RE   ; 2      ; R6_X6_Y75_N0_I21                           ; H_SEG6                                                                     ;
;   356.673 ;   0.154  ;    ; RE   ; 3      ; R3_X9_Y75_N0_I14                           ; H_SEG3                                                                     ;
;   356.821 ;   0.148  ;    ; RE   ; 1      ; LOCAL_INTERCONNECT_X11_Y75_N0_I22          ; LAB_LINE                                                                   ;
;   357.021 ;   0.200  ;    ; RE   ; 1      ; BLOCK_INPUT_MUX_PASSTHROUGH_X11_Y75_N0_I83 ; LEIM                                                                       ;
;   357.021 ;   0.000  ;    ; RE   ; 1      ; GLOBAL_LOCAL_SEL_X11_Y75_N0_I2             ; GLOBAL_LOCAL_SEL                                                           ;
;   357.021 ;   0.000  ;    ; RE   ; 6      ; LAB_INPUT_X11_Y75_N0_I3                    ; LAB_INPUT                                                                  ;
;   357.022 ;   0.001  ; RR ; IC   ; 1      ; FF_X11_Y75_N56                             ; emu|audio_mode_src[2]|clrn                                                 ;
;   357.645 ;   0.623  ; RF ; CELL ; 1      ; FF_X11_Y75_N56                             ; emu:emu|audio_mode_src[2]                                                  ;
+-----------+----------+----+------+--------+--------------------------------------------+----------------------------------------------------------------------------+

+------------------------------------------------------------------------------------------------------------------------------------------------------------------+
; Data Required Path                                                                                                                                               ;
+-----------+----------+----+------+--------+-----------------------------------------+----------------------------------------------------------------------------+
; Total     ; Incr     ; RF ; Type ; Fanout ; Location                                ; Element                                                                    ;
+-----------+----------+----+------+--------+-----------------------------------------+----------------------------------------------------------------------------+
; 351.842   ; 351.842  ;    ;      ;        ;                                         ; latch edge time                                                            ;
; 355.494   ; 3.652    ;    ;      ;        ;                                         ; clock path                                                                 ;
;   351.842 ;   0.000  ;    ;      ;        ;                                         ; source latency                                                             ;
;   351.842 ;   0.000  ;    ;      ; 1      ; PIN_Y13                                 ; FPGA_CLK2_50                                                               ;
;   351.842 ;   0.000  ;    ; RE   ; 1      ; IOPAD_X56_Y0_N0                         ; ARRIAV_IO_PAD                                                              ;
;   351.842 ;   0.000  ;    ; RE   ; 1      ; IO_PAD_OUTPUT_X56_Y0_N0_I1              ; IO_PAD_OUTPUT                                                              ;
;   351.842 ;   0.000  ;    ; RE   ; 1      ; IO_INPUT_BUFFER_INPUT_X56_Y0_N1_I0      ; IO_INPUT_BUFFER_INPUT                                                      ;
;   351.842 ;   0.000  ; RR ; IC   ; 1      ; IOIBUF_X56_Y0_N1                        ; FPGA_CLK2_50~input|i                                                       ;
;   352.603 ;   0.761  ; RR ; CELL ; 2      ; IOIBUF_X56_Y0_N1                        ; FPGA_CLK2_50~input|o                                                       ;
;   352.603 ;   0.000  ;    ; RE   ; 1      ; IOIBUF_X56_Y0_N1                        ; ARRIAV_IO_IBUF                                                             ;
;   352.603 ;   0.000  ;    ; RE   ; 1      ; IO_INPUT_BUFFER_OUTPUT_X56_Y0_N1_I2     ; IO_INPUT_BUFFER_OUTPUT                                                     ;
;   352.603 ;   0.000  ;    ; RE   ; 1      ; IO_RE_X56_Y0_N0_I96                     ; IO_RE                                                                      ;
;   352.986 ;   0.383  ;    ; RE   ; 2      ; IO_RE_X56_Y0_N0_I66                     ; IO_RE                                                                      ;
;   353.774 ;   0.788  ;    ; RE   ; 1      ; FF_PLL_RE_X89_Y0_N0_I3                  ; FF_PLL_RE                                                                  ;
;   353.774 ;   0.000  ;    ; RE   ; 1      ; F_PLL_BLOCK_RE_X89_Y0_N0_I2             ; F_PLL_BLOCK_RE                                                             ;
;   353.774 ;   0.000  ;    ; RE   ; 1      ; PLL_REFCLK_SELECT_INPUT_X89_Y7_N0_I2    ; PLL_REFCLK_SELECT_INPUT                                                    ;
;   353.774 ;   0.000  ; RR ; IC   ; 1      ; PLLREFCLKSELECT_X89_Y7_N0               ; emu|pll|pll_inst|altera_pll_i|general[0].gpll~PLL_REFCLK_SELECT|clkin[0]   ;
;   354.082 ;   0.308  ; RR ; CELL ; 1      ; PLLREFCLKSELECT_X89_Y7_N0               ; emu|pll|pll_inst|altera_pll_i|general[0].gpll~PLL_REFCLK_SELECT|clkout     ;
;   354.082 ;   0.000  ;    ; RE   ; 2      ; PLLREFCLKSELECT_X89_Y7_N0               ; CYCLONEV_PLL_REFCLK_SELECT                                                 ;
;   354.082 ;   0.000  ;    ; RE   ; 1      ; PLL_REFCLK_SELECT_OUTPUT_X89_Y7_N0_I15  ; PLL_REFCLK_SELECT_OUTPUT                                                   ;
;   354.082 ;   0.000  ;    ; RE   ; 1      ; FRACTIONAL_PLL_INPUT_X89_Y1_N0_I7       ; FRACTIONAL_PLL_INPUT                                                       ;
;   354.082 ;   0.000  ; RR ; IC   ; 10     ; FRACTIONALPLL_X89_Y1_N0                 ; emu|pll|pll_inst|altera_pll_i|general[0].gpll~FRACTIONAL_PLL|refclkin      ;
;   349.150 ;   -4.932 ; RR ; COMP ; 3      ; FRACTIONALPLL_X89_Y1_N0                 ; emu|pll|pll_inst|altera_pll_i|general[0].gpll~FRACTIONAL_PLL|vcoph[0]      ;
;   349.150 ;   0.000  ;    ; RE   ; 19     ; FRACTIONALPLL_X89_Y1_N0                 ; CYCLONEV_FRACTIONAL_PLL                                                    ;
;   349.150 ;   0.000  ;    ; RE   ; 1      ; FRACTIONAL_PLL_OUTPUT_X89_Y1_N0_I19     ; FRACTIONAL_PLL_OUTPUT                                                      ;
;   349.150 ;   0.000  ;    ; RE   ; 3      ; F_PLL_BLOCK_RE_X89_Y0_N0_I109           ; F_PLL_BLOCK_RE                                                             ;
;   349.150 ;   0.000  ;    ; RE   ; 1      ; PLL_OUTPUT_COUNTER_INPUT_X89_Y0_N1_I7   ; PLL_OUTPUT_COUNTER_INPUT                                                   ;
;   349.150 ;   0.000  ; RR ; IC   ; 1      ; PLLOUTPUTCOUNTER_X89_Y0_N1              ; emu|pll|pll_inst|altera_pll_i|general[2].gpll~PLL_OUTPUT_COUNTER|vco0ph[0] ;
;   350.418 ;   1.268  ; RR ; CELL ; 1      ; PLLOUTPUTCOUNTER_X89_Y0_N1              ; emu|pll|pll_inst|altera_pll_i|general[2].gpll~PLL_OUTPUT_COUNTER|divclk    ;
;   350.418 ;   0.000  ;    ; RE   ; 1      ; PLLOUTPUTCOUNTER_X89_Y0_N1              ; CYCLONEV_PLL_OUTPUT_COUNTER                                                ;
;   350.418 ;   0.000  ;    ; RE   ; 1      ; PLL_OUTPUT_COUNTER_OUTPUT_X89_Y0_N1_I16 ; PLL_OUTPUT_COUNTER_OUTPUT                                                  ;
;   350.855 ;   0.437  ;    ; RE   ; 1      ; FF_PLL_RE_X89_Y0_N0_I101                ; FF_PLL_RE                                                                  ;
;   351.362 ;   0.507  ;    ; RE   ; 1      ; CLKBUF_CLUSTER_RE_X89_Y35_N3_I433       ; CLKBUF_CLUSTER_RE                                                          ;
;   351.362 ;   0.000  ;    ; RE   ; 1      ; CLKBUF_CLUSTER_RE_X89_Y35_N3_I563       ; CLKBUF_CLUSTER_RE                                                          ;
;   351.362 ;   0.000  ;    ; RE   ; 1      ; GCLK_CLUSTER_RE_X89_Y35_N6_I10          ; GCLK_CLUSTER_RE                                                            ;
;   351.362 ;   0.000  ;    ; RE   ; 1      ; CLKBUFBLOCK_INPUT_X89_Y35_N7_I0         ; CLKBUFBLOCK_INPUT                                                          ;
;   351.362 ;   0.000  ; RR ; IC   ; 1      ; CLKCTRL_G9                              ; emu|pll|pll_inst|altera_pll_i|outclk_wire[2]~CLKENA0|inclk                 ;
;   351.658 ;   0.296  ; RR ; CELL ; 32647  ; CLKCTRL_G9                              ; emu|pll|pll_inst|altera_pll_i|outclk_wire[2]~CLKENA0|outclk                ;
;   351.658 ;   0.000  ;    ; RE   ; 1      ; CLKCTRL_G9                              ; ARRIAV_CLKBUF                                                              ;
;   351.658 ;   0.000  ;    ; RE   ; 1      ; CLKBUFBLOCK_OUTPUT_X89_Y35_N7_I2        ; CLKBUFBLOCK_OUTPUT                                                         ;
;   351.658 ;   0.000  ;    ; RE   ; 1      ; GCLK_CLUSTER_RE_X89_Y35_N6_I12          ; GCLK_CLUSTER_RE                                                            ;
;   351.658 ;   0.000  ;    ; RE   ; 1      ; CLKBUF_CLUSTER_RE_X89_Y35_N3_I416       ; CLKBUF_CLUSTER_RE                                                          ;
;   352.407 ;   0.749  ;    ; RE   ; 12     ; GLOBAL_CLOCK_X0_Y36_N0_I9               ; GLOBAL_CLOCK                                                               ;
;   352.562 ;   0.155  ;    ; RE   ; 7      ; SPINE_CLOCK_X15_Y59_N0_I7               ; SPINE_CLOCK                                                                ;
;   352.936 ;   0.374  ;    ; RE   ; 1      ; SCLK_TO_ROWCLK_BUF_X15_Y75_N0_I42       ; SCLK_TO_ROWCLK_BUF                                                         ;
;   353.008 ;   0.072  ;    ; RE   ; 1      ; SCLK_TO_ROWCLK_BUF_X15_Y75_N0_I45       ; SCLK_TO_ROWCLK_BUF                                                         ;
;   353.420 ;   0.412  ;    ; RE   ; 6      ; LAB_CLK_X0_Y75_N0_I2                    ; LAB_CLK                                                                    ;
;   353.547 ;   0.127  ;    ; RE   ; 1      ; BLK_CLK_BUF_X11_Y75_N0_I2               ; BLK_CLK_BUF                                                                ;
;   353.592 ;   0.045  ;    ; RE   ; 1      ; ROWCLKSEL_PREBUF_X11_Y75_N0_I2          ; ROWCLKSEL_PREBUF                                                           ;
;   353.638 ;   0.046  ;    ; RE   ; 1      ; ROWCLKSEL_X11_Y75_N0_I0                 ; ROWCLKSEL                                                                  ;
;   353.638 ;   0.000  ;    ; RE   ; 1      ; GLOBAL_LOCAL_SEL_X11_Y75_N0_I0          ; GLOBAL_LOCAL_SEL                                                           ;
;   353.638 ;   0.000  ;    ; RE   ; 6      ; LAB_INPUT_X11_Y75_N0_I0                 ; LAB_INPUT                                                                  ;
;   353.638 ;   0.000  ; RR ; IC   ; 1      ; FF_X11_Y75_N56                          ; emu|audio_mode_src[2]|clk                                                  ;
;   354.141 ;   0.503  ; RR ; CELL ; 1      ; FF_X11_Y75_N56                          ; emu:emu|audio_mode_src[2]                                                  ;
;   355.494 ;   1.353  ;    ;      ;        ;                                         ; clock pessimism removed                                                    ;
; 355.334   ; -0.160   ;    ;      ;        ;                                         ; clock uncertainty                                                          ;
; 355.334   ; 0.000    ;    ; uTsu ; 1      ; FF_X11_Y75_N56                          ; emu:emu|audio_mode_src[2]                                                  ;
+-----------+----------+----+------+--------+-----------------------------------------+----------------------------------------------------------------------------+

----------------------------
; Extra Fitter Information ;
----------------------------
HTML report is unavailable in plain text report export.


Path #25: Recovery slack is -2.311 (VIOLATED)
===============================================================================
+----------------------------------------------------------------------------------------------+
; Path Summary                                                                                 ;
+--------------------+-------------------------------------------------------------------------+
; Property           ; Value                                                                   ;
+--------------------+-------------------------------------------------------------------------+
; From Node          ; emu:emu|audio_reset_stretch[3]                                          ;
; To Node            ; emu:emu|audio_flac_eos_sync[1]                                          ;
; Launch Clock       ; emu|pll|pll_inst|altera_pll_i|general[0].gpll~PLL_OUTPUT_COUNTER|divclk ;
; Latch Clock        ; emu|pll|pll_inst|altera_pll_i|general[2].gpll~PLL_OUTPUT_COUNTER|divclk ;
; Data Arrival Time  ; 357.645                                                                 ;
; Data Required Time ; 355.334                                                                 ;
; Slack              ; -2.311 (VIOLATED)                                                       ;
+--------------------+-------------------------------------------------------------------------+

+--------------------------------------------------------------------------------------+
; Statistics                                                                           ;
+------------------------+--------+-------+-------------+------------+--------+--------+
; Property               ; Value  ; Count ; Total Delay ; % of Total ; Min    ; Max    ;
+------------------------+--------+-------+-------------+------------+--------+--------+
; Recovery Relationship  ; 1.842  ;       ;             ;            ;        ;        ;
; Clock Skew             ; -0.880 ;       ;             ;            ;        ;        ;
; Data Delay             ; 3.113  ;       ;             ;            ;        ;        ;
; Number of Logic Levels ;        ; 2     ;             ;            ;        ;        ;
; Physical Delays        ;        ;       ;             ;            ;        ;        ;
;  Arrival Path          ;        ;       ;             ;            ;        ;        ;
;   Clock                ;        ;       ;             ;            ;        ;        ;
;    IC                  ;        ; 6     ; -0.001      ; 0          ; -0.001 ; 0.000  ;
;    Cell                ;        ; 5     ; 3.525       ; 42         ; 0.322  ; 1.535  ;
;    PLL Compensation    ;        ; 1     ; -3.768      ; 0          ; -3.768 ; -3.768 ;
;    Routing Element     ;        ; 38    ; 4.776       ; 58         ; 0.000  ; 1.135  ;
;   Data                 ;        ;       ;             ;            ;        ;        ;
;    IC                  ;        ; 3     ; 0.000       ; 0          ; -0.001 ; 0.001  ;
;    Cell                ;        ; 4     ; 1.672       ; 54         ; 0.000  ; 0.623  ;
;    uTco                ;        ; 1     ; 0.000       ; 0          ; 0.000  ; 0.000  ;
;    Routing Element     ;        ; 15    ; 1.441       ; 46         ; 0.000  ; 0.200  ;
;  Required Path         ;        ;       ;             ;            ;        ;        ;
;   Clock                ;        ;       ;             ;            ;        ;        ;
;    IC                  ;        ; 6     ; 0.000       ; 0          ; 0.000  ; 0.000  ;
;    Cell                ;        ; 5     ; 3.136       ; 43         ; 0.296  ; 1.268  ;
;    PLL Compensation    ;        ; 1     ; -4.932      ; 0          ; -4.932 ; -4.932 ;
;    Routing Element     ;        ; 38    ; 4.095       ; 57         ; 0.000  ; 0.788  ;
+------------------------+--------+-------+-------------+------------+--------+--------+
Note: Negative delays are omitted from totals when calculating percentages

+---------------------------------------------------------------------------------------------------------------------------------------------------------------------+
; Data Arrival Path                                                                                                                                                   ;
+-----------+----------+----+------+--------+--------------------------------------------+----------------------------------------------------------------------------+
; Total     ; Incr     ; RF ; Type ; Fanout ; Location                                   ; Element                                                                    ;
+-----------+----------+----+------+--------+--------------------------------------------+----------------------------------------------------------------------------+
; 350.000   ; 350.000  ;    ;      ;        ;                                            ; launch edge time                                                           ;
; 354.532   ; 4.532    ;    ;      ;        ;                                            ; clock path                                                                 ;
;   350.000 ;   0.000  ;    ;      ;        ;                                            ; source latency                                                             ;
;   350.000 ;   0.000  ;    ;      ; 1      ; PIN_Y13                                    ; FPGA_CLK2_50                                                               ;
;   350.000 ;   0.000  ;    ; RE   ; 1      ; IOPAD_X56_Y0_N0                            ; ARRIAV_IO_PAD                                                              ;
;   350.000 ;   0.000  ;    ; RE   ; 1      ; IO_PAD_OUTPUT_X56_Y0_N0_I1                 ; IO_PAD_OUTPUT                                                              ;
;   350.000 ;   0.000  ;    ; RE   ; 1      ; IO_INPUT_BUFFER_INPUT_X56_Y0_N1_I0         ; IO_INPUT_BUFFER_INPUT                                                      ;
;   350.000 ;   0.000  ; RR ; IC   ; 1      ; IOIBUF_X56_Y0_N1                           ; FPGA_CLK2_50~input|i                                                       ;
;   350.761 ;   0.761  ; RR ; CELL ; 2      ; IOIBUF_X56_Y0_N1                           ; FPGA_CLK2_50~input|o                                                       ;
;   350.761 ;   0.000  ;    ; RE   ; 1      ; IOIBUF_X56_Y0_N1                           ; ARRIAV_IO_IBUF                                                             ;
;   350.761 ;   0.000  ;    ; RE   ; 1      ; IO_INPUT_BUFFER_OUTPUT_X56_Y0_N1_I2        ; IO_INPUT_BUFFER_OUTPUT                                                     ;
;   350.761 ;   0.000  ;    ; RE   ; 1      ; IO_RE_X56_Y0_N0_I96                        ; IO_RE                                                                      ;
;   351.260 ;   0.499  ;    ; RE   ; 2      ; IO_RE_X56_Y0_N0_I66                        ; IO_RE                                                                      ;
;   352.096 ;   0.836  ;    ; RE   ; 1      ; FF_PLL_RE_X89_Y0_N0_I3                     ; FF_PLL_RE                                                                  ;
;   352.096 ;   0.000  ;    ; RE   ; 1      ; F_PLL_BLOCK_RE_X89_Y0_N0_I2                ; F_PLL_BLOCK_RE                                                             ;
;   352.096 ;   0.000  ;    ; RE   ; 1      ; PLL_REFCLK_SELECT_INPUT_X89_Y7_N0_I2       ; PLL_REFCLK_SELECT_INPUT                                                    ;
;   352.096 ;   0.000  ; RR ; IC   ; 1      ; PLLREFCLKSELECT_X89_Y7_N0                  ; emu|pll|pll_inst|altera_pll_i|general[0].gpll~PLL_REFCLK_SELECT|clkin[0]   ;
;   352.429 ;   0.333  ; RR ; CELL ; 1      ; PLLREFCLKSELECT_X89_Y7_N0                  ; emu|pll|pll_inst|altera_pll_i|general[0].gpll~PLL_REFCLK_SELECT|clkout     ;
;   352.429 ;   0.000  ;    ; RE   ; 2      ; PLLREFCLKSELECT_X89_Y7_N0                  ; CYCLONEV_PLL_REFCLK_SELECT                                                 ;
;   352.429 ;   0.000  ;    ; RE   ; 1      ; PLL_REFCLK_SELECT_OUTPUT_X89_Y7_N0_I15     ; PLL_REFCLK_SELECT_OUTPUT                                                   ;
;   352.429 ;   0.000  ;    ; RE   ; 1      ; FRACTIONAL_PLL_INPUT_X89_Y1_N0_I7          ; FRACTIONAL_PLL_INPUT                                                       ;
;   352.429 ;   0.000  ; RR ; IC   ; 10     ; FRACTIONALPLL_X89_Y1_N0                    ; emu|pll|pll_inst|altera_pll_i|general[0].gpll~FRACTIONAL_PLL|refclkin      ;
;   348.661 ;   -3.768 ; RR ; COMP ; 3      ; FRACTIONALPLL_X89_Y1_N0                    ; emu|pll|pll_inst|altera_pll_i|general[0].gpll~FRACTIONAL_PLL|vcoph[0]      ;
;   348.661 ;   0.000  ;    ; RE   ; 19     ; FRACTIONALPLL_X89_Y1_N0                    ; CYCLONEV_FRACTIONAL_PLL                                                    ;
;   348.661 ;   0.000  ;    ; RE   ; 1      ; FRACTIONAL_PLL_OUTPUT_X89_Y1_N0_I19        ; FRACTIONAL_PLL_OUTPUT                                                      ;
;   348.661 ;   0.000  ;    ; RE   ; 3      ; F_PLL_BLOCK_RE_X89_Y0_N0_I109              ; F_PLL_BLOCK_RE                                                             ;
;   348.661 ;   0.000  ;    ; RE   ; 1      ; PLL_OUTPUT_COUNTER_INPUT_X89_Y2_N1_I7      ; PLL_OUTPUT_COUNTER_INPUT                                                   ;
;   348.661 ;   0.000  ; RR ; IC   ; 1      ; PLLOUTPUTCOUNTER_X89_Y2_N1                 ; emu|pll|pll_inst|altera_pll_i|general[0].gpll~PLL_OUTPUT_COUNTER|vco0ph[0] ;
;   350.196 ;   1.535  ; RR ; CELL ; 1      ; PLLOUTPUTCOUNTER_X89_Y2_N1                 ; emu|pll|pll_inst|altera_pll_i|general[0].gpll~PLL_OUTPUT_COUNTER|divclk    ;
;   350.196 ;   0.000  ;    ; RE   ; 1      ; PLLOUTPUTCOUNTER_X89_Y2_N1                 ; CYCLONEV_PLL_OUTPUT_COUNTER                                                ;
;   350.196 ;   0.000  ;    ; RE   ; 1      ; PLL_OUTPUT_COUNTER_OUTPUT_X89_Y2_N1_I16    ; PLL_OUTPUT_COUNTER_OUTPUT                                                  ;
;   350.676 ;   0.480  ;    ; RE   ; 1      ; FF_PLL_RE_X89_Y0_N0_I103                   ; FF_PLL_RE                                                                  ;
;   351.215 ;   0.539  ;    ; RE   ; 1      ; CLKBUF_CLUSTER_RE_X89_Y35_N3_I435          ; CLKBUF_CLUSTER_RE                                                          ;
;   351.215 ;   0.000  ;    ; RE   ; 1      ; CLKBUF_CLUSTER_RE_X89_Y35_N3_I693          ; CLKBUF_CLUSTER_RE                                                          ;
;   351.215 ;   0.000  ;    ; RE   ; 1      ; GCLK_CLUSTER_RE_X89_Y35_N12_I10            ; GCLK_CLUSTER_RE                                                            ;
;   351.215 ;   0.000  ;    ; RE   ; 1      ; CLKBUFBLOCK_INPUT_X89_Y35_N13_I0           ; CLKBUFBLOCK_INPUT                                                          ;
;   351.215 ;   0.000  ; RR ; IC   ; 1      ; CLKCTRL_G11                                ; emu|pll|pll_inst|altera_pll_i|outclk_wire[0]~CLKENA0|inclk                 ;
;   351.537 ;   0.322  ; RR ; CELL ; 1342   ; CLKCTRL_G11                                ; emu|pll|pll_inst|altera_pll_i|outclk_wire[0]~CLKENA0|outclk                ;
;   351.537 ;   0.000  ;    ; RE   ; 1      ; CLKCTRL_G11                                ; ARRIAV_CLKBUF                                                              ;
;   351.537 ;   0.000  ;    ; RE   ; 1      ; CLKBUFBLOCK_OUTPUT_X89_Y35_N13_I2          ; CLKBUFBLOCK_OUTPUT                                                         ;
;   351.537 ;   0.000  ;    ; RE   ; 1      ; GCLK_CLUSTER_RE_X89_Y35_N12_I12            ; GCLK_CLUSTER_RE                                                            ;
;   351.537 ;   0.000  ;    ; RE   ; 1      ; CLKBUF_CLUSTER_RE_X89_Y35_N3_I418          ; CLKBUF_CLUSTER_RE                                                          ;
;   352.672 ;   1.135  ;    ; RE   ; 7      ; GLOBAL_CLOCK_X0_Y36_N0_I11                 ; GLOBAL_CLOCK                                                               ;
;   352.820 ;   0.148  ;    ; RE   ; 20     ; SPINE_CLOCK_X15_Y59_N0_I19                 ; SPINE_CLOCK                                                                ;
;   353.207 ;   0.387  ;    ; RE   ; 1      ; SCLK_TO_ROWCLK_BUF_X15_Y75_N0_I115         ; SCLK_TO_ROWCLK_BUF                                                         ;
;   353.291 ;   0.084  ;    ; RE   ; 2      ; SCLK_TO_ROWCLK_BUF_X15_Y75_N0_I118         ; SCLK_TO_ROWCLK_BUF                                                         ;
;   353.724 ;   0.433  ;    ; RE   ; 3      ; LAB_CLK_X0_Y75_N0_I5                       ; LAB_CLK                                                                    ;
;   353.862 ;   0.138  ;    ; RE   ; 1      ; BLK_CLK_BUF_X12_Y75_N0_I5                  ; BLK_CLK_BUF                                                                ;
;   353.909 ;   0.047  ;    ; RE   ; 1      ; ROWCLKSEL_PREBUF_X12_Y75_N0_I5             ; ROWCLKSEL_PREBUF                                                           ;
;   353.959 ;   0.050  ;    ; RE   ; 1      ; ROWCLKSEL_X12_Y75_N0_I0                    ; ROWCLKSEL                                                                  ;
;   353.959 ;   0.000  ;    ; RE   ; 2      ; GLOBAL_LOCAL_SEL_X12_Y75_N0_I0             ; GLOBAL_LOCAL_SEL                                                           ;
;   353.959 ;   0.000  ;    ; RE   ; 15     ; LAB_INPUT_X12_Y75_N0_I1                    ; LAB_INPUT                                                                  ;
;   353.958 ;   -0.001 ; RR ; IC   ; 1      ; FF_X12_Y75_N32                             ; emu|audio_reset_stretch[3]|clk                                             ;
;   354.532 ;   0.574  ; RR ; CELL ; 1      ; FF_X12_Y75_N32                             ; emu:emu|audio_reset_stretch[3]                                             ;
; 357.645   ; 3.113    ;    ;      ;        ;                                            ; data path                                                                  ;
;   354.532 ;   0.000  ;    ; uTco ; 1      ; FF_X12_Y75_N32                             ; emu:emu|audio_reset_stretch[3]                                             ;
;   354.532 ;   0.000  ; RR ; CELL ; 2      ; FF_X12_Y75_N32                             ; emu|audio_reset_stretch[3]|q                                               ;
;   354.604 ;   0.072  ;    ; RE   ; 1      ; FF_X12_Y75_N32                             ; ARRIAV_FF                                                                  ;
;   354.738 ;   0.134  ;    ; RE   ; 2      ; LOCAL_LINE_X12_Y75_N0_I10                  ; LOCAL_LINE                                                                 ;
;   354.880 ;   0.142  ;    ; RE   ; 1      ; BLOCK_INPUT_MUX_X12_Y75_N0_I5              ; LEIM_INPUT                                                                 ;
;   354.880 ;   0.000  ; RR ; IC   ; 1      ; LABCELL_X12_Y75_N3                         ; emu|Equal4~0|datac                                                         ;
;   355.379 ;   0.499  ; RF ; CELL ; 6      ; LABCELL_X12_Y75_N3                         ; emu|Equal4~0|combout                                                       ;
;   355.379 ;   0.000  ;    ; RE   ; 2      ; LABCELL_X12_Y75_N3                         ; ARRIAV_LCELL_COMB                                                          ;
;   355.468 ;   0.089  ;    ; RE   ; 2      ; LE_BUFFER_X12_Y75_N0_I3                    ; LE_BUFFER                                                                  ;
;   355.612 ;   0.144  ;    ; RE   ; 1      ; LOCAL_INTERCONNECT_X11_Y75_N0_I1           ; LAB_LINE                                                                   ;
;   355.711 ;   0.099  ;    ; RE   ; 1      ; BLOCK_INPUT_MUX_X11_Y75_N0_I26             ; LEIM_INPUT                                                                 ;
;   355.710 ;   -0.001 ; FF ; IC   ; 1      ; LABCELL_X11_Y75_N21                        ; emu|audio_reset_request|dataa                                              ;
;   356.260 ;   0.550  ; FR ; CELL ; 22     ; LABCELL_X11_Y75_N21                        ; emu|audio_reset_request|combout                                            ;
;   356.260 ;   0.000  ;    ; RE   ; 2      ; LABCELL_X11_Y75_N21                        ; ARRIAV_LCELL_COMB                                                          ;
;   356.353 ;   0.093  ;    ; RE   ; 2      ; LE_BUFFER_X11_Y75_N0_I14                   ; LE_BUFFER                                                                  ;
;   356.519 ;   0.166  ;    ; RE   ; 2      ; R6_X6_Y75_N0_I21                           ; H_SEG6                                                                     ;
;   356.673 ;   0.154  ;    ; RE   ; 3      ; R3_X9_Y75_N0_I14                           ; H_SEG3                                                                     ;
;   356.821 ;   0.148  ;    ; RE   ; 1      ; LOCAL_INTERCONNECT_X11_Y75_N0_I22          ; LAB_LINE                                                                   ;
;   357.021 ;   0.200  ;    ; RE   ; 1      ; BLOCK_INPUT_MUX_PASSTHROUGH_X11_Y75_N0_I83 ; LEIM                                                                       ;
;   357.021 ;   0.000  ;    ; RE   ; 1      ; GLOBAL_LOCAL_SEL_X11_Y75_N0_I2             ; GLOBAL_LOCAL_SEL                                                           ;
;   357.021 ;   0.000  ;    ; RE   ; 6      ; LAB_INPUT_X11_Y75_N0_I3                    ; LAB_INPUT                                                                  ;
;   357.022 ;   0.001  ; RR ; IC   ; 1      ; FF_X11_Y75_N20                             ; emu|audio_flac_eos_sync[1]|clrn                                            ;
;   357.645 ;   0.623  ; RF ; CELL ; 1      ; FF_X11_Y75_N20                             ; emu:emu|audio_flac_eos_sync[1]                                             ;
+-----------+----------+----+------+--------+--------------------------------------------+----------------------------------------------------------------------------+

+------------------------------------------------------------------------------------------------------------------------------------------------------------------+
; Data Required Path                                                                                                                                               ;
+-----------+----------+----+------+--------+-----------------------------------------+----------------------------------------------------------------------------+
; Total     ; Incr     ; RF ; Type ; Fanout ; Location                                ; Element                                                                    ;
+-----------+----------+----+------+--------+-----------------------------------------+----------------------------------------------------------------------------+
; 351.842   ; 351.842  ;    ;      ;        ;                                         ; latch edge time                                                            ;
; 355.494   ; 3.652    ;    ;      ;        ;                                         ; clock path                                                                 ;
;   351.842 ;   0.000  ;    ;      ;        ;                                         ; source latency                                                             ;
;   351.842 ;   0.000  ;    ;      ; 1      ; PIN_Y13                                 ; FPGA_CLK2_50                                                               ;
;   351.842 ;   0.000  ;    ; RE   ; 1      ; IOPAD_X56_Y0_N0                         ; ARRIAV_IO_PAD                                                              ;
;   351.842 ;   0.000  ;    ; RE   ; 1      ; IO_PAD_OUTPUT_X56_Y0_N0_I1              ; IO_PAD_OUTPUT                                                              ;
;   351.842 ;   0.000  ;    ; RE   ; 1      ; IO_INPUT_BUFFER_INPUT_X56_Y0_N1_I0      ; IO_INPUT_BUFFER_INPUT                                                      ;
;   351.842 ;   0.000  ; RR ; IC   ; 1      ; IOIBUF_X56_Y0_N1                        ; FPGA_CLK2_50~input|i                                                       ;
;   352.603 ;   0.761  ; RR ; CELL ; 2      ; IOIBUF_X56_Y0_N1                        ; FPGA_CLK2_50~input|o                                                       ;
;   352.603 ;   0.000  ;    ; RE   ; 1      ; IOIBUF_X56_Y0_N1                        ; ARRIAV_IO_IBUF                                                             ;
;   352.603 ;   0.000  ;    ; RE   ; 1      ; IO_INPUT_BUFFER_OUTPUT_X56_Y0_N1_I2     ; IO_INPUT_BUFFER_OUTPUT                                                     ;
;   352.603 ;   0.000  ;    ; RE   ; 1      ; IO_RE_X56_Y0_N0_I96                     ; IO_RE                                                                      ;
;   352.986 ;   0.383  ;    ; RE   ; 2      ; IO_RE_X56_Y0_N0_I66                     ; IO_RE                                                                      ;
;   353.774 ;   0.788  ;    ; RE   ; 1      ; FF_PLL_RE_X89_Y0_N0_I3                  ; FF_PLL_RE                                                                  ;
;   353.774 ;   0.000  ;    ; RE   ; 1      ; F_PLL_BLOCK_RE_X89_Y0_N0_I2             ; F_PLL_BLOCK_RE                                                             ;
;   353.774 ;   0.000  ;    ; RE   ; 1      ; PLL_REFCLK_SELECT_INPUT_X89_Y7_N0_I2    ; PLL_REFCLK_SELECT_INPUT                                                    ;
;   353.774 ;   0.000  ; RR ; IC   ; 1      ; PLLREFCLKSELECT_X89_Y7_N0               ; emu|pll|pll_inst|altera_pll_i|general[0].gpll~PLL_REFCLK_SELECT|clkin[0]   ;
;   354.082 ;   0.308  ; RR ; CELL ; 1      ; PLLREFCLKSELECT_X89_Y7_N0               ; emu|pll|pll_inst|altera_pll_i|general[0].gpll~PLL_REFCLK_SELECT|clkout     ;
;   354.082 ;   0.000  ;    ; RE   ; 2      ; PLLREFCLKSELECT_X89_Y7_N0               ; CYCLONEV_PLL_REFCLK_SELECT                                                 ;
;   354.082 ;   0.000  ;    ; RE   ; 1      ; PLL_REFCLK_SELECT_OUTPUT_X89_Y7_N0_I15  ; PLL_REFCLK_SELECT_OUTPUT                                                   ;
;   354.082 ;   0.000  ;    ; RE   ; 1      ; FRACTIONAL_PLL_INPUT_X89_Y1_N0_I7       ; FRACTIONAL_PLL_INPUT                                                       ;
;   354.082 ;   0.000  ; RR ; IC   ; 10     ; FRACTIONALPLL_X89_Y1_N0                 ; emu|pll|pll_inst|altera_pll_i|general[0].gpll~FRACTIONAL_PLL|refclkin      ;
;   349.150 ;   -4.932 ; RR ; COMP ; 3      ; FRACTIONALPLL_X89_Y1_N0                 ; emu|pll|pll_inst|altera_pll_i|general[0].gpll~FRACTIONAL_PLL|vcoph[0]      ;
;   349.150 ;   0.000  ;    ; RE   ; 19     ; FRACTIONALPLL_X89_Y1_N0                 ; CYCLONEV_FRACTIONAL_PLL                                                    ;
;   349.150 ;   0.000  ;    ; RE   ; 1      ; FRACTIONAL_PLL_OUTPUT_X89_Y1_N0_I19     ; FRACTIONAL_PLL_OUTPUT                                                      ;
;   349.150 ;   0.000  ;    ; RE   ; 3      ; F_PLL_BLOCK_RE_X89_Y0_N0_I109           ; F_PLL_BLOCK_RE                                                             ;
;   349.150 ;   0.000  ;    ; RE   ; 1      ; PLL_OUTPUT_COUNTER_INPUT_X89_Y0_N1_I7   ; PLL_OUTPUT_COUNTER_INPUT                                                   ;
;   349.150 ;   0.000  ; RR ; IC   ; 1      ; PLLOUTPUTCOUNTER_X89_Y0_N1              ; emu|pll|pll_inst|altera_pll_i|general[2].gpll~PLL_OUTPUT_COUNTER|vco0ph[0] ;
;   350.418 ;   1.268  ; RR ; CELL ; 1      ; PLLOUTPUTCOUNTER_X89_Y0_N1              ; emu|pll|pll_inst|altera_pll_i|general[2].gpll~PLL_OUTPUT_COUNTER|divclk    ;
;   350.418 ;   0.000  ;    ; RE   ; 1      ; PLLOUTPUTCOUNTER_X89_Y0_N1              ; CYCLONEV_PLL_OUTPUT_COUNTER                                                ;
;   350.418 ;   0.000  ;    ; RE   ; 1      ; PLL_OUTPUT_COUNTER_OUTPUT_X89_Y0_N1_I16 ; PLL_OUTPUT_COUNTER_OUTPUT                                                  ;
;   350.855 ;   0.437  ;    ; RE   ; 1      ; FF_PLL_RE_X89_Y0_N0_I101                ; FF_PLL_RE                                                                  ;
;   351.362 ;   0.507  ;    ; RE   ; 1      ; CLKBUF_CLUSTER_RE_X89_Y35_N3_I433       ; CLKBUF_CLUSTER_RE                                                          ;
;   351.362 ;   0.000  ;    ; RE   ; 1      ; CLKBUF_CLUSTER_RE_X89_Y35_N3_I563       ; CLKBUF_CLUSTER_RE                                                          ;
;   351.362 ;   0.000  ;    ; RE   ; 1      ; GCLK_CLUSTER_RE_X89_Y35_N6_I10          ; GCLK_CLUSTER_RE                                                            ;
;   351.362 ;   0.000  ;    ; RE   ; 1      ; CLKBUFBLOCK_INPUT_X89_Y35_N7_I0         ; CLKBUFBLOCK_INPUT                                                          ;
;   351.362 ;   0.000  ; RR ; IC   ; 1      ; CLKCTRL_G9                              ; emu|pll|pll_inst|altera_pll_i|outclk_wire[2]~CLKENA0|inclk                 ;
;   351.658 ;   0.296  ; RR ; CELL ; 32647  ; CLKCTRL_G9                              ; emu|pll|pll_inst|altera_pll_i|outclk_wire[2]~CLKENA0|outclk                ;
;   351.658 ;   0.000  ;    ; RE   ; 1      ; CLKCTRL_G9                              ; ARRIAV_CLKBUF                                                              ;
;   351.658 ;   0.000  ;    ; RE   ; 1      ; CLKBUFBLOCK_OUTPUT_X89_Y35_N7_I2        ; CLKBUFBLOCK_OUTPUT                                                         ;
;   351.658 ;   0.000  ;    ; RE   ; 1      ; GCLK_CLUSTER_RE_X89_Y35_N6_I12          ; GCLK_CLUSTER_RE                                                            ;
;   351.658 ;   0.000  ;    ; RE   ; 1      ; CLKBUF_CLUSTER_RE_X89_Y35_N3_I416       ; CLKBUF_CLUSTER_RE                                                          ;
;   352.407 ;   0.749  ;    ; RE   ; 12     ; GLOBAL_CLOCK_X0_Y36_N0_I9               ; GLOBAL_CLOCK                                                               ;
;   352.562 ;   0.155  ;    ; RE   ; 7      ; SPINE_CLOCK_X15_Y59_N0_I7               ; SPINE_CLOCK                                                                ;
;   352.936 ;   0.374  ;    ; RE   ; 1      ; SCLK_TO_ROWCLK_BUF_X15_Y75_N0_I42       ; SCLK_TO_ROWCLK_BUF                                                         ;
;   353.008 ;   0.072  ;    ; RE   ; 1      ; SCLK_TO_ROWCLK_BUF_X15_Y75_N0_I45       ; SCLK_TO_ROWCLK_BUF                                                         ;
;   353.420 ;   0.412  ;    ; RE   ; 6      ; LAB_CLK_X0_Y75_N0_I2                    ; LAB_CLK                                                                    ;
;   353.547 ;   0.127  ;    ; RE   ; 1      ; BLK_CLK_BUF_X11_Y75_N0_I2               ; BLK_CLK_BUF                                                                ;
;   353.592 ;   0.045  ;    ; RE   ; 1      ; ROWCLKSEL_PREBUF_X11_Y75_N0_I2          ; ROWCLKSEL_PREBUF                                                           ;
;   353.638 ;   0.046  ;    ; RE   ; 1      ; ROWCLKSEL_X11_Y75_N0_I0                 ; ROWCLKSEL                                                                  ;
;   353.638 ;   0.000  ;    ; RE   ; 1      ; GLOBAL_LOCAL_SEL_X11_Y75_N0_I0          ; GLOBAL_LOCAL_SEL                                                           ;
;   353.638 ;   0.000  ;    ; RE   ; 6      ; LAB_INPUT_X11_Y75_N0_I0                 ; LAB_INPUT                                                                  ;
;   353.638 ;   0.000  ; RR ; IC   ; 1      ; FF_X11_Y75_N20                          ; emu|audio_flac_eos_sync[1]|clk                                             ;
;   354.141 ;   0.503  ; RR ; CELL ; 1      ; FF_X11_Y75_N20                          ; emu:emu|audio_flac_eos_sync[1]                                             ;
;   355.494 ;   1.353  ;    ;      ;        ;                                         ; clock pessimism removed                                                    ;
; 355.334   ; -0.160   ;    ;      ;        ;                                         ; clock uncertainty                                                          ;
; 355.334   ; 0.000    ;    ; uTsu ; 1      ; FF_X11_Y75_N20                          ; emu:emu|audio_flac_eos_sync[1]                                             ;
+-----------+----------+----+------+--------+-----------------------------------------+----------------------------------------------------------------------------+

----------------------------
; Extra Fitter Information ;
----------------------------
HTML report is unavailable in plain text report export.


Path #26: Recovery slack is -2.307 (VIOLATED)
===============================================================================
+----------------------------------------------------------------------------------------------+
; Path Summary                                                                                 ;
+--------------------+-------------------------------------------------------------------------+
; Property           ; Value                                                                   ;
+--------------------+-------------------------------------------------------------------------+
; From Node          ; emu:emu|audio_reset_stretch[3]                                          ;
; To Node            ; emu:emu|reset_audio_src_sync[1]                                         ;
; Launch Clock       ; emu|pll|pll_inst|altera_pll_i|general[0].gpll~PLL_OUTPUT_COUNTER|divclk ;
; Latch Clock        ; emu|pll|pll_inst|altera_pll_i|general[2].gpll~PLL_OUTPUT_COUNTER|divclk ;
; Data Arrival Time  ; 357.645                                                                 ;
; Data Required Time ; 355.338                                                                 ;
; Slack              ; -2.307 (VIOLATED)                                                       ;
+--------------------+-------------------------------------------------------------------------+

+--------------------------------------------------------------------------------------+
; Statistics                                                                           ;
+------------------------+--------+-------+-------------+------------+--------+--------+
; Property               ; Value  ; Count ; Total Delay ; % of Total ; Min    ; Max    ;
+------------------------+--------+-------+-------------+------------+--------+--------+
; Recovery Relationship  ; 1.842  ;       ;             ;            ;        ;        ;
; Clock Skew             ; -0.876 ;       ;             ;            ;        ;        ;
; Data Delay             ; 3.113  ;       ;             ;            ;        ;        ;
; Number of Logic Levels ;        ; 2     ;             ;            ;        ;        ;
; Physical Delays        ;        ;       ;             ;            ;        ;        ;
;  Arrival Path          ;        ;       ;             ;            ;        ;        ;
;   Clock                ;        ;       ;             ;            ;        ;        ;
;    IC                  ;        ; 6     ; -0.001      ; 0          ; -0.001 ; 0.000  ;
;    Cell                ;        ; 5     ; 3.525       ; 42         ; 0.322  ; 1.535  ;
;    PLL Compensation    ;        ; 1     ; -3.768      ; 0          ; -3.768 ; -3.768 ;
;    Routing Element     ;        ; 38    ; 4.776       ; 58         ; 0.000  ; 1.135  ;
;   Data                 ;        ;       ;             ;            ;        ;        ;
;    IC                  ;        ; 3     ; 0.000       ; 0          ; -0.001 ; 0.001  ;
;    Cell                ;        ; 4     ; 1.672       ; 54         ; 0.000  ; 0.623  ;
;    uTco                ;        ; 1     ; 0.000       ; 0          ; 0.000  ; 0.000  ;
;    Routing Element     ;        ; 15    ; 1.441       ; 46         ; 0.000  ; 0.200  ;
;  Required Path         ;        ;       ;             ;            ;        ;        ;
;   Clock                ;        ;       ;             ;            ;        ;        ;
;    IC                  ;        ; 6     ; 0.000       ; 0          ; 0.000  ; 0.000  ;
;    Cell                ;        ; 5     ; 3.140       ; 43         ; 0.296  ; 1.268  ;
;    PLL Compensation    ;        ; 1     ; -4.932      ; 0          ; -4.932 ; -4.932 ;
;    Routing Element     ;        ; 38    ; 4.095       ; 57         ; 0.000  ; 0.788  ;
+------------------------+--------+-------+-------------+------------+--------+--------+
Note: Negative delays are omitted from totals when calculating percentages

+---------------------------------------------------------------------------------------------------------------------------------------------------------------------+
; Data Arrival Path                                                                                                                                                   ;
+-----------+----------+----+------+--------+--------------------------------------------+----------------------------------------------------------------------------+
; Total     ; Incr     ; RF ; Type ; Fanout ; Location                                   ; Element                                                                    ;
+-----------+----------+----+------+--------+--------------------------------------------+----------------------------------------------------------------------------+
; 350.000   ; 350.000  ;    ;      ;        ;                                            ; launch edge time                                                           ;
; 354.532   ; 4.532    ;    ;      ;        ;                                            ; clock path                                                                 ;
;   350.000 ;   0.000  ;    ;      ;        ;                                            ; source latency                                                             ;
;   350.000 ;   0.000  ;    ;      ; 1      ; PIN_Y13                                    ; FPGA_CLK2_50                                                               ;
;   350.000 ;   0.000  ;    ; RE   ; 1      ; IOPAD_X56_Y0_N0                            ; ARRIAV_IO_PAD                                                              ;
;   350.000 ;   0.000  ;    ; RE   ; 1      ; IO_PAD_OUTPUT_X56_Y0_N0_I1                 ; IO_PAD_OUTPUT                                                              ;
;   350.000 ;   0.000  ;    ; RE   ; 1      ; IO_INPUT_BUFFER_INPUT_X56_Y0_N1_I0         ; IO_INPUT_BUFFER_INPUT                                                      ;
;   350.000 ;   0.000  ; RR ; IC   ; 1      ; IOIBUF_X56_Y0_N1                           ; FPGA_CLK2_50~input|i                                                       ;
;   350.761 ;   0.761  ; RR ; CELL ; 2      ; IOIBUF_X56_Y0_N1                           ; FPGA_CLK2_50~input|o                                                       ;
;   350.761 ;   0.000  ;    ; RE   ; 1      ; IOIBUF_X56_Y0_N1                           ; ARRIAV_IO_IBUF                                                             ;
;   350.761 ;   0.000  ;    ; RE   ; 1      ; IO_INPUT_BUFFER_OUTPUT_X56_Y0_N1_I2        ; IO_INPUT_BUFFER_OUTPUT                                                     ;
;   350.761 ;   0.000  ;    ; RE   ; 1      ; IO_RE_X56_Y0_N0_I96                        ; IO_RE                                                                      ;
;   351.260 ;   0.499  ;    ; RE   ; 2      ; IO_RE_X56_Y0_N0_I66                        ; IO_RE                                                                      ;
;   352.096 ;   0.836  ;    ; RE   ; 1      ; FF_PLL_RE_X89_Y0_N0_I3                     ; FF_PLL_RE                                                                  ;
;   352.096 ;   0.000  ;    ; RE   ; 1      ; F_PLL_BLOCK_RE_X89_Y0_N0_I2                ; F_PLL_BLOCK_RE                                                             ;
;   352.096 ;   0.000  ;    ; RE   ; 1      ; PLL_REFCLK_SELECT_INPUT_X89_Y7_N0_I2       ; PLL_REFCLK_SELECT_INPUT                                                    ;
;   352.096 ;   0.000  ; RR ; IC   ; 1      ; PLLREFCLKSELECT_X89_Y7_N0                  ; emu|pll|pll_inst|altera_pll_i|general[0].gpll~PLL_REFCLK_SELECT|clkin[0]   ;
;   352.429 ;   0.333  ; RR ; CELL ; 1      ; PLLREFCLKSELECT_X89_Y7_N0                  ; emu|pll|pll_inst|altera_pll_i|general[0].gpll~PLL_REFCLK_SELECT|clkout     ;
;   352.429 ;   0.000  ;    ; RE   ; 2      ; PLLREFCLKSELECT_X89_Y7_N0                  ; CYCLONEV_PLL_REFCLK_SELECT                                                 ;
;   352.429 ;   0.000  ;    ; RE   ; 1      ; PLL_REFCLK_SELECT_OUTPUT_X89_Y7_N0_I15     ; PLL_REFCLK_SELECT_OUTPUT                                                   ;
;   352.429 ;   0.000  ;    ; RE   ; 1      ; FRACTIONAL_PLL_INPUT_X89_Y1_N0_I7          ; FRACTIONAL_PLL_INPUT                                                       ;
;   352.429 ;   0.000  ; RR ; IC   ; 10     ; FRACTIONALPLL_X89_Y1_N0                    ; emu|pll|pll_inst|altera_pll_i|general[0].gpll~FRACTIONAL_PLL|refclkin      ;
;   348.661 ;   -3.768 ; RR ; COMP ; 3      ; FRACTIONALPLL_X89_Y1_N0                    ; emu|pll|pll_inst|altera_pll_i|general[0].gpll~FRACTIONAL_PLL|vcoph[0]      ;
;   348.661 ;   0.000  ;    ; RE   ; 19     ; FRACTIONALPLL_X89_Y1_N0                    ; CYCLONEV_FRACTIONAL_PLL                                                    ;
;   348.661 ;   0.000  ;    ; RE   ; 1      ; FRACTIONAL_PLL_OUTPUT_X89_Y1_N0_I19        ; FRACTIONAL_PLL_OUTPUT                                                      ;
;   348.661 ;   0.000  ;    ; RE   ; 3      ; F_PLL_BLOCK_RE_X89_Y0_N0_I109              ; F_PLL_BLOCK_RE                                                             ;
;   348.661 ;   0.000  ;    ; RE   ; 1      ; PLL_OUTPUT_COUNTER_INPUT_X89_Y2_N1_I7      ; PLL_OUTPUT_COUNTER_INPUT                                                   ;
;   348.661 ;   0.000  ; RR ; IC   ; 1      ; PLLOUTPUTCOUNTER_X89_Y2_N1                 ; emu|pll|pll_inst|altera_pll_i|general[0].gpll~PLL_OUTPUT_COUNTER|vco0ph[0] ;
;   350.196 ;   1.535  ; RR ; CELL ; 1      ; PLLOUTPUTCOUNTER_X89_Y2_N1                 ; emu|pll|pll_inst|altera_pll_i|general[0].gpll~PLL_OUTPUT_COUNTER|divclk    ;
;   350.196 ;   0.000  ;    ; RE   ; 1      ; PLLOUTPUTCOUNTER_X89_Y2_N1                 ; CYCLONEV_PLL_OUTPUT_COUNTER                                                ;
;   350.196 ;   0.000  ;    ; RE   ; 1      ; PLL_OUTPUT_COUNTER_OUTPUT_X89_Y2_N1_I16    ; PLL_OUTPUT_COUNTER_OUTPUT                                                  ;
;   350.676 ;   0.480  ;    ; RE   ; 1      ; FF_PLL_RE_X89_Y0_N0_I103                   ; FF_PLL_RE                                                                  ;
;   351.215 ;   0.539  ;    ; RE   ; 1      ; CLKBUF_CLUSTER_RE_X89_Y35_N3_I435          ; CLKBUF_CLUSTER_RE                                                          ;
;   351.215 ;   0.000  ;    ; RE   ; 1      ; CLKBUF_CLUSTER_RE_X89_Y35_N3_I693          ; CLKBUF_CLUSTER_RE                                                          ;
;   351.215 ;   0.000  ;    ; RE   ; 1      ; GCLK_CLUSTER_RE_X89_Y35_N12_I10            ; GCLK_CLUSTER_RE                                                            ;
;   351.215 ;   0.000  ;    ; RE   ; 1      ; CLKBUFBLOCK_INPUT_X89_Y35_N13_I0           ; CLKBUFBLOCK_INPUT                                                          ;
;   351.215 ;   0.000  ; RR ; IC   ; 1      ; CLKCTRL_G11                                ; emu|pll|pll_inst|altera_pll_i|outclk_wire[0]~CLKENA0|inclk                 ;
;   351.537 ;   0.322  ; RR ; CELL ; 1342   ; CLKCTRL_G11                                ; emu|pll|pll_inst|altera_pll_i|outclk_wire[0]~CLKENA0|outclk                ;
;   351.537 ;   0.000  ;    ; RE   ; 1      ; CLKCTRL_G11                                ; ARRIAV_CLKBUF                                                              ;
;   351.537 ;   0.000  ;    ; RE   ; 1      ; CLKBUFBLOCK_OUTPUT_X89_Y35_N13_I2          ; CLKBUFBLOCK_OUTPUT                                                         ;
;   351.537 ;   0.000  ;    ; RE   ; 1      ; GCLK_CLUSTER_RE_X89_Y35_N12_I12            ; GCLK_CLUSTER_RE                                                            ;
;   351.537 ;   0.000  ;    ; RE   ; 1      ; CLKBUF_CLUSTER_RE_X89_Y35_N3_I418          ; CLKBUF_CLUSTER_RE                                                          ;
;   352.672 ;   1.135  ;    ; RE   ; 7      ; GLOBAL_CLOCK_X0_Y36_N0_I11                 ; GLOBAL_CLOCK                                                               ;
;   352.820 ;   0.148  ;    ; RE   ; 20     ; SPINE_CLOCK_X15_Y59_N0_I19                 ; SPINE_CLOCK                                                                ;
;   353.207 ;   0.387  ;    ; RE   ; 1      ; SCLK_TO_ROWCLK_BUF_X15_Y75_N0_I115         ; SCLK_TO_ROWCLK_BUF                                                         ;
;   353.291 ;   0.084  ;    ; RE   ; 2      ; SCLK_TO_ROWCLK_BUF_X15_Y75_N0_I118         ; SCLK_TO_ROWCLK_BUF                                                         ;
;   353.724 ;   0.433  ;    ; RE   ; 3      ; LAB_CLK_X0_Y75_N0_I5                       ; LAB_CLK                                                                    ;
;   353.862 ;   0.138  ;    ; RE   ; 1      ; BLK_CLK_BUF_X12_Y75_N0_I5                  ; BLK_CLK_BUF                                                                ;
;   353.909 ;   0.047  ;    ; RE   ; 1      ; ROWCLKSEL_PREBUF_X12_Y75_N0_I5             ; ROWCLKSEL_PREBUF                                                           ;
;   353.959 ;   0.050  ;    ; RE   ; 1      ; ROWCLKSEL_X12_Y75_N0_I0                    ; ROWCLKSEL                                                                  ;
;   353.959 ;   0.000  ;    ; RE   ; 2      ; GLOBAL_LOCAL_SEL_X12_Y75_N0_I0             ; GLOBAL_LOCAL_SEL                                                           ;
;   353.959 ;   0.000  ;    ; RE   ; 15     ; LAB_INPUT_X12_Y75_N0_I1                    ; LAB_INPUT                                                                  ;
;   353.958 ;   -0.001 ; RR ; IC   ; 1      ; FF_X12_Y75_N32                             ; emu|audio_reset_stretch[3]|clk                                             ;
;   354.532 ;   0.574  ; RR ; CELL ; 1      ; FF_X12_Y75_N32                             ; emu:emu|audio_reset_stretch[3]                                             ;
; 357.645   ; 3.113    ;    ;      ;        ;                                            ; data path                                                                  ;
;   354.532 ;   0.000  ;    ; uTco ; 1      ; FF_X12_Y75_N32                             ; emu:emu|audio_reset_stretch[3]                                             ;
;   354.532 ;   0.000  ; RR ; CELL ; 2      ; FF_X12_Y75_N32                             ; emu|audio_reset_stretch[3]|q                                               ;
;   354.604 ;   0.072  ;    ; RE   ; 1      ; FF_X12_Y75_N32                             ; ARRIAV_FF                                                                  ;
;   354.738 ;   0.134  ;    ; RE   ; 2      ; LOCAL_LINE_X12_Y75_N0_I10                  ; LOCAL_LINE                                                                 ;
;   354.880 ;   0.142  ;    ; RE   ; 1      ; BLOCK_INPUT_MUX_X12_Y75_N0_I5              ; LEIM_INPUT                                                                 ;
;   354.880 ;   0.000  ; RR ; IC   ; 1      ; LABCELL_X12_Y75_N3                         ; emu|Equal4~0|datac                                                         ;
;   355.379 ;   0.499  ; RF ; CELL ; 6      ; LABCELL_X12_Y75_N3                         ; emu|Equal4~0|combout                                                       ;
;   355.379 ;   0.000  ;    ; RE   ; 2      ; LABCELL_X12_Y75_N3                         ; ARRIAV_LCELL_COMB                                                          ;
;   355.468 ;   0.089  ;    ; RE   ; 2      ; LE_BUFFER_X12_Y75_N0_I3                    ; LE_BUFFER                                                                  ;
;   355.612 ;   0.144  ;    ; RE   ; 1      ; LOCAL_INTERCONNECT_X11_Y75_N0_I1           ; LAB_LINE                                                                   ;
;   355.711 ;   0.099  ;    ; RE   ; 1      ; BLOCK_INPUT_MUX_X11_Y75_N0_I26             ; LEIM_INPUT                                                                 ;
;   355.710 ;   -0.001 ; FF ; IC   ; 1      ; LABCELL_X11_Y75_N21                        ; emu|audio_reset_request|dataa                                              ;
;   356.260 ;   0.550  ; FR ; CELL ; 22     ; LABCELL_X11_Y75_N21                        ; emu|audio_reset_request|combout                                            ;
;   356.260 ;   0.000  ;    ; RE   ; 2      ; LABCELL_X11_Y75_N21                        ; ARRIAV_LCELL_COMB                                                          ;
;   356.353 ;   0.093  ;    ; RE   ; 2      ; LE_BUFFER_X11_Y75_N0_I14                   ; LE_BUFFER                                                                  ;
;   356.519 ;   0.166  ;    ; RE   ; 2      ; R6_X6_Y75_N0_I21                           ; H_SEG6                                                                     ;
;   356.673 ;   0.154  ;    ; RE   ; 3      ; R3_X9_Y75_N0_I14                           ; H_SEG3                                                                     ;
;   356.821 ;   0.148  ;    ; RE   ; 1      ; LOCAL_INTERCONNECT_X11_Y75_N0_I22          ; LAB_LINE                                                                   ;
;   357.021 ;   0.200  ;    ; RE   ; 1      ; BLOCK_INPUT_MUX_PASSTHROUGH_X11_Y75_N0_I83 ; LEIM                                                                       ;
;   357.021 ;   0.000  ;    ; RE   ; 1      ; GLOBAL_LOCAL_SEL_X11_Y75_N0_I2             ; GLOBAL_LOCAL_SEL                                                           ;
;   357.021 ;   0.000  ;    ; RE   ; 6      ; LAB_INPUT_X11_Y75_N0_I3                    ; LAB_INPUT                                                                  ;
;   357.022 ;   0.001  ; RR ; IC   ; 1      ; FF_X11_Y75_N49                             ; emu|reset_audio_src_sync[1]|clrn                                           ;
;   357.645 ;   0.623  ; RF ; CELL ; 1      ; FF_X11_Y75_N49                             ; emu:emu|reset_audio_src_sync[1]                                            ;
+-----------+----------+----+------+--------+--------------------------------------------+----------------------------------------------------------------------------+

+------------------------------------------------------------------------------------------------------------------------------------------------------------------+
; Data Required Path                                                                                                                                               ;
+-----------+----------+----+------+--------+-----------------------------------------+----------------------------------------------------------------------------+
; Total     ; Incr     ; RF ; Type ; Fanout ; Location                                ; Element                                                                    ;
+-----------+----------+----+------+--------+-----------------------------------------+----------------------------------------------------------------------------+
; 351.842   ; 351.842  ;    ;      ;        ;                                         ; latch edge time                                                            ;
; 355.498   ; 3.656    ;    ;      ;        ;                                         ; clock path                                                                 ;
;   351.842 ;   0.000  ;    ;      ;        ;                                         ; source latency                                                             ;
;   351.842 ;   0.000  ;    ;      ; 1      ; PIN_Y13                                 ; FPGA_CLK2_50                                                               ;
;   351.842 ;   0.000  ;    ; RE   ; 1      ; IOPAD_X56_Y0_N0                         ; ARRIAV_IO_PAD                                                              ;
;   351.842 ;   0.000  ;    ; RE   ; 1      ; IO_PAD_OUTPUT_X56_Y0_N0_I1              ; IO_PAD_OUTPUT                                                              ;
;   351.842 ;   0.000  ;    ; RE   ; 1      ; IO_INPUT_BUFFER_INPUT_X56_Y0_N1_I0      ; IO_INPUT_BUFFER_INPUT                                                      ;
;   351.842 ;   0.000  ; RR ; IC   ; 1      ; IOIBUF_X56_Y0_N1                        ; FPGA_CLK2_50~input|i                                                       ;
;   352.603 ;   0.761  ; RR ; CELL ; 2      ; IOIBUF_X56_Y0_N1                        ; FPGA_CLK2_50~input|o                                                       ;
;   352.603 ;   0.000  ;    ; RE   ; 1      ; IOIBUF_X56_Y0_N1                        ; ARRIAV_IO_IBUF                                                             ;
;   352.603 ;   0.000  ;    ; RE   ; 1      ; IO_INPUT_BUFFER_OUTPUT_X56_Y0_N1_I2     ; IO_INPUT_BUFFER_OUTPUT                                                     ;
;   352.603 ;   0.000  ;    ; RE   ; 1      ; IO_RE_X56_Y0_N0_I96                     ; IO_RE                                                                      ;
;   352.986 ;   0.383  ;    ; RE   ; 2      ; IO_RE_X56_Y0_N0_I66                     ; IO_RE                                                                      ;
;   353.774 ;   0.788  ;    ; RE   ; 1      ; FF_PLL_RE_X89_Y0_N0_I3                  ; FF_PLL_RE                                                                  ;
;   353.774 ;   0.000  ;    ; RE   ; 1      ; F_PLL_BLOCK_RE_X89_Y0_N0_I2             ; F_PLL_BLOCK_RE                                                             ;
;   353.774 ;   0.000  ;    ; RE   ; 1      ; PLL_REFCLK_SELECT_INPUT_X89_Y7_N0_I2    ; PLL_REFCLK_SELECT_INPUT                                                    ;
;   353.774 ;   0.000  ; RR ; IC   ; 1      ; PLLREFCLKSELECT_X89_Y7_N0               ; emu|pll|pll_inst|altera_pll_i|general[0].gpll~PLL_REFCLK_SELECT|clkin[0]   ;
;   354.082 ;   0.308  ; RR ; CELL ; 1      ; PLLREFCLKSELECT_X89_Y7_N0               ; emu|pll|pll_inst|altera_pll_i|general[0].gpll~PLL_REFCLK_SELECT|clkout     ;
;   354.082 ;   0.000  ;    ; RE   ; 2      ; PLLREFCLKSELECT_X89_Y7_N0               ; CYCLONEV_PLL_REFCLK_SELECT                                                 ;
;   354.082 ;   0.000  ;    ; RE   ; 1      ; PLL_REFCLK_SELECT_OUTPUT_X89_Y7_N0_I15  ; PLL_REFCLK_SELECT_OUTPUT                                                   ;
;   354.082 ;   0.000  ;    ; RE   ; 1      ; FRACTIONAL_PLL_INPUT_X89_Y1_N0_I7       ; FRACTIONAL_PLL_INPUT                                                       ;
;   354.082 ;   0.000  ; RR ; IC   ; 10     ; FRACTIONALPLL_X89_Y1_N0                 ; emu|pll|pll_inst|altera_pll_i|general[0].gpll~FRACTIONAL_PLL|refclkin      ;
;   349.150 ;   -4.932 ; RR ; COMP ; 3      ; FRACTIONALPLL_X89_Y1_N0                 ; emu|pll|pll_inst|altera_pll_i|general[0].gpll~FRACTIONAL_PLL|vcoph[0]      ;
;   349.150 ;   0.000  ;    ; RE   ; 19     ; FRACTIONALPLL_X89_Y1_N0                 ; CYCLONEV_FRACTIONAL_PLL                                                    ;
;   349.150 ;   0.000  ;    ; RE   ; 1      ; FRACTIONAL_PLL_OUTPUT_X89_Y1_N0_I19     ; FRACTIONAL_PLL_OUTPUT                                                      ;
;   349.150 ;   0.000  ;    ; RE   ; 3      ; F_PLL_BLOCK_RE_X89_Y0_N0_I109           ; F_PLL_BLOCK_RE                                                             ;
;   349.150 ;   0.000  ;    ; RE   ; 1      ; PLL_OUTPUT_COUNTER_INPUT_X89_Y0_N1_I7   ; PLL_OUTPUT_COUNTER_INPUT                                                   ;
;   349.150 ;   0.000  ; RR ; IC   ; 1      ; PLLOUTPUTCOUNTER_X89_Y0_N1              ; emu|pll|pll_inst|altera_pll_i|general[2].gpll~PLL_OUTPUT_COUNTER|vco0ph[0] ;
;   350.418 ;   1.268  ; RR ; CELL ; 1      ; PLLOUTPUTCOUNTER_X89_Y0_N1              ; emu|pll|pll_inst|altera_pll_i|general[2].gpll~PLL_OUTPUT_COUNTER|divclk    ;
;   350.418 ;   0.000  ;    ; RE   ; 1      ; PLLOUTPUTCOUNTER_X89_Y0_N1              ; CYCLONEV_PLL_OUTPUT_COUNTER                                                ;
;   350.418 ;   0.000  ;    ; RE   ; 1      ; PLL_OUTPUT_COUNTER_OUTPUT_X89_Y0_N1_I16 ; PLL_OUTPUT_COUNTER_OUTPUT                                                  ;
;   350.855 ;   0.437  ;    ; RE   ; 1      ; FF_PLL_RE_X89_Y0_N0_I101                ; FF_PLL_RE                                                                  ;
;   351.362 ;   0.507  ;    ; RE   ; 1      ; CLKBUF_CLUSTER_RE_X89_Y35_N3_I433       ; CLKBUF_CLUSTER_RE                                                          ;
;   351.362 ;   0.000  ;    ; RE   ; 1      ; CLKBUF_CLUSTER_RE_X89_Y35_N3_I563       ; CLKBUF_CLUSTER_RE                                                          ;
;   351.362 ;   0.000  ;    ; RE   ; 1      ; GCLK_CLUSTER_RE_X89_Y35_N6_I10          ; GCLK_CLUSTER_RE                                                            ;
;   351.362 ;   0.000  ;    ; RE   ; 1      ; CLKBUFBLOCK_INPUT_X89_Y35_N7_I0         ; CLKBUFBLOCK_INPUT                                                          ;
;   351.362 ;   0.000  ; RR ; IC   ; 1      ; CLKCTRL_G9                              ; emu|pll|pll_inst|altera_pll_i|outclk_wire[2]~CLKENA0|inclk                 ;
;   351.658 ;   0.296  ; RR ; CELL ; 32647  ; CLKCTRL_G9                              ; emu|pll|pll_inst|altera_pll_i|outclk_wire[2]~CLKENA0|outclk                ;
;   351.658 ;   0.000  ;    ; RE   ; 1      ; CLKCTRL_G9                              ; ARRIAV_CLKBUF                                                              ;
;   351.658 ;   0.000  ;    ; RE   ; 1      ; CLKBUFBLOCK_OUTPUT_X89_Y35_N7_I2        ; CLKBUFBLOCK_OUTPUT                                                         ;
;   351.658 ;   0.000  ;    ; RE   ; 1      ; GCLK_CLUSTER_RE_X89_Y35_N6_I12          ; GCLK_CLUSTER_RE                                                            ;
;   351.658 ;   0.000  ;    ; RE   ; 1      ; CLKBUF_CLUSTER_RE_X89_Y35_N3_I416       ; CLKBUF_CLUSTER_RE                                                          ;
;   352.407 ;   0.749  ;    ; RE   ; 12     ; GLOBAL_CLOCK_X0_Y36_N0_I9               ; GLOBAL_CLOCK                                                               ;
;   352.562 ;   0.155  ;    ; RE   ; 7      ; SPINE_CLOCK_X15_Y59_N0_I7               ; SPINE_CLOCK                                                                ;
;   352.936 ;   0.374  ;    ; RE   ; 1      ; SCLK_TO_ROWCLK_BUF_X15_Y75_N0_I42       ; SCLK_TO_ROWCLK_BUF                                                         ;
;   353.008 ;   0.072  ;    ; RE   ; 1      ; SCLK_TO_ROWCLK_BUF_X15_Y75_N0_I45       ; SCLK_TO_ROWCLK_BUF                                                         ;
;   353.420 ;   0.412  ;    ; RE   ; 6      ; LAB_CLK_X0_Y75_N0_I2                    ; LAB_CLK                                                                    ;
;   353.547 ;   0.127  ;    ; RE   ; 1      ; BLK_CLK_BUF_X11_Y75_N0_I2               ; BLK_CLK_BUF                                                                ;
;   353.592 ;   0.045  ;    ; RE   ; 1      ; ROWCLKSEL_PREBUF_X11_Y75_N0_I2          ; ROWCLKSEL_PREBUF                                                           ;
;   353.638 ;   0.046  ;    ; RE   ; 1      ; ROWCLKSEL_X11_Y75_N0_I0                 ; ROWCLKSEL                                                                  ;
;   353.638 ;   0.000  ;    ; RE   ; 1      ; GLOBAL_LOCAL_SEL_X11_Y75_N0_I0          ; GLOBAL_LOCAL_SEL                                                           ;
;   353.638 ;   0.000  ;    ; RE   ; 6      ; LAB_INPUT_X11_Y75_N0_I0                 ; LAB_INPUT                                                                  ;
;   353.638 ;   0.000  ; RR ; IC   ; 1      ; FF_X11_Y75_N49                          ; emu|reset_audio_src_sync[1]|clk                                            ;
;   354.145 ;   0.507  ; RR ; CELL ; 1      ; FF_X11_Y75_N49                          ; emu:emu|reset_audio_src_sync[1]                                            ;
;   355.498 ;   1.353  ;    ;      ;        ;                                         ; clock pessimism removed                                                    ;
; 355.338   ; -0.160   ;    ;      ;        ;                                         ; clock uncertainty                                                          ;
; 355.338   ; 0.000    ;    ; uTsu ; 1      ; FF_X11_Y75_N49                          ; emu:emu|reset_audio_src_sync[1]                                            ;
+-----------+----------+----+------+--------+-----------------------------------------+----------------------------------------------------------------------------+

----------------------------
; Extra Fitter Information ;
----------------------------
HTML report is unavailable in plain text report export.


Path #27: Recovery slack is -2.307 (VIOLATED)
===============================================================================
+----------------------------------------------------------------------------------------------+
; Path Summary                                                                                 ;
+--------------------+-------------------------------------------------------------------------+
; Property           ; Value                                                                   ;
+--------------------+-------------------------------------------------------------------------+
; From Node          ; emu:emu|audio_reset_stretch[4]~DUPLICATE                                ;
; To Node            ; emu:emu|audio_mode_src[0]                                               ;
; Launch Clock       ; emu|pll|pll_inst|altera_pll_i|general[0].gpll~PLL_OUTPUT_COUNTER|divclk ;
; Latch Clock        ; emu|pll|pll_inst|altera_pll_i|general[2].gpll~PLL_OUTPUT_COUNTER|divclk ;
; Data Arrival Time  ; 357.664                                                                 ;
; Data Required Time ; 355.357                                                                 ;
; Slack              ; -2.307 (VIOLATED)                                                       ;
+--------------------+-------------------------------------------------------------------------+

+--------------------------------------------------------------------------------------+
; Statistics                                                                           ;
+------------------------+--------+-------+-------------+------------+--------+--------+
; Property               ; Value  ; Count ; Total Delay ; % of Total ; Min    ; Max    ;
+------------------------+--------+-------+-------------+------------+--------+--------+
; Recovery Relationship  ; 1.842  ;       ;             ;            ;        ;        ;
; Clock Skew             ; -0.857 ;       ;             ;            ;        ;        ;
; Data Delay             ; 3.132  ;       ;             ;            ;        ;        ;
; Number of Logic Levels ;        ; 2     ;             ;            ;        ;        ;
; Physical Delays        ;        ;       ;             ;            ;        ;        ;
;  Arrival Path          ;        ;       ;             ;            ;        ;        ;
;   Clock                ;        ;       ;             ;            ;        ;        ;
;    IC                  ;        ; 6     ; -0.001      ; 0          ; -0.001 ; 0.000  ;
;    Cell                ;        ; 5     ; 3.525       ; 42         ; 0.322  ; 1.535  ;
;    PLL Compensation    ;        ; 1     ; -3.768      ; 0          ; -3.768 ; -3.768 ;
;    Routing Element     ;        ; 38    ; 4.776       ; 58         ; 0.000  ; 1.135  ;
;   Data                 ;        ;       ;             ;            ;        ;        ;
;    IC                  ;        ; 3     ; 0.000       ; 0          ; -0.001 ; 0.001  ;
;    Cell                ;        ; 4     ; 1.655       ; 53         ; 0.000  ; 0.606  ;
;    uTco                ;        ; 1     ; 0.000       ; 0          ; 0.000  ; 0.000  ;
;    Routing Element     ;        ; 15    ; 1.477       ; 47         ; 0.000  ; 0.212  ;
;  Required Path         ;        ;       ;             ;            ;        ;        ;
;   Clock                ;        ;       ;             ;            ;        ;        ;
;    IC                  ;        ; 6     ; 0.000       ; 0          ; 0.000  ; 0.000  ;
;    Cell                ;        ; 5     ; 3.144       ; 43         ; 0.296  ; 1.268  ;
;    PLL Compensation    ;        ; 1     ; -4.932      ; 0          ; -4.932 ; -4.932 ;
;    Routing Element     ;        ; 38    ; 4.110       ; 57         ; 0.000  ; 0.788  ;
+------------------------+--------+-------+-------------+------------+--------+--------+
Note: Negative delays are omitted from totals when calculating percentages

+---------------------------------------------------------------------------------------------------------------------------------------------------------------------+
; Data Arrival Path                                                                                                                                                   ;
+-----------+----------+----+------+--------+--------------------------------------------+----------------------------------------------------------------------------+
; Total     ; Incr     ; RF ; Type ; Fanout ; Location                                   ; Element                                                                    ;
+-----------+----------+----+------+--------+--------------------------------------------+----------------------------------------------------------------------------+
; 350.000   ; 350.000  ;    ;      ;        ;                                            ; launch edge time                                                           ;
; 354.532   ; 4.532    ;    ;      ;        ;                                            ; clock path                                                                 ;
;   350.000 ;   0.000  ;    ;      ;        ;                                            ; source latency                                                             ;
;   350.000 ;   0.000  ;    ;      ; 1      ; PIN_Y13                                    ; FPGA_CLK2_50                                                               ;
;   350.000 ;   0.000  ;    ; RE   ; 1      ; IOPAD_X56_Y0_N0                            ; ARRIAV_IO_PAD                                                              ;
;   350.000 ;   0.000  ;    ; RE   ; 1      ; IO_PAD_OUTPUT_X56_Y0_N0_I1                 ; IO_PAD_OUTPUT                                                              ;
;   350.000 ;   0.000  ;    ; RE   ; 1      ; IO_INPUT_BUFFER_INPUT_X56_Y0_N1_I0         ; IO_INPUT_BUFFER_INPUT                                                      ;
;   350.000 ;   0.000  ; RR ; IC   ; 1      ; IOIBUF_X56_Y0_N1                           ; FPGA_CLK2_50~input|i                                                       ;
;   350.761 ;   0.761  ; RR ; CELL ; 2      ; IOIBUF_X56_Y0_N1                           ; FPGA_CLK2_50~input|o                                                       ;
;   350.761 ;   0.000  ;    ; RE   ; 1      ; IOIBUF_X56_Y0_N1                           ; ARRIAV_IO_IBUF                                                             ;
;   350.761 ;   0.000  ;    ; RE   ; 1      ; IO_INPUT_BUFFER_OUTPUT_X56_Y0_N1_I2        ; IO_INPUT_BUFFER_OUTPUT                                                     ;
;   350.761 ;   0.000  ;    ; RE   ; 1      ; IO_RE_X56_Y0_N0_I96                        ; IO_RE                                                                      ;
;   351.260 ;   0.499  ;    ; RE   ; 2      ; IO_RE_X56_Y0_N0_I66                        ; IO_RE                                                                      ;
;   352.096 ;   0.836  ;    ; RE   ; 1      ; FF_PLL_RE_X89_Y0_N0_I3                     ; FF_PLL_RE                                                                  ;
;   352.096 ;   0.000  ;    ; RE   ; 1      ; F_PLL_BLOCK_RE_X89_Y0_N0_I2                ; F_PLL_BLOCK_RE                                                             ;
;   352.096 ;   0.000  ;    ; RE   ; 1      ; PLL_REFCLK_SELECT_INPUT_X89_Y7_N0_I2       ; PLL_REFCLK_SELECT_INPUT                                                    ;
;   352.096 ;   0.000  ; RR ; IC   ; 1      ; PLLREFCLKSELECT_X89_Y7_N0                  ; emu|pll|pll_inst|altera_pll_i|general[0].gpll~PLL_REFCLK_SELECT|clkin[0]   ;
;   352.429 ;   0.333  ; RR ; CELL ; 1      ; PLLREFCLKSELECT_X89_Y7_N0                  ; emu|pll|pll_inst|altera_pll_i|general[0].gpll~PLL_REFCLK_SELECT|clkout     ;
;   352.429 ;   0.000  ;    ; RE   ; 2      ; PLLREFCLKSELECT_X89_Y7_N0                  ; CYCLONEV_PLL_REFCLK_SELECT                                                 ;
;   352.429 ;   0.000  ;    ; RE   ; 1      ; PLL_REFCLK_SELECT_OUTPUT_X89_Y7_N0_I15     ; PLL_REFCLK_SELECT_OUTPUT                                                   ;
;   352.429 ;   0.000  ;    ; RE   ; 1      ; FRACTIONAL_PLL_INPUT_X89_Y1_N0_I7          ; FRACTIONAL_PLL_INPUT                                                       ;
;   352.429 ;   0.000  ; RR ; IC   ; 10     ; FRACTIONALPLL_X89_Y1_N0                    ; emu|pll|pll_inst|altera_pll_i|general[0].gpll~FRACTIONAL_PLL|refclkin      ;
;   348.661 ;   -3.768 ; RR ; COMP ; 3      ; FRACTIONALPLL_X89_Y1_N0                    ; emu|pll|pll_inst|altera_pll_i|general[0].gpll~FRACTIONAL_PLL|vcoph[0]      ;
;   348.661 ;   0.000  ;    ; RE   ; 19     ; FRACTIONALPLL_X89_Y1_N0                    ; CYCLONEV_FRACTIONAL_PLL                                                    ;
;   348.661 ;   0.000  ;    ; RE   ; 1      ; FRACTIONAL_PLL_OUTPUT_X89_Y1_N0_I19        ; FRACTIONAL_PLL_OUTPUT                                                      ;
;   348.661 ;   0.000  ;    ; RE   ; 3      ; F_PLL_BLOCK_RE_X89_Y0_N0_I109              ; F_PLL_BLOCK_RE                                                             ;
;   348.661 ;   0.000  ;    ; RE   ; 1      ; PLL_OUTPUT_COUNTER_INPUT_X89_Y2_N1_I7      ; PLL_OUTPUT_COUNTER_INPUT                                                   ;
;   348.661 ;   0.000  ; RR ; IC   ; 1      ; PLLOUTPUTCOUNTER_X89_Y2_N1                 ; emu|pll|pll_inst|altera_pll_i|general[0].gpll~PLL_OUTPUT_COUNTER|vco0ph[0] ;
;   350.196 ;   1.535  ; RR ; CELL ; 1      ; PLLOUTPUTCOUNTER_X89_Y2_N1                 ; emu|pll|pll_inst|altera_pll_i|general[0].gpll~PLL_OUTPUT_COUNTER|divclk    ;
;   350.196 ;   0.000  ;    ; RE   ; 1      ; PLLOUTPUTCOUNTER_X89_Y2_N1                 ; CYCLONEV_PLL_OUTPUT_COUNTER                                                ;
;   350.196 ;   0.000  ;    ; RE   ; 1      ; PLL_OUTPUT_COUNTER_OUTPUT_X89_Y2_N1_I16    ; PLL_OUTPUT_COUNTER_OUTPUT                                                  ;
;   350.676 ;   0.480  ;    ; RE   ; 1      ; FF_PLL_RE_X89_Y0_N0_I103                   ; FF_PLL_RE                                                                  ;
;   351.215 ;   0.539  ;    ; RE   ; 1      ; CLKBUF_CLUSTER_RE_X89_Y35_N3_I435          ; CLKBUF_CLUSTER_RE                                                          ;
;   351.215 ;   0.000  ;    ; RE   ; 1      ; CLKBUF_CLUSTER_RE_X89_Y35_N3_I693          ; CLKBUF_CLUSTER_RE                                                          ;
;   351.215 ;   0.000  ;    ; RE   ; 1      ; GCLK_CLUSTER_RE_X89_Y35_N12_I10            ; GCLK_CLUSTER_RE                                                            ;
;   351.215 ;   0.000  ;    ; RE   ; 1      ; CLKBUFBLOCK_INPUT_X89_Y35_N13_I0           ; CLKBUFBLOCK_INPUT                                                          ;
;   351.215 ;   0.000  ; RR ; IC   ; 1      ; CLKCTRL_G11                                ; emu|pll|pll_inst|altera_pll_i|outclk_wire[0]~CLKENA0|inclk                 ;
;   351.537 ;   0.322  ; RR ; CELL ; 1342   ; CLKCTRL_G11                                ; emu|pll|pll_inst|altera_pll_i|outclk_wire[0]~CLKENA0|outclk                ;
;   351.537 ;   0.000  ;    ; RE   ; 1      ; CLKCTRL_G11                                ; ARRIAV_CLKBUF                                                              ;
;   351.537 ;   0.000  ;    ; RE   ; 1      ; CLKBUFBLOCK_OUTPUT_X89_Y35_N13_I2          ; CLKBUFBLOCK_OUTPUT                                                         ;
;   351.537 ;   0.000  ;    ; RE   ; 1      ; GCLK_CLUSTER_RE_X89_Y35_N12_I12            ; GCLK_CLUSTER_RE                                                            ;
;   351.537 ;   0.000  ;    ; RE   ; 1      ; CLKBUF_CLUSTER_RE_X89_Y35_N3_I418          ; CLKBUF_CLUSTER_RE                                                          ;
;   352.672 ;   1.135  ;    ; RE   ; 7      ; GLOBAL_CLOCK_X0_Y36_N0_I11                 ; GLOBAL_CLOCK                                                               ;
;   352.820 ;   0.148  ;    ; RE   ; 20     ; SPINE_CLOCK_X15_Y59_N0_I19                 ; SPINE_CLOCK                                                                ;
;   353.207 ;   0.387  ;    ; RE   ; 1      ; SCLK_TO_ROWCLK_BUF_X15_Y75_N0_I115         ; SCLK_TO_ROWCLK_BUF                                                         ;
;   353.291 ;   0.084  ;    ; RE   ; 2      ; SCLK_TO_ROWCLK_BUF_X15_Y75_N0_I118         ; SCLK_TO_ROWCLK_BUF                                                         ;
;   353.724 ;   0.433  ;    ; RE   ; 3      ; LAB_CLK_X0_Y75_N0_I5                       ; LAB_CLK                                                                    ;
;   353.862 ;   0.138  ;    ; RE   ; 1      ; BLK_CLK_BUF_X12_Y75_N0_I5                  ; BLK_CLK_BUF                                                                ;
;   353.909 ;   0.047  ;    ; RE   ; 1      ; ROWCLKSEL_PREBUF_X12_Y75_N0_I5             ; ROWCLKSEL_PREBUF                                                           ;
;   353.959 ;   0.050  ;    ; RE   ; 1      ; ROWCLKSEL_X12_Y75_N0_I0                    ; ROWCLKSEL                                                                  ;
;   353.959 ;   0.000  ;    ; RE   ; 2      ; GLOBAL_LOCAL_SEL_X12_Y75_N0_I0             ; GLOBAL_LOCAL_SEL                                                           ;
;   353.959 ;   0.000  ;    ; RE   ; 15     ; LAB_INPUT_X12_Y75_N0_I1                    ; LAB_INPUT                                                                  ;
;   353.958 ;   -0.001 ; RR ; IC   ; 1      ; FF_X12_Y75_N38                             ; emu|audio_reset_stretch[4]~DUPLICATE|clk                                   ;
;   354.532 ;   0.574  ; RR ; CELL ; 1      ; FF_X12_Y75_N38                             ; emu:emu|audio_reset_stretch[4]~DUPLICATE                                   ;
; 357.664   ; 3.132    ;    ;      ;        ;                                            ; data path                                                                  ;
;   354.532 ;   0.000  ;    ; uTco ; 1      ; FF_X12_Y75_N38                             ; emu:emu|audio_reset_stretch[4]~DUPLICATE                                   ;
;   354.532 ;   0.000  ; RR ; CELL ; 1      ; FF_X12_Y75_N38                             ; emu|audio_reset_stretch[4]~DUPLICATE|q                                     ;
;   354.604 ;   0.072  ;    ; RE   ; 1      ; FF_X12_Y75_N38                             ; ARRIAV_FF                                                                  ;
;   354.752 ;   0.148  ;    ; RE   ; 1      ; LOCAL_LINE_X12_Y75_N0_I12                  ; LOCAL_LINE                                                                 ;
;   354.907 ;   0.155  ;    ; RE   ; 1      ; BLOCK_INPUT_MUX_X12_Y75_N0_I4              ; LEIM_INPUT                                                                 ;
;   354.907 ;   0.000  ; RR ; IC   ; 1      ; LABCELL_X12_Y75_N3                         ; emu|Equal4~0|datad                                                         ;
;   355.406 ;   0.499  ; RF ; CELL ; 6      ; LABCELL_X12_Y75_N3                         ; emu|Equal4~0|combout                                                       ;
;   355.406 ;   0.000  ;    ; RE   ; 2      ; LABCELL_X12_Y75_N3                         ; ARRIAV_LCELL_COMB                                                          ;
;   355.495 ;   0.089  ;    ; RE   ; 2      ; LE_BUFFER_X12_Y75_N0_I3                    ; LE_BUFFER                                                                  ;
;   355.639 ;   0.144  ;    ; RE   ; 1      ; LOCAL_INTERCONNECT_X11_Y75_N0_I1           ; LAB_LINE                                                                   ;
;   355.738 ;   0.099  ;    ; RE   ; 1      ; BLOCK_INPUT_MUX_X11_Y75_N0_I26             ; LEIM_INPUT                                                                 ;
;   355.737 ;   -0.001 ; FF ; IC   ; 1      ; LABCELL_X11_Y75_N21                        ; emu|audio_reset_request|dataa                                              ;
;   356.287 ;   0.550  ; FR ; CELL ; 22     ; LABCELL_X11_Y75_N21                        ; emu|audio_reset_request|combout                                            ;
;   356.287 ;   0.000  ;    ; RE   ; 2      ; LABCELL_X11_Y75_N21                        ; ARRIAV_LCELL_COMB                                                          ;
;   356.380 ;   0.093  ;    ; RE   ; 2      ; LE_BUFFER_X11_Y75_N0_I14                   ; LE_BUFFER                                                                  ;
;   356.551 ;   0.171  ;    ; RE   ; 1      ; C2_X11_Y73_N0_I12                          ; V_SEG2                                                                     ;
;   356.702 ;   0.151  ;    ; RE   ; 1      ; R3_X9_Y73_N0_I18                           ; H_SEG3                                                                     ;
;   356.845 ;   0.143  ;    ; RE   ; 1      ; LOCAL_INTERCONNECT_X10_Y73_N0_I9           ; LAB_LINE                                                                   ;
;   357.057 ;   0.212  ;    ; RE   ; 1      ; BLOCK_INPUT_MUX_PASSTHROUGH_X10_Y73_N0_I82 ; LEIM                                                                       ;
;   357.057 ;   0.000  ;    ; RE   ; 1      ; GLOBAL_LOCAL_SEL_X10_Y73_N0_I3             ; GLOBAL_LOCAL_SEL                                                           ;
;   357.057 ;   0.000  ;    ; RE   ; 4      ; LAB_INPUT_X10_Y73_N0_I4                    ; LAB_INPUT                                                                  ;
;   357.058 ;   0.001  ; RR ; IC   ; 1      ; FF_X10_Y73_N14                             ; emu|audio_mode_src[0]|clrn                                                 ;
;   357.664 ;   0.606  ; RF ; CELL ; 1      ; FF_X10_Y73_N14                             ; emu:emu|audio_mode_src[0]                                                  ;
+-----------+----------+----+------+--------+--------------------------------------------+----------------------------------------------------------------------------+

+------------------------------------------------------------------------------------------------------------------------------------------------------------------+
; Data Required Path                                                                                                                                               ;
+-----------+----------+----+------+--------+-----------------------------------------+----------------------------------------------------------------------------+
; Total     ; Incr     ; RF ; Type ; Fanout ; Location                                ; Element                                                                    ;
+-----------+----------+----+------+--------+-----------------------------------------+----------------------------------------------------------------------------+
; 351.842   ; 351.842  ;    ;      ;        ;                                         ; latch edge time                                                            ;
; 355.517   ; 3.675    ;    ;      ;        ;                                         ; clock path                                                                 ;
;   351.842 ;   0.000  ;    ;      ;        ;                                         ; source latency                                                             ;
;   351.842 ;   0.000  ;    ;      ; 1      ; PIN_Y13                                 ; FPGA_CLK2_50                                                               ;
;   351.842 ;   0.000  ;    ; RE   ; 1      ; IOPAD_X56_Y0_N0                         ; ARRIAV_IO_PAD                                                              ;
;   351.842 ;   0.000  ;    ; RE   ; 1      ; IO_PAD_OUTPUT_X56_Y0_N0_I1              ; IO_PAD_OUTPUT                                                              ;
;   351.842 ;   0.000  ;    ; RE   ; 1      ; IO_INPUT_BUFFER_INPUT_X56_Y0_N1_I0      ; IO_INPUT_BUFFER_INPUT                                                      ;
;   351.842 ;   0.000  ; RR ; IC   ; 1      ; IOIBUF_X56_Y0_N1                        ; FPGA_CLK2_50~input|i                                                       ;
;   352.603 ;   0.761  ; RR ; CELL ; 2      ; IOIBUF_X56_Y0_N1                        ; FPGA_CLK2_50~input|o                                                       ;
;   352.603 ;   0.000  ;    ; RE   ; 1      ; IOIBUF_X56_Y0_N1                        ; ARRIAV_IO_IBUF                                                             ;
;   352.603 ;   0.000  ;    ; RE   ; 1      ; IO_INPUT_BUFFER_OUTPUT_X56_Y0_N1_I2     ; IO_INPUT_BUFFER_OUTPUT                                                     ;
;   352.603 ;   0.000  ;    ; RE   ; 1      ; IO_RE_X56_Y0_N0_I96                     ; IO_RE                                                                      ;
;   352.986 ;   0.383  ;    ; RE   ; 2      ; IO_RE_X56_Y0_N0_I66                     ; IO_RE                                                                      ;
;   353.774 ;   0.788  ;    ; RE   ; 1      ; FF_PLL_RE_X89_Y0_N0_I3                  ; FF_PLL_RE                                                                  ;
;   353.774 ;   0.000  ;    ; RE   ; 1      ; F_PLL_BLOCK_RE_X89_Y0_N0_I2             ; F_PLL_BLOCK_RE                                                             ;
;   353.774 ;   0.000  ;    ; RE   ; 1      ; PLL_REFCLK_SELECT_INPUT_X89_Y7_N0_I2    ; PLL_REFCLK_SELECT_INPUT                                                    ;
;   353.774 ;   0.000  ; RR ; IC   ; 1      ; PLLREFCLKSELECT_X89_Y7_N0               ; emu|pll|pll_inst|altera_pll_i|general[0].gpll~PLL_REFCLK_SELECT|clkin[0]   ;
;   354.082 ;   0.308  ; RR ; CELL ; 1      ; PLLREFCLKSELECT_X89_Y7_N0               ; emu|pll|pll_inst|altera_pll_i|general[0].gpll~PLL_REFCLK_SELECT|clkout     ;
;   354.082 ;   0.000  ;    ; RE   ; 2      ; PLLREFCLKSELECT_X89_Y7_N0               ; CYCLONEV_PLL_REFCLK_SELECT                                                 ;
;   354.082 ;   0.000  ;    ; RE   ; 1      ; PLL_REFCLK_SELECT_OUTPUT_X89_Y7_N0_I15  ; PLL_REFCLK_SELECT_OUTPUT                                                   ;
;   354.082 ;   0.000  ;    ; RE   ; 1      ; FRACTIONAL_PLL_INPUT_X89_Y1_N0_I7       ; FRACTIONAL_PLL_INPUT                                                       ;
;   354.082 ;   0.000  ; RR ; IC   ; 10     ; FRACTIONALPLL_X89_Y1_N0                 ; emu|pll|pll_inst|altera_pll_i|general[0].gpll~FRACTIONAL_PLL|refclkin      ;
;   349.150 ;   -4.932 ; RR ; COMP ; 3      ; FRACTIONALPLL_X89_Y1_N0                 ; emu|pll|pll_inst|altera_pll_i|general[0].gpll~FRACTIONAL_PLL|vcoph[0]      ;
;   349.150 ;   0.000  ;    ; RE   ; 19     ; FRACTIONALPLL_X89_Y1_N0                 ; CYCLONEV_FRACTIONAL_PLL                                                    ;
;   349.150 ;   0.000  ;    ; RE   ; 1      ; FRACTIONAL_PLL_OUTPUT_X89_Y1_N0_I19     ; FRACTIONAL_PLL_OUTPUT                                                      ;
;   349.150 ;   0.000  ;    ; RE   ; 3      ; F_PLL_BLOCK_RE_X89_Y0_N0_I109           ; F_PLL_BLOCK_RE                                                             ;
;   349.150 ;   0.000  ;    ; RE   ; 1      ; PLL_OUTPUT_COUNTER_INPUT_X89_Y0_N1_I7   ; PLL_OUTPUT_COUNTER_INPUT                                                   ;
;   349.150 ;   0.000  ; RR ; IC   ; 1      ; PLLOUTPUTCOUNTER_X89_Y0_N1              ; emu|pll|pll_inst|altera_pll_i|general[2].gpll~PLL_OUTPUT_COUNTER|vco0ph[0] ;
;   350.418 ;   1.268  ; RR ; CELL ; 1      ; PLLOUTPUTCOUNTER_X89_Y0_N1              ; emu|pll|pll_inst|altera_pll_i|general[2].gpll~PLL_OUTPUT_COUNTER|divclk    ;
;   350.418 ;   0.000  ;    ; RE   ; 1      ; PLLOUTPUTCOUNTER_X89_Y0_N1              ; CYCLONEV_PLL_OUTPUT_COUNTER                                                ;
;   350.418 ;   0.000  ;    ; RE   ; 1      ; PLL_OUTPUT_COUNTER_OUTPUT_X89_Y0_N1_I16 ; PLL_OUTPUT_COUNTER_OUTPUT                                                  ;
;   350.855 ;   0.437  ;    ; RE   ; 1      ; FF_PLL_RE_X89_Y0_N0_I101                ; FF_PLL_RE                                                                  ;
;   351.362 ;   0.507  ;    ; RE   ; 1      ; CLKBUF_CLUSTER_RE_X89_Y35_N3_I433       ; CLKBUF_CLUSTER_RE                                                          ;
;   351.362 ;   0.000  ;    ; RE   ; 1      ; CLKBUF_CLUSTER_RE_X89_Y35_N3_I563       ; CLKBUF_CLUSTER_RE                                                          ;
;   351.362 ;   0.000  ;    ; RE   ; 1      ; GCLK_CLUSTER_RE_X89_Y35_N6_I10          ; GCLK_CLUSTER_RE                                                            ;
;   351.362 ;   0.000  ;    ; RE   ; 1      ; CLKBUFBLOCK_INPUT_X89_Y35_N7_I0         ; CLKBUFBLOCK_INPUT                                                          ;
;   351.362 ;   0.000  ; RR ; IC   ; 1      ; CLKCTRL_G9                              ; emu|pll|pll_inst|altera_pll_i|outclk_wire[2]~CLKENA0|inclk                 ;
;   351.658 ;   0.296  ; RR ; CELL ; 32647  ; CLKCTRL_G9                              ; emu|pll|pll_inst|altera_pll_i|outclk_wire[2]~CLKENA0|outclk                ;
;   351.658 ;   0.000  ;    ; RE   ; 1      ; CLKCTRL_G9                              ; ARRIAV_CLKBUF                                                              ;
;   351.658 ;   0.000  ;    ; RE   ; 1      ; CLKBUFBLOCK_OUTPUT_X89_Y35_N7_I2        ; CLKBUFBLOCK_OUTPUT                                                         ;
;   351.658 ;   0.000  ;    ; RE   ; 1      ; GCLK_CLUSTER_RE_X89_Y35_N6_I12          ; GCLK_CLUSTER_RE                                                            ;
;   351.658 ;   0.000  ;    ; RE   ; 1      ; CLKBUF_CLUSTER_RE_X89_Y35_N3_I416       ; CLKBUF_CLUSTER_RE                                                          ;
;   352.407 ;   0.749  ;    ; RE   ; 12     ; GLOBAL_CLOCK_X0_Y36_N0_I9               ; GLOBAL_CLOCK                                                               ;
;   352.560 ;   0.153  ;    ; RE   ; 7      ; SPINE_CLOCK_X15_Y59_N0_I7               ; SPINE_CLOCK                                                                ;
;   352.935 ;   0.375  ;    ; RE   ; 1      ; SCLK_TO_ROWCLK_BUF_X15_Y73_N0_I43       ; SCLK_TO_ROWCLK_BUF                                                         ;
;   353.016 ;   0.081  ;    ; RE   ; 1      ; SCLK_TO_ROWCLK_BUF_X15_Y73_N0_I47       ; SCLK_TO_ROWCLK_BUF                                                         ;
;   353.435 ;   0.419  ;    ; RE   ; 1      ; LAB_CLK_X0_Y73_N0_I4                    ; LAB_CLK                                                                    ;
;   353.562 ;   0.127  ;    ; RE   ; 1      ; BLK_CLK_BUF_X10_Y73_N0_I4               ; BLK_CLK_BUF                                                                ;
;   353.607 ;   0.045  ;    ; RE   ; 1      ; ROWCLKSEL_PREBUF_X10_Y73_N0_I4          ; ROWCLKSEL_PREBUF                                                           ;
;   353.653 ;   0.046  ;    ; RE   ; 1      ; ROWCLKSEL_X10_Y73_N0_I0                 ; ROWCLKSEL                                                                  ;
;   353.653 ;   0.000  ;    ; RE   ; 1      ; GLOBAL_LOCAL_SEL_X10_Y73_N0_I0          ; GLOBAL_LOCAL_SEL                                                           ;
;   353.653 ;   0.000  ;    ; RE   ; 4      ; LAB_INPUT_X10_Y73_N0_I1                 ; LAB_INPUT                                                                  ;
;   353.653 ;   0.000  ; RR ; IC   ; 1      ; FF_X10_Y73_N14                          ; emu|audio_mode_src[0]|clk                                                  ;
;   354.164 ;   0.511  ; RR ; CELL ; 1      ; FF_X10_Y73_N14                          ; emu:emu|audio_mode_src[0]                                                  ;
;   355.517 ;   1.353  ;    ;      ;        ;                                         ; clock pessimism removed                                                    ;
; 355.357   ; -0.160   ;    ;      ;        ;                                         ; clock uncertainty                                                          ;
; 355.357   ; 0.000    ;    ; uTsu ; 1      ; FF_X10_Y73_N14                          ; emu:emu|audio_mode_src[0]                                                  ;
+-----------+----------+----+------+--------+-----------------------------------------+----------------------------------------------------------------------------+

----------------------------
; Extra Fitter Information ;
----------------------------
HTML report is unavailable in plain text report export.


Path #28: Recovery slack is -2.305 (VIOLATED)
===============================================================================
+----------------------------------------------------------------------------------------------+
; Path Summary                                                                                 ;
+--------------------+-------------------------------------------------------------------------+
; Property           ; Value                                                                   ;
+--------------------+-------------------------------------------------------------------------+
; From Node          ; emu:emu|audio_reset_stretch[3]                                          ;
; To Node            ; emu:emu|reset_audio_src_sync[0]                                         ;
; Launch Clock       ; emu|pll|pll_inst|altera_pll_i|general[0].gpll~PLL_OUTPUT_COUNTER|divclk ;
; Latch Clock        ; emu|pll|pll_inst|altera_pll_i|general[2].gpll~PLL_OUTPUT_COUNTER|divclk ;
; Data Arrival Time  ; 357.645                                                                 ;
; Data Required Time ; 355.340                                                                 ;
; Slack              ; -2.305 (VIOLATED)                                                       ;
+--------------------+-------------------------------------------------------------------------+

+--------------------------------------------------------------------------------------+
; Statistics                                                                           ;
+------------------------+--------+-------+-------------+------------+--------+--------+
; Property               ; Value  ; Count ; Total Delay ; % of Total ; Min    ; Max    ;
+------------------------+--------+-------+-------------+------------+--------+--------+
; Recovery Relationship  ; 1.842  ;       ;             ;            ;        ;        ;
; Clock Skew             ; -0.874 ;       ;             ;            ;        ;        ;
; Data Delay             ; 3.113  ;       ;             ;            ;        ;        ;
; Number of Logic Levels ;        ; 2     ;             ;            ;        ;        ;
; Physical Delays        ;        ;       ;             ;            ;        ;        ;
;  Arrival Path          ;        ;       ;             ;            ;        ;        ;
;   Clock                ;        ;       ;             ;            ;        ;        ;
;    IC                  ;        ; 6     ; -0.001      ; 0          ; -0.001 ; 0.000  ;
;    Cell                ;        ; 5     ; 3.525       ; 42         ; 0.322  ; 1.535  ;
;    PLL Compensation    ;        ; 1     ; -3.768      ; 0          ; -3.768 ; -3.768 ;
;    Routing Element     ;        ; 38    ; 4.776       ; 58         ; 0.000  ; 1.135  ;
;   Data                 ;        ;       ;             ;            ;        ;        ;
;    IC                  ;        ; 3     ; 0.000       ; 0          ; -0.001 ; 0.001  ;
;    Cell                ;        ; 4     ; 1.672       ; 54         ; 0.000  ; 0.623  ;
;    uTco                ;        ; 1     ; 0.000       ; 0          ; 0.000  ; 0.000  ;
;    Routing Element     ;        ; 15    ; 1.441       ; 46         ; 0.000  ; 0.200  ;
;  Required Path         ;        ;       ;             ;            ;        ;        ;
;   Clock                ;        ;       ;             ;            ;        ;        ;
;    IC                  ;        ; 6     ; 0.000       ; 0          ; 0.000  ; 0.000  ;
;    Cell                ;        ; 5     ; 3.142       ; 43         ; 0.296  ; 1.268  ;
;    PLL Compensation    ;        ; 1     ; -4.932      ; 0          ; -4.932 ; -4.932 ;
;    Routing Element     ;        ; 38    ; 4.095       ; 57         ; 0.000  ; 0.788  ;
+------------------------+--------+-------+-------------+------------+--------+--------+
Note: Negative delays are omitted from totals when calculating percentages

+---------------------------------------------------------------------------------------------------------------------------------------------------------------------+
; Data Arrival Path                                                                                                                                                   ;
+-----------+----------+----+------+--------+--------------------------------------------+----------------------------------------------------------------------------+
; Total     ; Incr     ; RF ; Type ; Fanout ; Location                                   ; Element                                                                    ;
+-----------+----------+----+------+--------+--------------------------------------------+----------------------------------------------------------------------------+
; 350.000   ; 350.000  ;    ;      ;        ;                                            ; launch edge time                                                           ;
; 354.532   ; 4.532    ;    ;      ;        ;                                            ; clock path                                                                 ;
;   350.000 ;   0.000  ;    ;      ;        ;                                            ; source latency                                                             ;
;   350.000 ;   0.000  ;    ;      ; 1      ; PIN_Y13                                    ; FPGA_CLK2_50                                                               ;
;   350.000 ;   0.000  ;    ; RE   ; 1      ; IOPAD_X56_Y0_N0                            ; ARRIAV_IO_PAD                                                              ;
;   350.000 ;   0.000  ;    ; RE   ; 1      ; IO_PAD_OUTPUT_X56_Y0_N0_I1                 ; IO_PAD_OUTPUT                                                              ;
;   350.000 ;   0.000  ;    ; RE   ; 1      ; IO_INPUT_BUFFER_INPUT_X56_Y0_N1_I0         ; IO_INPUT_BUFFER_INPUT                                                      ;
;   350.000 ;   0.000  ; RR ; IC   ; 1      ; IOIBUF_X56_Y0_N1                           ; FPGA_CLK2_50~input|i                                                       ;
;   350.761 ;   0.761  ; RR ; CELL ; 2      ; IOIBUF_X56_Y0_N1                           ; FPGA_CLK2_50~input|o                                                       ;
;   350.761 ;   0.000  ;    ; RE   ; 1      ; IOIBUF_X56_Y0_N1                           ; ARRIAV_IO_IBUF                                                             ;
;   350.761 ;   0.000  ;    ; RE   ; 1      ; IO_INPUT_BUFFER_OUTPUT_X56_Y0_N1_I2        ; IO_INPUT_BUFFER_OUTPUT                                                     ;
;   350.761 ;   0.000  ;    ; RE   ; 1      ; IO_RE_X56_Y0_N0_I96                        ; IO_RE                                                                      ;
;   351.260 ;   0.499  ;    ; RE   ; 2      ; IO_RE_X56_Y0_N0_I66                        ; IO_RE                                                                      ;
;   352.096 ;   0.836  ;    ; RE   ; 1      ; FF_PLL_RE_X89_Y0_N0_I3                     ; FF_PLL_RE                                                                  ;
;   352.096 ;   0.000  ;    ; RE   ; 1      ; F_PLL_BLOCK_RE_X89_Y0_N0_I2                ; F_PLL_BLOCK_RE                                                             ;
;   352.096 ;   0.000  ;    ; RE   ; 1      ; PLL_REFCLK_SELECT_INPUT_X89_Y7_N0_I2       ; PLL_REFCLK_SELECT_INPUT                                                    ;
;   352.096 ;   0.000  ; RR ; IC   ; 1      ; PLLREFCLKSELECT_X89_Y7_N0                  ; emu|pll|pll_inst|altera_pll_i|general[0].gpll~PLL_REFCLK_SELECT|clkin[0]   ;
;   352.429 ;   0.333  ; RR ; CELL ; 1      ; PLLREFCLKSELECT_X89_Y7_N0                  ; emu|pll|pll_inst|altera_pll_i|general[0].gpll~PLL_REFCLK_SELECT|clkout     ;
;   352.429 ;   0.000  ;    ; RE   ; 2      ; PLLREFCLKSELECT_X89_Y7_N0                  ; CYCLONEV_PLL_REFCLK_SELECT                                                 ;
;   352.429 ;   0.000  ;    ; RE   ; 1      ; PLL_REFCLK_SELECT_OUTPUT_X89_Y7_N0_I15     ; PLL_REFCLK_SELECT_OUTPUT                                                   ;
;   352.429 ;   0.000  ;    ; RE   ; 1      ; FRACTIONAL_PLL_INPUT_X89_Y1_N0_I7          ; FRACTIONAL_PLL_INPUT                                                       ;
;   352.429 ;   0.000  ; RR ; IC   ; 10     ; FRACTIONALPLL_X89_Y1_N0                    ; emu|pll|pll_inst|altera_pll_i|general[0].gpll~FRACTIONAL_PLL|refclkin      ;
;   348.661 ;   -3.768 ; RR ; COMP ; 3      ; FRACTIONALPLL_X89_Y1_N0                    ; emu|pll|pll_inst|altera_pll_i|general[0].gpll~FRACTIONAL_PLL|vcoph[0]      ;
;   348.661 ;   0.000  ;    ; RE   ; 19     ; FRACTIONALPLL_X89_Y1_N0                    ; CYCLONEV_FRACTIONAL_PLL                                                    ;
;   348.661 ;   0.000  ;    ; RE   ; 1      ; FRACTIONAL_PLL_OUTPUT_X89_Y1_N0_I19        ; FRACTIONAL_PLL_OUTPUT                                                      ;
;   348.661 ;   0.000  ;    ; RE   ; 3      ; F_PLL_BLOCK_RE_X89_Y0_N0_I109              ; F_PLL_BLOCK_RE                                                             ;
;   348.661 ;   0.000  ;    ; RE   ; 1      ; PLL_OUTPUT_COUNTER_INPUT_X89_Y2_N1_I7      ; PLL_OUTPUT_COUNTER_INPUT                                                   ;
;   348.661 ;   0.000  ; RR ; IC   ; 1      ; PLLOUTPUTCOUNTER_X89_Y2_N1                 ; emu|pll|pll_inst|altera_pll_i|general[0].gpll~PLL_OUTPUT_COUNTER|vco0ph[0] ;
;   350.196 ;   1.535  ; RR ; CELL ; 1      ; PLLOUTPUTCOUNTER_X89_Y2_N1                 ; emu|pll|pll_inst|altera_pll_i|general[0].gpll~PLL_OUTPUT_COUNTER|divclk    ;
;   350.196 ;   0.000  ;    ; RE   ; 1      ; PLLOUTPUTCOUNTER_X89_Y2_N1                 ; CYCLONEV_PLL_OUTPUT_COUNTER                                                ;
;   350.196 ;   0.000  ;    ; RE   ; 1      ; PLL_OUTPUT_COUNTER_OUTPUT_X89_Y2_N1_I16    ; PLL_OUTPUT_COUNTER_OUTPUT                                                  ;
;   350.676 ;   0.480  ;    ; RE   ; 1      ; FF_PLL_RE_X89_Y0_N0_I103                   ; FF_PLL_RE                                                                  ;
;   351.215 ;   0.539  ;    ; RE   ; 1      ; CLKBUF_CLUSTER_RE_X89_Y35_N3_I435          ; CLKBUF_CLUSTER_RE                                                          ;
;   351.215 ;   0.000  ;    ; RE   ; 1      ; CLKBUF_CLUSTER_RE_X89_Y35_N3_I693          ; CLKBUF_CLUSTER_RE                                                          ;
;   351.215 ;   0.000  ;    ; RE   ; 1      ; GCLK_CLUSTER_RE_X89_Y35_N12_I10            ; GCLK_CLUSTER_RE                                                            ;
;   351.215 ;   0.000  ;    ; RE   ; 1      ; CLKBUFBLOCK_INPUT_X89_Y35_N13_I0           ; CLKBUFBLOCK_INPUT                                                          ;
;   351.215 ;   0.000  ; RR ; IC   ; 1      ; CLKCTRL_G11                                ; emu|pll|pll_inst|altera_pll_i|outclk_wire[0]~CLKENA0|inclk                 ;
;   351.537 ;   0.322  ; RR ; CELL ; 1342   ; CLKCTRL_G11                                ; emu|pll|pll_inst|altera_pll_i|outclk_wire[0]~CLKENA0|outclk                ;
;   351.537 ;   0.000  ;    ; RE   ; 1      ; CLKCTRL_G11                                ; ARRIAV_CLKBUF                                                              ;
;   351.537 ;   0.000  ;    ; RE   ; 1      ; CLKBUFBLOCK_OUTPUT_X89_Y35_N13_I2          ; CLKBUFBLOCK_OUTPUT                                                         ;
;   351.537 ;   0.000  ;    ; RE   ; 1      ; GCLK_CLUSTER_RE_X89_Y35_N12_I12            ; GCLK_CLUSTER_RE                                                            ;
;   351.537 ;   0.000  ;    ; RE   ; 1      ; CLKBUF_CLUSTER_RE_X89_Y35_N3_I418          ; CLKBUF_CLUSTER_RE                                                          ;
;   352.672 ;   1.135  ;    ; RE   ; 7      ; GLOBAL_CLOCK_X0_Y36_N0_I11                 ; GLOBAL_CLOCK                                                               ;
;   352.820 ;   0.148  ;    ; RE   ; 20     ; SPINE_CLOCK_X15_Y59_N0_I19                 ; SPINE_CLOCK                                                                ;
;   353.207 ;   0.387  ;    ; RE   ; 1      ; SCLK_TO_ROWCLK_BUF_X15_Y75_N0_I115         ; SCLK_TO_ROWCLK_BUF                                                         ;
;   353.291 ;   0.084  ;    ; RE   ; 2      ; SCLK_TO_ROWCLK_BUF_X15_Y75_N0_I118         ; SCLK_TO_ROWCLK_BUF                                                         ;
;   353.724 ;   0.433  ;    ; RE   ; 3      ; LAB_CLK_X0_Y75_N0_I5                       ; LAB_CLK                                                                    ;
;   353.862 ;   0.138  ;    ; RE   ; 1      ; BLK_CLK_BUF_X12_Y75_N0_I5                  ; BLK_CLK_BUF                                                                ;
;   353.909 ;   0.047  ;    ; RE   ; 1      ; ROWCLKSEL_PREBUF_X12_Y75_N0_I5             ; ROWCLKSEL_PREBUF                                                           ;
;   353.959 ;   0.050  ;    ; RE   ; 1      ; ROWCLKSEL_X12_Y75_N0_I0                    ; ROWCLKSEL                                                                  ;
;   353.959 ;   0.000  ;    ; RE   ; 2      ; GLOBAL_LOCAL_SEL_X12_Y75_N0_I0             ; GLOBAL_LOCAL_SEL                                                           ;
;   353.959 ;   0.000  ;    ; RE   ; 15     ; LAB_INPUT_X12_Y75_N0_I1                    ; LAB_INPUT                                                                  ;
;   353.958 ;   -0.001 ; RR ; IC   ; 1      ; FF_X12_Y75_N32                             ; emu|audio_reset_stretch[3]|clk                                             ;
;   354.532 ;   0.574  ; RR ; CELL ; 1      ; FF_X12_Y75_N32                             ; emu:emu|audio_reset_stretch[3]                                             ;
; 357.645   ; 3.113    ;    ;      ;        ;                                            ; data path                                                                  ;
;   354.532 ;   0.000  ;    ; uTco ; 1      ; FF_X12_Y75_N32                             ; emu:emu|audio_reset_stretch[3]                                             ;
;   354.532 ;   0.000  ; RR ; CELL ; 2      ; FF_X12_Y75_N32                             ; emu|audio_reset_stretch[3]|q                                               ;
;   354.604 ;   0.072  ;    ; RE   ; 1      ; FF_X12_Y75_N32                             ; ARRIAV_FF                                                                  ;
;   354.738 ;   0.134  ;    ; RE   ; 2      ; LOCAL_LINE_X12_Y75_N0_I10                  ; LOCAL_LINE                                                                 ;
;   354.880 ;   0.142  ;    ; RE   ; 1      ; BLOCK_INPUT_MUX_X12_Y75_N0_I5              ; LEIM_INPUT                                                                 ;
;   354.880 ;   0.000  ; RR ; IC   ; 1      ; LABCELL_X12_Y75_N3                         ; emu|Equal4~0|datac                                                         ;
;   355.379 ;   0.499  ; RF ; CELL ; 6      ; LABCELL_X12_Y75_N3                         ; emu|Equal4~0|combout                                                       ;
;   355.379 ;   0.000  ;    ; RE   ; 2      ; LABCELL_X12_Y75_N3                         ; ARRIAV_LCELL_COMB                                                          ;
;   355.468 ;   0.089  ;    ; RE   ; 2      ; LE_BUFFER_X12_Y75_N0_I3                    ; LE_BUFFER                                                                  ;
;   355.612 ;   0.144  ;    ; RE   ; 1      ; LOCAL_INTERCONNECT_X11_Y75_N0_I1           ; LAB_LINE                                                                   ;
;   355.711 ;   0.099  ;    ; RE   ; 1      ; BLOCK_INPUT_MUX_X11_Y75_N0_I26             ; LEIM_INPUT                                                                 ;
;   355.710 ;   -0.001 ; FF ; IC   ; 1      ; LABCELL_X11_Y75_N21                        ; emu|audio_reset_request|dataa                                              ;
;   356.260 ;   0.550  ; FR ; CELL ; 22     ; LABCELL_X11_Y75_N21                        ; emu|audio_reset_request|combout                                            ;
;   356.260 ;   0.000  ;    ; RE   ; 2      ; LABCELL_X11_Y75_N21                        ; ARRIAV_LCELL_COMB                                                          ;
;   356.353 ;   0.093  ;    ; RE   ; 2      ; LE_BUFFER_X11_Y75_N0_I14                   ; LE_BUFFER                                                                  ;
;   356.519 ;   0.166  ;    ; RE   ; 2      ; R6_X6_Y75_N0_I21                           ; H_SEG6                                                                     ;
;   356.673 ;   0.154  ;    ; RE   ; 3      ; R3_X9_Y75_N0_I14                           ; H_SEG3                                                                     ;
;   356.821 ;   0.148  ;    ; RE   ; 1      ; LOCAL_INTERCONNECT_X11_Y75_N0_I22          ; LAB_LINE                                                                   ;
;   357.021 ;   0.200  ;    ; RE   ; 1      ; BLOCK_INPUT_MUX_PASSTHROUGH_X11_Y75_N0_I83 ; LEIM                                                                       ;
;   357.021 ;   0.000  ;    ; RE   ; 1      ; GLOBAL_LOCAL_SEL_X11_Y75_N0_I2             ; GLOBAL_LOCAL_SEL                                                           ;
;   357.021 ;   0.000  ;    ; RE   ; 6      ; LAB_INPUT_X11_Y75_N0_I3                    ; LAB_INPUT                                                                  ;
;   357.022 ;   0.001  ; RR ; IC   ; 1      ; FF_X11_Y75_N59                             ; emu|reset_audio_src_sync[0]|clrn                                           ;
;   357.645 ;   0.623  ; RF ; CELL ; 1      ; FF_X11_Y75_N59                             ; emu:emu|reset_audio_src_sync[0]                                            ;
+-----------+----------+----+------+--------+--------------------------------------------+----------------------------------------------------------------------------+

+------------------------------------------------------------------------------------------------------------------------------------------------------------------+
; Data Required Path                                                                                                                                               ;
+-----------+----------+----+------+--------+-----------------------------------------+----------------------------------------------------------------------------+
; Total     ; Incr     ; RF ; Type ; Fanout ; Location                                ; Element                                                                    ;
+-----------+----------+----+------+--------+-----------------------------------------+----------------------------------------------------------------------------+
; 351.842   ; 351.842  ;    ;      ;        ;                                         ; latch edge time                                                            ;
; 355.500   ; 3.658    ;    ;      ;        ;                                         ; clock path                                                                 ;
;   351.842 ;   0.000  ;    ;      ;        ;                                         ; source latency                                                             ;
;   351.842 ;   0.000  ;    ;      ; 1      ; PIN_Y13                                 ; FPGA_CLK2_50                                                               ;
;   351.842 ;   0.000  ;    ; RE   ; 1      ; IOPAD_X56_Y0_N0                         ; ARRIAV_IO_PAD                                                              ;
;   351.842 ;   0.000  ;    ; RE   ; 1      ; IO_PAD_OUTPUT_X56_Y0_N0_I1              ; IO_PAD_OUTPUT                                                              ;
;   351.842 ;   0.000  ;    ; RE   ; 1      ; IO_INPUT_BUFFER_INPUT_X56_Y0_N1_I0      ; IO_INPUT_BUFFER_INPUT                                                      ;
;   351.842 ;   0.000  ; RR ; IC   ; 1      ; IOIBUF_X56_Y0_N1                        ; FPGA_CLK2_50~input|i                                                       ;
;   352.603 ;   0.761  ; RR ; CELL ; 2      ; IOIBUF_X56_Y0_N1                        ; FPGA_CLK2_50~input|o                                                       ;
;   352.603 ;   0.000  ;    ; RE   ; 1      ; IOIBUF_X56_Y0_N1                        ; ARRIAV_IO_IBUF                                                             ;
;   352.603 ;   0.000  ;    ; RE   ; 1      ; IO_INPUT_BUFFER_OUTPUT_X56_Y0_N1_I2     ; IO_INPUT_BUFFER_OUTPUT                                                     ;
;   352.603 ;   0.000  ;    ; RE   ; 1      ; IO_RE_X56_Y0_N0_I96                     ; IO_RE                                                                      ;
;   352.986 ;   0.383  ;    ; RE   ; 2      ; IO_RE_X56_Y0_N0_I66                     ; IO_RE                                                                      ;
;   353.774 ;   0.788  ;    ; RE   ; 1      ; FF_PLL_RE_X89_Y0_N0_I3                  ; FF_PLL_RE                                                                  ;
;   353.774 ;   0.000  ;    ; RE   ; 1      ; F_PLL_BLOCK_RE_X89_Y0_N0_I2             ; F_PLL_BLOCK_RE                                                             ;
;   353.774 ;   0.000  ;    ; RE   ; 1      ; PLL_REFCLK_SELECT_INPUT_X89_Y7_N0_I2    ; PLL_REFCLK_SELECT_INPUT                                                    ;
;   353.774 ;   0.000  ; RR ; IC   ; 1      ; PLLREFCLKSELECT_X89_Y7_N0               ; emu|pll|pll_inst|altera_pll_i|general[0].gpll~PLL_REFCLK_SELECT|clkin[0]   ;
;   354.082 ;   0.308  ; RR ; CELL ; 1      ; PLLREFCLKSELECT_X89_Y7_N0               ; emu|pll|pll_inst|altera_pll_i|general[0].gpll~PLL_REFCLK_SELECT|clkout     ;
;   354.082 ;   0.000  ;    ; RE   ; 2      ; PLLREFCLKSELECT_X89_Y7_N0               ; CYCLONEV_PLL_REFCLK_SELECT                                                 ;
;   354.082 ;   0.000  ;    ; RE   ; 1      ; PLL_REFCLK_SELECT_OUTPUT_X89_Y7_N0_I15  ; PLL_REFCLK_SELECT_OUTPUT                                                   ;
;   354.082 ;   0.000  ;    ; RE   ; 1      ; FRACTIONAL_PLL_INPUT_X89_Y1_N0_I7       ; FRACTIONAL_PLL_INPUT                                                       ;
;   354.082 ;   0.000  ; RR ; IC   ; 10     ; FRACTIONALPLL_X89_Y1_N0                 ; emu|pll|pll_inst|altera_pll_i|general[0].gpll~FRACTIONAL_PLL|refclkin      ;
;   349.150 ;   -4.932 ; RR ; COMP ; 3      ; FRACTIONALPLL_X89_Y1_N0                 ; emu|pll|pll_inst|altera_pll_i|general[0].gpll~FRACTIONAL_PLL|vcoph[0]      ;
;   349.150 ;   0.000  ;    ; RE   ; 19     ; FRACTIONALPLL_X89_Y1_N0                 ; CYCLONEV_FRACTIONAL_PLL                                                    ;
;   349.150 ;   0.000  ;    ; RE   ; 1      ; FRACTIONAL_PLL_OUTPUT_X89_Y1_N0_I19     ; FRACTIONAL_PLL_OUTPUT                                                      ;
;   349.150 ;   0.000  ;    ; RE   ; 3      ; F_PLL_BLOCK_RE_X89_Y0_N0_I109           ; F_PLL_BLOCK_RE                                                             ;
;   349.150 ;   0.000  ;    ; RE   ; 1      ; PLL_OUTPUT_COUNTER_INPUT_X89_Y0_N1_I7   ; PLL_OUTPUT_COUNTER_INPUT                                                   ;
;   349.150 ;   0.000  ; RR ; IC   ; 1      ; PLLOUTPUTCOUNTER_X89_Y0_N1              ; emu|pll|pll_inst|altera_pll_i|general[2].gpll~PLL_OUTPUT_COUNTER|vco0ph[0] ;
;   350.418 ;   1.268  ; RR ; CELL ; 1      ; PLLOUTPUTCOUNTER_X89_Y0_N1              ; emu|pll|pll_inst|altera_pll_i|general[2].gpll~PLL_OUTPUT_COUNTER|divclk    ;
;   350.418 ;   0.000  ;    ; RE   ; 1      ; PLLOUTPUTCOUNTER_X89_Y0_N1              ; CYCLONEV_PLL_OUTPUT_COUNTER                                                ;
;   350.418 ;   0.000  ;    ; RE   ; 1      ; PLL_OUTPUT_COUNTER_OUTPUT_X89_Y0_N1_I16 ; PLL_OUTPUT_COUNTER_OUTPUT                                                  ;
;   350.855 ;   0.437  ;    ; RE   ; 1      ; FF_PLL_RE_X89_Y0_N0_I101                ; FF_PLL_RE                                                                  ;
;   351.362 ;   0.507  ;    ; RE   ; 1      ; CLKBUF_CLUSTER_RE_X89_Y35_N3_I433       ; CLKBUF_CLUSTER_RE                                                          ;
;   351.362 ;   0.000  ;    ; RE   ; 1      ; CLKBUF_CLUSTER_RE_X89_Y35_N3_I563       ; CLKBUF_CLUSTER_RE                                                          ;
;   351.362 ;   0.000  ;    ; RE   ; 1      ; GCLK_CLUSTER_RE_X89_Y35_N6_I10          ; GCLK_CLUSTER_RE                                                            ;
;   351.362 ;   0.000  ;    ; RE   ; 1      ; CLKBUFBLOCK_INPUT_X89_Y35_N7_I0         ; CLKBUFBLOCK_INPUT                                                          ;
;   351.362 ;   0.000  ; RR ; IC   ; 1      ; CLKCTRL_G9                              ; emu|pll|pll_inst|altera_pll_i|outclk_wire[2]~CLKENA0|inclk                 ;
;   351.658 ;   0.296  ; RR ; CELL ; 32647  ; CLKCTRL_G9                              ; emu|pll|pll_inst|altera_pll_i|outclk_wire[2]~CLKENA0|outclk                ;
;   351.658 ;   0.000  ;    ; RE   ; 1      ; CLKCTRL_G9                              ; ARRIAV_CLKBUF                                                              ;
;   351.658 ;   0.000  ;    ; RE   ; 1      ; CLKBUFBLOCK_OUTPUT_X89_Y35_N7_I2        ; CLKBUFBLOCK_OUTPUT                                                         ;
;   351.658 ;   0.000  ;    ; RE   ; 1      ; GCLK_CLUSTER_RE_X89_Y35_N6_I12          ; GCLK_CLUSTER_RE                                                            ;
;   351.658 ;   0.000  ;    ; RE   ; 1      ; CLKBUF_CLUSTER_RE_X89_Y35_N3_I416       ; CLKBUF_CLUSTER_RE                                                          ;
;   352.407 ;   0.749  ;    ; RE   ; 12     ; GLOBAL_CLOCK_X0_Y36_N0_I9               ; GLOBAL_CLOCK                                                               ;
;   352.562 ;   0.155  ;    ; RE   ; 7      ; SPINE_CLOCK_X15_Y59_N0_I7               ; SPINE_CLOCK                                                                ;
;   352.936 ;   0.374  ;    ; RE   ; 1      ; SCLK_TO_ROWCLK_BUF_X15_Y75_N0_I42       ; SCLK_TO_ROWCLK_BUF                                                         ;
;   353.008 ;   0.072  ;    ; RE   ; 1      ; SCLK_TO_ROWCLK_BUF_X15_Y75_N0_I45       ; SCLK_TO_ROWCLK_BUF                                                         ;
;   353.420 ;   0.412  ;    ; RE   ; 6      ; LAB_CLK_X0_Y75_N0_I2                    ; LAB_CLK                                                                    ;
;   353.547 ;   0.127  ;    ; RE   ; 1      ; BLK_CLK_BUF_X11_Y75_N0_I2               ; BLK_CLK_BUF                                                                ;
;   353.592 ;   0.045  ;    ; RE   ; 1      ; ROWCLKSEL_PREBUF_X11_Y75_N0_I2          ; ROWCLKSEL_PREBUF                                                           ;
;   353.638 ;   0.046  ;    ; RE   ; 1      ; ROWCLKSEL_X11_Y75_N0_I0                 ; ROWCLKSEL                                                                  ;
;   353.638 ;   0.000  ;    ; RE   ; 1      ; GLOBAL_LOCAL_SEL_X11_Y75_N0_I0          ; GLOBAL_LOCAL_SEL                                                           ;
;   353.638 ;   0.000  ;    ; RE   ; 6      ; LAB_INPUT_X11_Y75_N0_I0                 ; LAB_INPUT                                                                  ;
;   353.638 ;   0.000  ; RR ; IC   ; 1      ; FF_X11_Y75_N59                          ; emu|reset_audio_src_sync[0]|clk                                            ;
;   354.147 ;   0.509  ; RR ; CELL ; 1      ; FF_X11_Y75_N59                          ; emu:emu|reset_audio_src_sync[0]                                            ;
;   355.500 ;   1.353  ;    ;      ;        ;                                         ; clock pessimism removed                                                    ;
; 355.340   ; -0.160   ;    ;      ;        ;                                         ; clock uncertainty                                                          ;
; 355.340   ; 0.000    ;    ; uTsu ; 1      ; FF_X11_Y75_N59                          ; emu:emu|reset_audio_src_sync[0]                                            ;
+-----------+----------+----+------+--------+-----------------------------------------+----------------------------------------------------------------------------+

----------------------------
; Extra Fitter Information ;
----------------------------
HTML report is unavailable in plain text report export.


Path #29: Recovery slack is -2.305 (VIOLATED)
===============================================================================
+----------------------------------------------------------------------------------------------+
; Path Summary                                                                                 ;
+--------------------+-------------------------------------------------------------------------+
; Property           ; Value                                                                   ;
+--------------------+-------------------------------------------------------------------------+
; From Node          ; emu:emu|audio_reset_stretch[3]                                          ;
; To Node            ; emu:emu|audio_mode_src[1]                                               ;
; Launch Clock       ; emu|pll|pll_inst|altera_pll_i|general[0].gpll~PLL_OUTPUT_COUNTER|divclk ;
; Latch Clock        ; emu|pll|pll_inst|altera_pll_i|general[2].gpll~PLL_OUTPUT_COUNTER|divclk ;
; Data Arrival Time  ; 357.645                                                                 ;
; Data Required Time ; 355.340                                                                 ;
; Slack              ; -2.305 (VIOLATED)                                                       ;
+--------------------+-------------------------------------------------------------------------+

+--------------------------------------------------------------------------------------+
; Statistics                                                                           ;
+------------------------+--------+-------+-------------+------------+--------+--------+
; Property               ; Value  ; Count ; Total Delay ; % of Total ; Min    ; Max    ;
+------------------------+--------+-------+-------------+------------+--------+--------+
; Recovery Relationship  ; 1.842  ;       ;             ;            ;        ;        ;
; Clock Skew             ; -0.874 ;       ;             ;            ;        ;        ;
; Data Delay             ; 3.113  ;       ;             ;            ;        ;        ;
; Number of Logic Levels ;        ; 2     ;             ;            ;        ;        ;
; Physical Delays        ;        ;       ;             ;            ;        ;        ;
;  Arrival Path          ;        ;       ;             ;            ;        ;        ;
;   Clock                ;        ;       ;             ;            ;        ;        ;
;    IC                  ;        ; 6     ; -0.001      ; 0          ; -0.001 ; 0.000  ;
;    Cell                ;        ; 5     ; 3.525       ; 42         ; 0.322  ; 1.535  ;
;    PLL Compensation    ;        ; 1     ; -3.768      ; 0          ; -3.768 ; -3.768 ;
;    Routing Element     ;        ; 38    ; 4.776       ; 58         ; 0.000  ; 1.135  ;
;   Data                 ;        ;       ;             ;            ;        ;        ;
;    IC                  ;        ; 3     ; 0.000       ; 0          ; -0.001 ; 0.001  ;
;    Cell                ;        ; 4     ; 1.672       ; 54         ; 0.000  ; 0.623  ;
;    uTco                ;        ; 1     ; 0.000       ; 0          ; 0.000  ; 0.000  ;
;    Routing Element     ;        ; 15    ; 1.441       ; 46         ; 0.000  ; 0.200  ;
;  Required Path         ;        ;       ;             ;            ;        ;        ;
;   Clock                ;        ;       ;             ;            ;        ;        ;
;    IC                  ;        ; 6     ; 0.000       ; 0          ; 0.000  ; 0.000  ;
;    Cell                ;        ; 5     ; 3.142       ; 43         ; 0.296  ; 1.268  ;
;    PLL Compensation    ;        ; 1     ; -4.932      ; 0          ; -4.932 ; -4.932 ;
;    Routing Element     ;        ; 38    ; 4.095       ; 57         ; 0.000  ; 0.788  ;
+------------------------+--------+-------+-------------+------------+--------+--------+
Note: Negative delays are omitted from totals when calculating percentages

+---------------------------------------------------------------------------------------------------------------------------------------------------------------------+
; Data Arrival Path                                                                                                                                                   ;
+-----------+----------+----+------+--------+--------------------------------------------+----------------------------------------------------------------------------+
; Total     ; Incr     ; RF ; Type ; Fanout ; Location                                   ; Element                                                                    ;
+-----------+----------+----+------+--------+--------------------------------------------+----------------------------------------------------------------------------+
; 350.000   ; 350.000  ;    ;      ;        ;                                            ; launch edge time                                                           ;
; 354.532   ; 4.532    ;    ;      ;        ;                                            ; clock path                                                                 ;
;   350.000 ;   0.000  ;    ;      ;        ;                                            ; source latency                                                             ;
;   350.000 ;   0.000  ;    ;      ; 1      ; PIN_Y13                                    ; FPGA_CLK2_50                                                               ;
;   350.000 ;   0.000  ;    ; RE   ; 1      ; IOPAD_X56_Y0_N0                            ; ARRIAV_IO_PAD                                                              ;
;   350.000 ;   0.000  ;    ; RE   ; 1      ; IO_PAD_OUTPUT_X56_Y0_N0_I1                 ; IO_PAD_OUTPUT                                                              ;
;   350.000 ;   0.000  ;    ; RE   ; 1      ; IO_INPUT_BUFFER_INPUT_X56_Y0_N1_I0         ; IO_INPUT_BUFFER_INPUT                                                      ;
;   350.000 ;   0.000  ; RR ; IC   ; 1      ; IOIBUF_X56_Y0_N1                           ; FPGA_CLK2_50~input|i                                                       ;
;   350.761 ;   0.761  ; RR ; CELL ; 2      ; IOIBUF_X56_Y0_N1                           ; FPGA_CLK2_50~input|o                                                       ;
;   350.761 ;   0.000  ;    ; RE   ; 1      ; IOIBUF_X56_Y0_N1                           ; ARRIAV_IO_IBUF                                                             ;
;   350.761 ;   0.000  ;    ; RE   ; 1      ; IO_INPUT_BUFFER_OUTPUT_X56_Y0_N1_I2        ; IO_INPUT_BUFFER_OUTPUT                                                     ;
;   350.761 ;   0.000  ;    ; RE   ; 1      ; IO_RE_X56_Y0_N0_I96                        ; IO_RE                                                                      ;
;   351.260 ;   0.499  ;    ; RE   ; 2      ; IO_RE_X56_Y0_N0_I66                        ; IO_RE                                                                      ;
;   352.096 ;   0.836  ;    ; RE   ; 1      ; FF_PLL_RE_X89_Y0_N0_I3                     ; FF_PLL_RE                                                                  ;
;   352.096 ;   0.000  ;    ; RE   ; 1      ; F_PLL_BLOCK_RE_X89_Y0_N0_I2                ; F_PLL_BLOCK_RE                                                             ;
;   352.096 ;   0.000  ;    ; RE   ; 1      ; PLL_REFCLK_SELECT_INPUT_X89_Y7_N0_I2       ; PLL_REFCLK_SELECT_INPUT                                                    ;
;   352.096 ;   0.000  ; RR ; IC   ; 1      ; PLLREFCLKSELECT_X89_Y7_N0                  ; emu|pll|pll_inst|altera_pll_i|general[0].gpll~PLL_REFCLK_SELECT|clkin[0]   ;
;   352.429 ;   0.333  ; RR ; CELL ; 1      ; PLLREFCLKSELECT_X89_Y7_N0                  ; emu|pll|pll_inst|altera_pll_i|general[0].gpll~PLL_REFCLK_SELECT|clkout     ;
;   352.429 ;   0.000  ;    ; RE   ; 2      ; PLLREFCLKSELECT_X89_Y7_N0                  ; CYCLONEV_PLL_REFCLK_SELECT                                                 ;
;   352.429 ;   0.000  ;    ; RE   ; 1      ; PLL_REFCLK_SELECT_OUTPUT_X89_Y7_N0_I15     ; PLL_REFCLK_SELECT_OUTPUT                                                   ;
;   352.429 ;   0.000  ;    ; RE   ; 1      ; FRACTIONAL_PLL_INPUT_X89_Y1_N0_I7          ; FRACTIONAL_PLL_INPUT                                                       ;
;   352.429 ;   0.000  ; RR ; IC   ; 10     ; FRACTIONALPLL_X89_Y1_N0                    ; emu|pll|pll_inst|altera_pll_i|general[0].gpll~FRACTIONAL_PLL|refclkin      ;
;   348.661 ;   -3.768 ; RR ; COMP ; 3      ; FRACTIONALPLL_X89_Y1_N0                    ; emu|pll|pll_inst|altera_pll_i|general[0].gpll~FRACTIONAL_PLL|vcoph[0]      ;
;   348.661 ;   0.000  ;    ; RE   ; 19     ; FRACTIONALPLL_X89_Y1_N0                    ; CYCLONEV_FRACTIONAL_PLL                                                    ;
;   348.661 ;   0.000  ;    ; RE   ; 1      ; FRACTIONAL_PLL_OUTPUT_X89_Y1_N0_I19        ; FRACTIONAL_PLL_OUTPUT                                                      ;
;   348.661 ;   0.000  ;    ; RE   ; 3      ; F_PLL_BLOCK_RE_X89_Y0_N0_I109              ; F_PLL_BLOCK_RE                                                             ;
;   348.661 ;   0.000  ;    ; RE   ; 1      ; PLL_OUTPUT_COUNTER_INPUT_X89_Y2_N1_I7      ; PLL_OUTPUT_COUNTER_INPUT                                                   ;
;   348.661 ;   0.000  ; RR ; IC   ; 1      ; PLLOUTPUTCOUNTER_X89_Y2_N1                 ; emu|pll|pll_inst|altera_pll_i|general[0].gpll~PLL_OUTPUT_COUNTER|vco0ph[0] ;
;   350.196 ;   1.535  ; RR ; CELL ; 1      ; PLLOUTPUTCOUNTER_X89_Y2_N1                 ; emu|pll|pll_inst|altera_pll_i|general[0].gpll~PLL_OUTPUT_COUNTER|divclk    ;
;   350.196 ;   0.000  ;    ; RE   ; 1      ; PLLOUTPUTCOUNTER_X89_Y2_N1                 ; CYCLONEV_PLL_OUTPUT_COUNTER                                                ;
;   350.196 ;   0.000  ;    ; RE   ; 1      ; PLL_OUTPUT_COUNTER_OUTPUT_X89_Y2_N1_I16    ; PLL_OUTPUT_COUNTER_OUTPUT                                                  ;
;   350.676 ;   0.480  ;    ; RE   ; 1      ; FF_PLL_RE_X89_Y0_N0_I103                   ; FF_PLL_RE                                                                  ;
;   351.215 ;   0.539  ;    ; RE   ; 1      ; CLKBUF_CLUSTER_RE_X89_Y35_N3_I435          ; CLKBUF_CLUSTER_RE                                                          ;
;   351.215 ;   0.000  ;    ; RE   ; 1      ; CLKBUF_CLUSTER_RE_X89_Y35_N3_I693          ; CLKBUF_CLUSTER_RE                                                          ;
;   351.215 ;   0.000  ;    ; RE   ; 1      ; GCLK_CLUSTER_RE_X89_Y35_N12_I10            ; GCLK_CLUSTER_RE                                                            ;
;   351.215 ;   0.000  ;    ; RE   ; 1      ; CLKBUFBLOCK_INPUT_X89_Y35_N13_I0           ; CLKBUFBLOCK_INPUT                                                          ;
;   351.215 ;   0.000  ; RR ; IC   ; 1      ; CLKCTRL_G11                                ; emu|pll|pll_inst|altera_pll_i|outclk_wire[0]~CLKENA0|inclk                 ;
;   351.537 ;   0.322  ; RR ; CELL ; 1342   ; CLKCTRL_G11                                ; emu|pll|pll_inst|altera_pll_i|outclk_wire[0]~CLKENA0|outclk                ;
;   351.537 ;   0.000  ;    ; RE   ; 1      ; CLKCTRL_G11                                ; ARRIAV_CLKBUF                                                              ;
;   351.537 ;   0.000  ;    ; RE   ; 1      ; CLKBUFBLOCK_OUTPUT_X89_Y35_N13_I2          ; CLKBUFBLOCK_OUTPUT                                                         ;
;   351.537 ;   0.000  ;    ; RE   ; 1      ; GCLK_CLUSTER_RE_X89_Y35_N12_I12            ; GCLK_CLUSTER_RE                                                            ;
;   351.537 ;   0.000  ;    ; RE   ; 1      ; CLKBUF_CLUSTER_RE_X89_Y35_N3_I418          ; CLKBUF_CLUSTER_RE                                                          ;
;   352.672 ;   1.135  ;    ; RE   ; 7      ; GLOBAL_CLOCK_X0_Y36_N0_I11                 ; GLOBAL_CLOCK                                                               ;
;   352.820 ;   0.148  ;    ; RE   ; 20     ; SPINE_CLOCK_X15_Y59_N0_I19                 ; SPINE_CLOCK                                                                ;
;   353.207 ;   0.387  ;    ; RE   ; 1      ; SCLK_TO_ROWCLK_BUF_X15_Y75_N0_I115         ; SCLK_TO_ROWCLK_BUF                                                         ;
;   353.291 ;   0.084  ;    ; RE   ; 2      ; SCLK_TO_ROWCLK_BUF_X15_Y75_N0_I118         ; SCLK_TO_ROWCLK_BUF                                                         ;
;   353.724 ;   0.433  ;    ; RE   ; 3      ; LAB_CLK_X0_Y75_N0_I5                       ; LAB_CLK                                                                    ;
;   353.862 ;   0.138  ;    ; RE   ; 1      ; BLK_CLK_BUF_X12_Y75_N0_I5                  ; BLK_CLK_BUF                                                                ;
;   353.909 ;   0.047  ;    ; RE   ; 1      ; ROWCLKSEL_PREBUF_X12_Y75_N0_I5             ; ROWCLKSEL_PREBUF                                                           ;
;   353.959 ;   0.050  ;    ; RE   ; 1      ; ROWCLKSEL_X12_Y75_N0_I0                    ; ROWCLKSEL                                                                  ;
;   353.959 ;   0.000  ;    ; RE   ; 2      ; GLOBAL_LOCAL_SEL_X12_Y75_N0_I0             ; GLOBAL_LOCAL_SEL                                                           ;
;   353.959 ;   0.000  ;    ; RE   ; 15     ; LAB_INPUT_X12_Y75_N0_I1                    ; LAB_INPUT                                                                  ;
;   353.958 ;   -0.001 ; RR ; IC   ; 1      ; FF_X12_Y75_N32                             ; emu|audio_reset_stretch[3]|clk                                             ;
;   354.532 ;   0.574  ; RR ; CELL ; 1      ; FF_X12_Y75_N32                             ; emu:emu|audio_reset_stretch[3]                                             ;
; 357.645   ; 3.113    ;    ;      ;        ;                                            ; data path                                                                  ;
;   354.532 ;   0.000  ;    ; uTco ; 1      ; FF_X12_Y75_N32                             ; emu:emu|audio_reset_stretch[3]                                             ;
;   354.532 ;   0.000  ; RR ; CELL ; 2      ; FF_X12_Y75_N32                             ; emu|audio_reset_stretch[3]|q                                               ;
;   354.604 ;   0.072  ;    ; RE   ; 1      ; FF_X12_Y75_N32                             ; ARRIAV_FF                                                                  ;
;   354.738 ;   0.134  ;    ; RE   ; 2      ; LOCAL_LINE_X12_Y75_N0_I10                  ; LOCAL_LINE                                                                 ;
;   354.880 ;   0.142  ;    ; RE   ; 1      ; BLOCK_INPUT_MUX_X12_Y75_N0_I5              ; LEIM_INPUT                                                                 ;
;   354.880 ;   0.000  ; RR ; IC   ; 1      ; LABCELL_X12_Y75_N3                         ; emu|Equal4~0|datac                                                         ;
;   355.379 ;   0.499  ; RF ; CELL ; 6      ; LABCELL_X12_Y75_N3                         ; emu|Equal4~0|combout                                                       ;
;   355.379 ;   0.000  ;    ; RE   ; 2      ; LABCELL_X12_Y75_N3                         ; ARRIAV_LCELL_COMB                                                          ;
;   355.468 ;   0.089  ;    ; RE   ; 2      ; LE_BUFFER_X12_Y75_N0_I3                    ; LE_BUFFER                                                                  ;
;   355.612 ;   0.144  ;    ; RE   ; 1      ; LOCAL_INTERCONNECT_X11_Y75_N0_I1           ; LAB_LINE                                                                   ;
;   355.711 ;   0.099  ;    ; RE   ; 1      ; BLOCK_INPUT_MUX_X11_Y75_N0_I26             ; LEIM_INPUT                                                                 ;
;   355.710 ;   -0.001 ; FF ; IC   ; 1      ; LABCELL_X11_Y75_N21                        ; emu|audio_reset_request|dataa                                              ;
;   356.260 ;   0.550  ; FR ; CELL ; 22     ; LABCELL_X11_Y75_N21                        ; emu|audio_reset_request|combout                                            ;
;   356.260 ;   0.000  ;    ; RE   ; 2      ; LABCELL_X11_Y75_N21                        ; ARRIAV_LCELL_COMB                                                          ;
;   356.353 ;   0.093  ;    ; RE   ; 2      ; LE_BUFFER_X11_Y75_N0_I14                   ; LE_BUFFER                                                                  ;
;   356.519 ;   0.166  ;    ; RE   ; 2      ; R6_X6_Y75_N0_I21                           ; H_SEG6                                                                     ;
;   356.673 ;   0.154  ;    ; RE   ; 3      ; R3_X9_Y75_N0_I14                           ; H_SEG3                                                                     ;
;   356.821 ;   0.148  ;    ; RE   ; 1      ; LOCAL_INTERCONNECT_X11_Y75_N0_I22          ; LAB_LINE                                                                   ;
;   357.021 ;   0.200  ;    ; RE   ; 1      ; BLOCK_INPUT_MUX_PASSTHROUGH_X11_Y75_N0_I83 ; LEIM                                                                       ;
;   357.021 ;   0.000  ;    ; RE   ; 1      ; GLOBAL_LOCAL_SEL_X11_Y75_N0_I2             ; GLOBAL_LOCAL_SEL                                                           ;
;   357.021 ;   0.000  ;    ; RE   ; 6      ; LAB_INPUT_X11_Y75_N0_I3                    ; LAB_INPUT                                                                  ;
;   357.022 ;   0.001  ; RR ; IC   ; 1      ; FF_X11_Y75_N53                             ; emu|audio_mode_src[1]|clrn                                                 ;
;   357.645 ;   0.623  ; RF ; CELL ; 1      ; FF_X11_Y75_N53                             ; emu:emu|audio_mode_src[1]                                                  ;
+-----------+----------+----+------+--------+--------------------------------------------+----------------------------------------------------------------------------+

+------------------------------------------------------------------------------------------------------------------------------------------------------------------+
; Data Required Path                                                                                                                                               ;
+-----------+----------+----+------+--------+-----------------------------------------+----------------------------------------------------------------------------+
; Total     ; Incr     ; RF ; Type ; Fanout ; Location                                ; Element                                                                    ;
+-----------+----------+----+------+--------+-----------------------------------------+----------------------------------------------------------------------------+
; 351.842   ; 351.842  ;    ;      ;        ;                                         ; latch edge time                                                            ;
; 355.500   ; 3.658    ;    ;      ;        ;                                         ; clock path                                                                 ;
;   351.842 ;   0.000  ;    ;      ;        ;                                         ; source latency                                                             ;
;   351.842 ;   0.000  ;    ;      ; 1      ; PIN_Y13                                 ; FPGA_CLK2_50                                                               ;
;   351.842 ;   0.000  ;    ; RE   ; 1      ; IOPAD_X56_Y0_N0                         ; ARRIAV_IO_PAD                                                              ;
;   351.842 ;   0.000  ;    ; RE   ; 1      ; IO_PAD_OUTPUT_X56_Y0_N0_I1              ; IO_PAD_OUTPUT                                                              ;
;   351.842 ;   0.000  ;    ; RE   ; 1      ; IO_INPUT_BUFFER_INPUT_X56_Y0_N1_I0      ; IO_INPUT_BUFFER_INPUT                                                      ;
;   351.842 ;   0.000  ; RR ; IC   ; 1      ; IOIBUF_X56_Y0_N1                        ; FPGA_CLK2_50~input|i                                                       ;
;   352.603 ;   0.761  ; RR ; CELL ; 2      ; IOIBUF_X56_Y0_N1                        ; FPGA_CLK2_50~input|o                                                       ;
;   352.603 ;   0.000  ;    ; RE   ; 1      ; IOIBUF_X56_Y0_N1                        ; ARRIAV_IO_IBUF                                                             ;
;   352.603 ;   0.000  ;    ; RE   ; 1      ; IO_INPUT_BUFFER_OUTPUT_X56_Y0_N1_I2     ; IO_INPUT_BUFFER_OUTPUT                                                     ;
;   352.603 ;   0.000  ;    ; RE   ; 1      ; IO_RE_X56_Y0_N0_I96                     ; IO_RE                                                                      ;
;   352.986 ;   0.383  ;    ; RE   ; 2      ; IO_RE_X56_Y0_N0_I66                     ; IO_RE                                                                      ;
;   353.774 ;   0.788  ;    ; RE   ; 1      ; FF_PLL_RE_X89_Y0_N0_I3                  ; FF_PLL_RE                                                                  ;
;   353.774 ;   0.000  ;    ; RE   ; 1      ; F_PLL_BLOCK_RE_X89_Y0_N0_I2             ; F_PLL_BLOCK_RE                                                             ;
;   353.774 ;   0.000  ;    ; RE   ; 1      ; PLL_REFCLK_SELECT_INPUT_X89_Y7_N0_I2    ; PLL_REFCLK_SELECT_INPUT                                                    ;
;   353.774 ;   0.000  ; RR ; IC   ; 1      ; PLLREFCLKSELECT_X89_Y7_N0               ; emu|pll|pll_inst|altera_pll_i|general[0].gpll~PLL_REFCLK_SELECT|clkin[0]   ;
;   354.082 ;   0.308  ; RR ; CELL ; 1      ; PLLREFCLKSELECT_X89_Y7_N0               ; emu|pll|pll_inst|altera_pll_i|general[0].gpll~PLL_REFCLK_SELECT|clkout     ;
;   354.082 ;   0.000  ;    ; RE   ; 2      ; PLLREFCLKSELECT_X89_Y7_N0               ; CYCLONEV_PLL_REFCLK_SELECT                                                 ;
;   354.082 ;   0.000  ;    ; RE   ; 1      ; PLL_REFCLK_SELECT_OUTPUT_X89_Y7_N0_I15  ; PLL_REFCLK_SELECT_OUTPUT                                                   ;
;   354.082 ;   0.000  ;    ; RE   ; 1      ; FRACTIONAL_PLL_INPUT_X89_Y1_N0_I7       ; FRACTIONAL_PLL_INPUT                                                       ;
;   354.082 ;   0.000  ; RR ; IC   ; 10     ; FRACTIONALPLL_X89_Y1_N0                 ; emu|pll|pll_inst|altera_pll_i|general[0].gpll~FRACTIONAL_PLL|refclkin      ;
;   349.150 ;   -4.932 ; RR ; COMP ; 3      ; FRACTIONALPLL_X89_Y1_N0                 ; emu|pll|pll_inst|altera_pll_i|general[0].gpll~FRACTIONAL_PLL|vcoph[0]      ;
;   349.150 ;   0.000  ;    ; RE   ; 19     ; FRACTIONALPLL_X89_Y1_N0                 ; CYCLONEV_FRACTIONAL_PLL                                                    ;
;   349.150 ;   0.000  ;    ; RE   ; 1      ; FRACTIONAL_PLL_OUTPUT_X89_Y1_N0_I19     ; FRACTIONAL_PLL_OUTPUT                                                      ;
;   349.150 ;   0.000  ;    ; RE   ; 3      ; F_PLL_BLOCK_RE_X89_Y0_N0_I109           ; F_PLL_BLOCK_RE                                                             ;
;   349.150 ;   0.000  ;    ; RE   ; 1      ; PLL_OUTPUT_COUNTER_INPUT_X89_Y0_N1_I7   ; PLL_OUTPUT_COUNTER_INPUT                                                   ;
;   349.150 ;   0.000  ; RR ; IC   ; 1      ; PLLOUTPUTCOUNTER_X89_Y0_N1              ; emu|pll|pll_inst|altera_pll_i|general[2].gpll~PLL_OUTPUT_COUNTER|vco0ph[0] ;
;   350.418 ;   1.268  ; RR ; CELL ; 1      ; PLLOUTPUTCOUNTER_X89_Y0_N1              ; emu|pll|pll_inst|altera_pll_i|general[2].gpll~PLL_OUTPUT_COUNTER|divclk    ;
;   350.418 ;   0.000  ;    ; RE   ; 1      ; PLLOUTPUTCOUNTER_X89_Y0_N1              ; CYCLONEV_PLL_OUTPUT_COUNTER                                                ;
;   350.418 ;   0.000  ;    ; RE   ; 1      ; PLL_OUTPUT_COUNTER_OUTPUT_X89_Y0_N1_I16 ; PLL_OUTPUT_COUNTER_OUTPUT                                                  ;
;   350.855 ;   0.437  ;    ; RE   ; 1      ; FF_PLL_RE_X89_Y0_N0_I101                ; FF_PLL_RE                                                                  ;
;   351.362 ;   0.507  ;    ; RE   ; 1      ; CLKBUF_CLUSTER_RE_X89_Y35_N3_I433       ; CLKBUF_CLUSTER_RE                                                          ;
;   351.362 ;   0.000  ;    ; RE   ; 1      ; CLKBUF_CLUSTER_RE_X89_Y35_N3_I563       ; CLKBUF_CLUSTER_RE                                                          ;
;   351.362 ;   0.000  ;    ; RE   ; 1      ; GCLK_CLUSTER_RE_X89_Y35_N6_I10          ; GCLK_CLUSTER_RE                                                            ;
;   351.362 ;   0.000  ;    ; RE   ; 1      ; CLKBUFBLOCK_INPUT_X89_Y35_N7_I0         ; CLKBUFBLOCK_INPUT                                                          ;
;   351.362 ;   0.000  ; RR ; IC   ; 1      ; CLKCTRL_G9                              ; emu|pll|pll_inst|altera_pll_i|outclk_wire[2]~CLKENA0|inclk                 ;
;   351.658 ;   0.296  ; RR ; CELL ; 32647  ; CLKCTRL_G9                              ; emu|pll|pll_inst|altera_pll_i|outclk_wire[2]~CLKENA0|outclk                ;
;   351.658 ;   0.000  ;    ; RE   ; 1      ; CLKCTRL_G9                              ; ARRIAV_CLKBUF                                                              ;
;   351.658 ;   0.000  ;    ; RE   ; 1      ; CLKBUFBLOCK_OUTPUT_X89_Y35_N7_I2        ; CLKBUFBLOCK_OUTPUT                                                         ;
;   351.658 ;   0.000  ;    ; RE   ; 1      ; GCLK_CLUSTER_RE_X89_Y35_N6_I12          ; GCLK_CLUSTER_RE                                                            ;
;   351.658 ;   0.000  ;    ; RE   ; 1      ; CLKBUF_CLUSTER_RE_X89_Y35_N3_I416       ; CLKBUF_CLUSTER_RE                                                          ;
;   352.407 ;   0.749  ;    ; RE   ; 12     ; GLOBAL_CLOCK_X0_Y36_N0_I9               ; GLOBAL_CLOCK                                                               ;
;   352.562 ;   0.155  ;    ; RE   ; 7      ; SPINE_CLOCK_X15_Y59_N0_I7               ; SPINE_CLOCK                                                                ;
;   352.936 ;   0.374  ;    ; RE   ; 1      ; SCLK_TO_ROWCLK_BUF_X15_Y75_N0_I42       ; SCLK_TO_ROWCLK_BUF                                                         ;
;   353.008 ;   0.072  ;    ; RE   ; 1      ; SCLK_TO_ROWCLK_BUF_X15_Y75_N0_I45       ; SCLK_TO_ROWCLK_BUF                                                         ;
;   353.420 ;   0.412  ;    ; RE   ; 6      ; LAB_CLK_X0_Y75_N0_I2                    ; LAB_CLK                                                                    ;
;   353.547 ;   0.127  ;    ; RE   ; 1      ; BLK_CLK_BUF_X11_Y75_N0_I2               ; BLK_CLK_BUF                                                                ;
;   353.592 ;   0.045  ;    ; RE   ; 1      ; ROWCLKSEL_PREBUF_X11_Y75_N0_I2          ; ROWCLKSEL_PREBUF                                                           ;
;   353.638 ;   0.046  ;    ; RE   ; 1      ; ROWCLKSEL_X11_Y75_N0_I0                 ; ROWCLKSEL                                                                  ;
;   353.638 ;   0.000  ;    ; RE   ; 1      ; GLOBAL_LOCAL_SEL_X11_Y75_N0_I0          ; GLOBAL_LOCAL_SEL                                                           ;
;   353.638 ;   0.000  ;    ; RE   ; 6      ; LAB_INPUT_X11_Y75_N0_I0                 ; LAB_INPUT                                                                  ;
;   353.638 ;   0.000  ; RR ; IC   ; 1      ; FF_X11_Y75_N53                          ; emu|audio_mode_src[1]|clk                                                  ;
;   354.147 ;   0.509  ; RR ; CELL ; 1      ; FF_X11_Y75_N53                          ; emu:emu|audio_mode_src[1]                                                  ;
;   355.500 ;   1.353  ;    ;      ;        ;                                         ; clock pessimism removed                                                    ;
; 355.340   ; -0.160   ;    ;      ;        ;                                         ; clock uncertainty                                                          ;
; 355.340   ; 0.000    ;    ; uTsu ; 1      ; FF_X11_Y75_N53                          ; emu:emu|audio_mode_src[1]                                                  ;
+-----------+----------+----+------+--------+-----------------------------------------+----------------------------------------------------------------------------+

----------------------------
; Extra Fitter Information ;
----------------------------
HTML report is unavailable in plain text report export.


Path #30: Recovery slack is -2.305 (VIOLATED)
===============================================================================
+----------------------------------------------------------------------------------------------+
; Path Summary                                                                                 ;
+--------------------+-------------------------------------------------------------------------+
; Property           ; Value                                                                   ;
+--------------------+-------------------------------------------------------------------------+
; From Node          ; emu:emu|audio_reset_stretch[3]                                          ;
; To Node            ; emu:emu|audio_flac_eos_sync[0]                                          ;
; Launch Clock       ; emu|pll|pll_inst|altera_pll_i|general[0].gpll~PLL_OUTPUT_COUNTER|divclk ;
; Latch Clock        ; emu|pll|pll_inst|altera_pll_i|general[2].gpll~PLL_OUTPUT_COUNTER|divclk ;
; Data Arrival Time  ; 357.645                                                                 ;
; Data Required Time ; 355.340                                                                 ;
; Slack              ; -2.305 (VIOLATED)                                                       ;
+--------------------+-------------------------------------------------------------------------+

+--------------------------------------------------------------------------------------+
; Statistics                                                                           ;
+------------------------+--------+-------+-------------+------------+--------+--------+
; Property               ; Value  ; Count ; Total Delay ; % of Total ; Min    ; Max    ;
+------------------------+--------+-------+-------------+------------+--------+--------+
; Recovery Relationship  ; 1.842  ;       ;             ;            ;        ;        ;
; Clock Skew             ; -0.874 ;       ;             ;            ;        ;        ;
; Data Delay             ; 3.113  ;       ;             ;            ;        ;        ;
; Number of Logic Levels ;        ; 2     ;             ;            ;        ;        ;
; Physical Delays        ;        ;       ;             ;            ;        ;        ;
;  Arrival Path          ;        ;       ;             ;            ;        ;        ;
;   Clock                ;        ;       ;             ;            ;        ;        ;
;    IC                  ;        ; 6     ; -0.001      ; 0          ; -0.001 ; 0.000  ;
;    Cell                ;        ; 5     ; 3.525       ; 42         ; 0.322  ; 1.535  ;
;    PLL Compensation    ;        ; 1     ; -3.768      ; 0          ; -3.768 ; -3.768 ;
;    Routing Element     ;        ; 38    ; 4.776       ; 58         ; 0.000  ; 1.135  ;
;   Data                 ;        ;       ;             ;            ;        ;        ;
;    IC                  ;        ; 3     ; 0.000       ; 0          ; -0.001 ; 0.001  ;
;    Cell                ;        ; 4     ; 1.672       ; 54         ; 0.000  ; 0.623  ;
;    uTco                ;        ; 1     ; 0.000       ; 0          ; 0.000  ; 0.000  ;
;    Routing Element     ;        ; 15    ; 1.441       ; 46         ; 0.000  ; 0.200  ;
;  Required Path         ;        ;       ;             ;            ;        ;        ;
;   Clock                ;        ;       ;             ;            ;        ;        ;
;    IC                  ;        ; 6     ; 0.000       ; 0          ; 0.000  ; 0.000  ;
;    Cell                ;        ; 5     ; 3.142       ; 43         ; 0.296  ; 1.268  ;
;    PLL Compensation    ;        ; 1     ; -4.932      ; 0          ; -4.932 ; -4.932 ;
;    Routing Element     ;        ; 38    ; 4.095       ; 57         ; 0.000  ; 0.788  ;
+------------------------+--------+-------+-------------+------------+--------+--------+
Note: Negative delays are omitted from totals when calculating percentages

+---------------------------------------------------------------------------------------------------------------------------------------------------------------------+
; Data Arrival Path                                                                                                                                                   ;
+-----------+----------+----+------+--------+--------------------------------------------+----------------------------------------------------------------------------+
; Total     ; Incr     ; RF ; Type ; Fanout ; Location                                   ; Element                                                                    ;
+-----------+----------+----+------+--------+--------------------------------------------+----------------------------------------------------------------------------+
; 350.000   ; 350.000  ;    ;      ;        ;                                            ; launch edge time                                                           ;
; 354.532   ; 4.532    ;    ;      ;        ;                                            ; clock path                                                                 ;
;   350.000 ;   0.000  ;    ;      ;        ;                                            ; source latency                                                             ;
;   350.000 ;   0.000  ;    ;      ; 1      ; PIN_Y13                                    ; FPGA_CLK2_50                                                               ;
;   350.000 ;   0.000  ;    ; RE   ; 1      ; IOPAD_X56_Y0_N0                            ; ARRIAV_IO_PAD                                                              ;
;   350.000 ;   0.000  ;    ; RE   ; 1      ; IO_PAD_OUTPUT_X56_Y0_N0_I1                 ; IO_PAD_OUTPUT                                                              ;
;   350.000 ;   0.000  ;    ; RE   ; 1      ; IO_INPUT_BUFFER_INPUT_X56_Y0_N1_I0         ; IO_INPUT_BUFFER_INPUT                                                      ;
;   350.000 ;   0.000  ; RR ; IC   ; 1      ; IOIBUF_X56_Y0_N1                           ; FPGA_CLK2_50~input|i                                                       ;
;   350.761 ;   0.761  ; RR ; CELL ; 2      ; IOIBUF_X56_Y0_N1                           ; FPGA_CLK2_50~input|o                                                       ;
;   350.761 ;   0.000  ;    ; RE   ; 1      ; IOIBUF_X56_Y0_N1                           ; ARRIAV_IO_IBUF                                                             ;
;   350.761 ;   0.000  ;    ; RE   ; 1      ; IO_INPUT_BUFFER_OUTPUT_X56_Y0_N1_I2        ; IO_INPUT_BUFFER_OUTPUT                                                     ;
;   350.761 ;   0.000  ;    ; RE   ; 1      ; IO_RE_X56_Y0_N0_I96                        ; IO_RE                                                                      ;
;   351.260 ;   0.499  ;    ; RE   ; 2      ; IO_RE_X56_Y0_N0_I66                        ; IO_RE                                                                      ;
;   352.096 ;   0.836  ;    ; RE   ; 1      ; FF_PLL_RE_X89_Y0_N0_I3                     ; FF_PLL_RE                                                                  ;
;   352.096 ;   0.000  ;    ; RE   ; 1      ; F_PLL_BLOCK_RE_X89_Y0_N0_I2                ; F_PLL_BLOCK_RE                                                             ;
;   352.096 ;   0.000  ;    ; RE   ; 1      ; PLL_REFCLK_SELECT_INPUT_X89_Y7_N0_I2       ; PLL_REFCLK_SELECT_INPUT                                                    ;
;   352.096 ;   0.000  ; RR ; IC   ; 1      ; PLLREFCLKSELECT_X89_Y7_N0                  ; emu|pll|pll_inst|altera_pll_i|general[0].gpll~PLL_REFCLK_SELECT|clkin[0]   ;
;   352.429 ;   0.333  ; RR ; CELL ; 1      ; PLLREFCLKSELECT_X89_Y7_N0                  ; emu|pll|pll_inst|altera_pll_i|general[0].gpll~PLL_REFCLK_SELECT|clkout     ;
;   352.429 ;   0.000  ;    ; RE   ; 2      ; PLLREFCLKSELECT_X89_Y7_N0                  ; CYCLONEV_PLL_REFCLK_SELECT                                                 ;
;   352.429 ;   0.000  ;    ; RE   ; 1      ; PLL_REFCLK_SELECT_OUTPUT_X89_Y7_N0_I15     ; PLL_REFCLK_SELECT_OUTPUT                                                   ;
;   352.429 ;   0.000  ;    ; RE   ; 1      ; FRACTIONAL_PLL_INPUT_X89_Y1_N0_I7          ; FRACTIONAL_PLL_INPUT                                                       ;
;   352.429 ;   0.000  ; RR ; IC   ; 10     ; FRACTIONALPLL_X89_Y1_N0                    ; emu|pll|pll_inst|altera_pll_i|general[0].gpll~FRACTIONAL_PLL|refclkin      ;
;   348.661 ;   -3.768 ; RR ; COMP ; 3      ; FRACTIONALPLL_X89_Y1_N0                    ; emu|pll|pll_inst|altera_pll_i|general[0].gpll~FRACTIONAL_PLL|vcoph[0]      ;
;   348.661 ;   0.000  ;    ; RE   ; 19     ; FRACTIONALPLL_X89_Y1_N0                    ; CYCLONEV_FRACTIONAL_PLL                                                    ;
;   348.661 ;   0.000  ;    ; RE   ; 1      ; FRACTIONAL_PLL_OUTPUT_X89_Y1_N0_I19        ; FRACTIONAL_PLL_OUTPUT                                                      ;
;   348.661 ;   0.000  ;    ; RE   ; 3      ; F_PLL_BLOCK_RE_X89_Y0_N0_I109              ; F_PLL_BLOCK_RE                                                             ;
;   348.661 ;   0.000  ;    ; RE   ; 1      ; PLL_OUTPUT_COUNTER_INPUT_X89_Y2_N1_I7      ; PLL_OUTPUT_COUNTER_INPUT                                                   ;
;   348.661 ;   0.000  ; RR ; IC   ; 1      ; PLLOUTPUTCOUNTER_X89_Y2_N1                 ; emu|pll|pll_inst|altera_pll_i|general[0].gpll~PLL_OUTPUT_COUNTER|vco0ph[0] ;
;   350.196 ;   1.535  ; RR ; CELL ; 1      ; PLLOUTPUTCOUNTER_X89_Y2_N1                 ; emu|pll|pll_inst|altera_pll_i|general[0].gpll~PLL_OUTPUT_COUNTER|divclk    ;
;   350.196 ;   0.000  ;    ; RE   ; 1      ; PLLOUTPUTCOUNTER_X89_Y2_N1                 ; CYCLONEV_PLL_OUTPUT_COUNTER                                                ;
;   350.196 ;   0.000  ;    ; RE   ; 1      ; PLL_OUTPUT_COUNTER_OUTPUT_X89_Y2_N1_I16    ; PLL_OUTPUT_COUNTER_OUTPUT                                                  ;
;   350.676 ;   0.480  ;    ; RE   ; 1      ; FF_PLL_RE_X89_Y0_N0_I103                   ; FF_PLL_RE                                                                  ;
;   351.215 ;   0.539  ;    ; RE   ; 1      ; CLKBUF_CLUSTER_RE_X89_Y35_N3_I435          ; CLKBUF_CLUSTER_RE                                                          ;
;   351.215 ;   0.000  ;    ; RE   ; 1      ; CLKBUF_CLUSTER_RE_X89_Y35_N3_I693          ; CLKBUF_CLUSTER_RE                                                          ;
;   351.215 ;   0.000  ;    ; RE   ; 1      ; GCLK_CLUSTER_RE_X89_Y35_N12_I10            ; GCLK_CLUSTER_RE                                                            ;
;   351.215 ;   0.000  ;    ; RE   ; 1      ; CLKBUFBLOCK_INPUT_X89_Y35_N13_I0           ; CLKBUFBLOCK_INPUT                                                          ;
;   351.215 ;   0.000  ; RR ; IC   ; 1      ; CLKCTRL_G11                                ; emu|pll|pll_inst|altera_pll_i|outclk_wire[0]~CLKENA0|inclk                 ;
;   351.537 ;   0.322  ; RR ; CELL ; 1342   ; CLKCTRL_G11                                ; emu|pll|pll_inst|altera_pll_i|outclk_wire[0]~CLKENA0|outclk                ;
;   351.537 ;   0.000  ;    ; RE   ; 1      ; CLKCTRL_G11                                ; ARRIAV_CLKBUF                                                              ;
;   351.537 ;   0.000  ;    ; RE   ; 1      ; CLKBUFBLOCK_OUTPUT_X89_Y35_N13_I2          ; CLKBUFBLOCK_OUTPUT                                                         ;
;   351.537 ;   0.000  ;    ; RE   ; 1      ; GCLK_CLUSTER_RE_X89_Y35_N12_I12            ; GCLK_CLUSTER_RE                                                            ;
;   351.537 ;   0.000  ;    ; RE   ; 1      ; CLKBUF_CLUSTER_RE_X89_Y35_N3_I418          ; CLKBUF_CLUSTER_RE                                                          ;
;   352.672 ;   1.135  ;    ; RE   ; 7      ; GLOBAL_CLOCK_X0_Y36_N0_I11                 ; GLOBAL_CLOCK                                                               ;
;   352.820 ;   0.148  ;    ; RE   ; 20     ; SPINE_CLOCK_X15_Y59_N0_I19                 ; SPINE_CLOCK                                                                ;
;   353.207 ;   0.387  ;    ; RE   ; 1      ; SCLK_TO_ROWCLK_BUF_X15_Y75_N0_I115         ; SCLK_TO_ROWCLK_BUF                                                         ;
;   353.291 ;   0.084  ;    ; RE   ; 2      ; SCLK_TO_ROWCLK_BUF_X15_Y75_N0_I118         ; SCLK_TO_ROWCLK_BUF                                                         ;
;   353.724 ;   0.433  ;    ; RE   ; 3      ; LAB_CLK_X0_Y75_N0_I5                       ; LAB_CLK                                                                    ;
;   353.862 ;   0.138  ;    ; RE   ; 1      ; BLK_CLK_BUF_X12_Y75_N0_I5                  ; BLK_CLK_BUF                                                                ;
;   353.909 ;   0.047  ;    ; RE   ; 1      ; ROWCLKSEL_PREBUF_X12_Y75_N0_I5             ; ROWCLKSEL_PREBUF                                                           ;
;   353.959 ;   0.050  ;    ; RE   ; 1      ; ROWCLKSEL_X12_Y75_N0_I0                    ; ROWCLKSEL                                                                  ;
;   353.959 ;   0.000  ;    ; RE   ; 2      ; GLOBAL_LOCAL_SEL_X12_Y75_N0_I0             ; GLOBAL_LOCAL_SEL                                                           ;
;   353.959 ;   0.000  ;    ; RE   ; 15     ; LAB_INPUT_X12_Y75_N0_I1                    ; LAB_INPUT                                                                  ;
;   353.958 ;   -0.001 ; RR ; IC   ; 1      ; FF_X12_Y75_N32                             ; emu|audio_reset_stretch[3]|clk                                             ;
;   354.532 ;   0.574  ; RR ; CELL ; 1      ; FF_X12_Y75_N32                             ; emu:emu|audio_reset_stretch[3]                                             ;
; 357.645   ; 3.113    ;    ;      ;        ;                                            ; data path                                                                  ;
;   354.532 ;   0.000  ;    ; uTco ; 1      ; FF_X12_Y75_N32                             ; emu:emu|audio_reset_stretch[3]                                             ;
;   354.532 ;   0.000  ; RR ; CELL ; 2      ; FF_X12_Y75_N32                             ; emu|audio_reset_stretch[3]|q                                               ;
;   354.604 ;   0.072  ;    ; RE   ; 1      ; FF_X12_Y75_N32                             ; ARRIAV_FF                                                                  ;
;   354.738 ;   0.134  ;    ; RE   ; 2      ; LOCAL_LINE_X12_Y75_N0_I10                  ; LOCAL_LINE                                                                 ;
;   354.880 ;   0.142  ;    ; RE   ; 1      ; BLOCK_INPUT_MUX_X12_Y75_N0_I5              ; LEIM_INPUT                                                                 ;
;   354.880 ;   0.000  ; RR ; IC   ; 1      ; LABCELL_X12_Y75_N3                         ; emu|Equal4~0|datac                                                         ;
;   355.379 ;   0.499  ; RF ; CELL ; 6      ; LABCELL_X12_Y75_N3                         ; emu|Equal4~0|combout                                                       ;
;   355.379 ;   0.000  ;    ; RE   ; 2      ; LABCELL_X12_Y75_N3                         ; ARRIAV_LCELL_COMB                                                          ;
;   355.468 ;   0.089  ;    ; RE   ; 2      ; LE_BUFFER_X12_Y75_N0_I3                    ; LE_BUFFER                                                                  ;
;   355.612 ;   0.144  ;    ; RE   ; 1      ; LOCAL_INTERCONNECT_X11_Y75_N0_I1           ; LAB_LINE                                                                   ;
;   355.711 ;   0.099  ;    ; RE   ; 1      ; BLOCK_INPUT_MUX_X11_Y75_N0_I26             ; LEIM_INPUT                                                                 ;
;   355.710 ;   -0.001 ; FF ; IC   ; 1      ; LABCELL_X11_Y75_N21                        ; emu|audio_reset_request|dataa                                              ;
;   356.260 ;   0.550  ; FR ; CELL ; 22     ; LABCELL_X11_Y75_N21                        ; emu|audio_reset_request|combout                                            ;
;   356.260 ;   0.000  ;    ; RE   ; 2      ; LABCELL_X11_Y75_N21                        ; ARRIAV_LCELL_COMB                                                          ;
;   356.353 ;   0.093  ;    ; RE   ; 2      ; LE_BUFFER_X11_Y75_N0_I14                   ; LE_BUFFER                                                                  ;
;   356.519 ;   0.166  ;    ; RE   ; 2      ; R6_X6_Y75_N0_I21                           ; H_SEG6                                                                     ;
;   356.673 ;   0.154  ;    ; RE   ; 3      ; R3_X9_Y75_N0_I14                           ; H_SEG3                                                                     ;
;   356.821 ;   0.148  ;    ; RE   ; 1      ; LOCAL_INTERCONNECT_X11_Y75_N0_I22          ; LAB_LINE                                                                   ;
;   357.021 ;   0.200  ;    ; RE   ; 1      ; BLOCK_INPUT_MUX_PASSTHROUGH_X11_Y75_N0_I83 ; LEIM                                                                       ;
;   357.021 ;   0.000  ;    ; RE   ; 1      ; GLOBAL_LOCAL_SEL_X11_Y75_N0_I2             ; GLOBAL_LOCAL_SEL                                                           ;
;   357.021 ;   0.000  ;    ; RE   ; 6      ; LAB_INPUT_X11_Y75_N0_I3                    ; LAB_INPUT                                                                  ;
;   357.022 ;   0.001  ; RR ; IC   ; 1      ; FF_X11_Y75_N23                             ; emu|audio_flac_eos_sync[0]|clrn                                            ;
;   357.645 ;   0.623  ; RF ; CELL ; 1      ; FF_X11_Y75_N23                             ; emu:emu|audio_flac_eos_sync[0]                                             ;
+-----------+----------+----+------+--------+--------------------------------------------+----------------------------------------------------------------------------+

+------------------------------------------------------------------------------------------------------------------------------------------------------------------+
; Data Required Path                                                                                                                                               ;
+-----------+----------+----+------+--------+-----------------------------------------+----------------------------------------------------------------------------+
; Total     ; Incr     ; RF ; Type ; Fanout ; Location                                ; Element                                                                    ;
+-----------+----------+----+------+--------+-----------------------------------------+----------------------------------------------------------------------------+
; 351.842   ; 351.842  ;    ;      ;        ;                                         ; latch edge time                                                            ;
; 355.500   ; 3.658    ;    ;      ;        ;                                         ; clock path                                                                 ;
;   351.842 ;   0.000  ;    ;      ;        ;                                         ; source latency                                                             ;
;   351.842 ;   0.000  ;    ;      ; 1      ; PIN_Y13                                 ; FPGA_CLK2_50                                                               ;
;   351.842 ;   0.000  ;    ; RE   ; 1      ; IOPAD_X56_Y0_N0                         ; ARRIAV_IO_PAD                                                              ;
;   351.842 ;   0.000  ;    ; RE   ; 1      ; IO_PAD_OUTPUT_X56_Y0_N0_I1              ; IO_PAD_OUTPUT                                                              ;
;   351.842 ;   0.000  ;    ; RE   ; 1      ; IO_INPUT_BUFFER_INPUT_X56_Y0_N1_I0      ; IO_INPUT_BUFFER_INPUT                                                      ;
;   351.842 ;   0.000  ; RR ; IC   ; 1      ; IOIBUF_X56_Y0_N1                        ; FPGA_CLK2_50~input|i                                                       ;
;   352.603 ;   0.761  ; RR ; CELL ; 2      ; IOIBUF_X56_Y0_N1                        ; FPGA_CLK2_50~input|o                                                       ;
;   352.603 ;   0.000  ;    ; RE   ; 1      ; IOIBUF_X56_Y0_N1                        ; ARRIAV_IO_IBUF                                                             ;
;   352.603 ;   0.000  ;    ; RE   ; 1      ; IO_INPUT_BUFFER_OUTPUT_X56_Y0_N1_I2     ; IO_INPUT_BUFFER_OUTPUT                                                     ;
;   352.603 ;   0.000  ;    ; RE   ; 1      ; IO_RE_X56_Y0_N0_I96                     ; IO_RE                                                                      ;
;   352.986 ;   0.383  ;    ; RE   ; 2      ; IO_RE_X56_Y0_N0_I66                     ; IO_RE                                                                      ;
;   353.774 ;   0.788  ;    ; RE   ; 1      ; FF_PLL_RE_X89_Y0_N0_I3                  ; FF_PLL_RE                                                                  ;
;   353.774 ;   0.000  ;    ; RE   ; 1      ; F_PLL_BLOCK_RE_X89_Y0_N0_I2             ; F_PLL_BLOCK_RE                                                             ;
;   353.774 ;   0.000  ;    ; RE   ; 1      ; PLL_REFCLK_SELECT_INPUT_X89_Y7_N0_I2    ; PLL_REFCLK_SELECT_INPUT                                                    ;
;   353.774 ;   0.000  ; RR ; IC   ; 1      ; PLLREFCLKSELECT_X89_Y7_N0               ; emu|pll|pll_inst|altera_pll_i|general[0].gpll~PLL_REFCLK_SELECT|clkin[0]   ;
;   354.082 ;   0.308  ; RR ; CELL ; 1      ; PLLREFCLKSELECT_X89_Y7_N0               ; emu|pll|pll_inst|altera_pll_i|general[0].gpll~PLL_REFCLK_SELECT|clkout     ;
;   354.082 ;   0.000  ;    ; RE   ; 2      ; PLLREFCLKSELECT_X89_Y7_N0               ; CYCLONEV_PLL_REFCLK_SELECT                                                 ;
;   354.082 ;   0.000  ;    ; RE   ; 1      ; PLL_REFCLK_SELECT_OUTPUT_X89_Y7_N0_I15  ; PLL_REFCLK_SELECT_OUTPUT                                                   ;
;   354.082 ;   0.000  ;    ; RE   ; 1      ; FRACTIONAL_PLL_INPUT_X89_Y1_N0_I7       ; FRACTIONAL_PLL_INPUT                                                       ;
;   354.082 ;   0.000  ; RR ; IC   ; 10     ; FRACTIONALPLL_X89_Y1_N0                 ; emu|pll|pll_inst|altera_pll_i|general[0].gpll~FRACTIONAL_PLL|refclkin      ;
;   349.150 ;   -4.932 ; RR ; COMP ; 3      ; FRACTIONALPLL_X89_Y1_N0                 ; emu|pll|pll_inst|altera_pll_i|general[0].gpll~FRACTIONAL_PLL|vcoph[0]      ;
;   349.150 ;   0.000  ;    ; RE   ; 19     ; FRACTIONALPLL_X89_Y1_N0                 ; CYCLONEV_FRACTIONAL_PLL                                                    ;
;   349.150 ;   0.000  ;    ; RE   ; 1      ; FRACTIONAL_PLL_OUTPUT_X89_Y1_N0_I19     ; FRACTIONAL_PLL_OUTPUT                                                      ;
;   349.150 ;   0.000  ;    ; RE   ; 3      ; F_PLL_BLOCK_RE_X89_Y0_N0_I109           ; F_PLL_BLOCK_RE                                                             ;
;   349.150 ;   0.000  ;    ; RE   ; 1      ; PLL_OUTPUT_COUNTER_INPUT_X89_Y0_N1_I7   ; PLL_OUTPUT_COUNTER_INPUT                                                   ;
;   349.150 ;   0.000  ; RR ; IC   ; 1      ; PLLOUTPUTCOUNTER_X89_Y0_N1              ; emu|pll|pll_inst|altera_pll_i|general[2].gpll~PLL_OUTPUT_COUNTER|vco0ph[0] ;
;   350.418 ;   1.268  ; RR ; CELL ; 1      ; PLLOUTPUTCOUNTER_X89_Y0_N1              ; emu|pll|pll_inst|altera_pll_i|general[2].gpll~PLL_OUTPUT_COUNTER|divclk    ;
;   350.418 ;   0.000  ;    ; RE   ; 1      ; PLLOUTPUTCOUNTER_X89_Y0_N1              ; CYCLONEV_PLL_OUTPUT_COUNTER                                                ;
;   350.418 ;   0.000  ;    ; RE   ; 1      ; PLL_OUTPUT_COUNTER_OUTPUT_X89_Y0_N1_I16 ; PLL_OUTPUT_COUNTER_OUTPUT                                                  ;
;   350.855 ;   0.437  ;    ; RE   ; 1      ; FF_PLL_RE_X89_Y0_N0_I101                ; FF_PLL_RE                                                                  ;
;   351.362 ;   0.507  ;    ; RE   ; 1      ; CLKBUF_CLUSTER_RE_X89_Y35_N3_I433       ; CLKBUF_CLUSTER_RE                                                          ;
;   351.362 ;   0.000  ;    ; RE   ; 1      ; CLKBUF_CLUSTER_RE_X89_Y35_N3_I563       ; CLKBUF_CLUSTER_RE                                                          ;
;   351.362 ;   0.000  ;    ; RE   ; 1      ; GCLK_CLUSTER_RE_X89_Y35_N6_I10          ; GCLK_CLUSTER_RE                                                            ;
;   351.362 ;   0.000  ;    ; RE   ; 1      ; CLKBUFBLOCK_INPUT_X89_Y35_N7_I0         ; CLKBUFBLOCK_INPUT                                                          ;
;   351.362 ;   0.000  ; RR ; IC   ; 1      ; CLKCTRL_G9                              ; emu|pll|pll_inst|altera_pll_i|outclk_wire[2]~CLKENA0|inclk                 ;
;   351.658 ;   0.296  ; RR ; CELL ; 32647  ; CLKCTRL_G9                              ; emu|pll|pll_inst|altera_pll_i|outclk_wire[2]~CLKENA0|outclk                ;
;   351.658 ;   0.000  ;    ; RE   ; 1      ; CLKCTRL_G9                              ; ARRIAV_CLKBUF                                                              ;
;   351.658 ;   0.000  ;    ; RE   ; 1      ; CLKBUFBLOCK_OUTPUT_X89_Y35_N7_I2        ; CLKBUFBLOCK_OUTPUT                                                         ;
;   351.658 ;   0.000  ;    ; RE   ; 1      ; GCLK_CLUSTER_RE_X89_Y35_N6_I12          ; GCLK_CLUSTER_RE                                                            ;
;   351.658 ;   0.000  ;    ; RE   ; 1      ; CLKBUF_CLUSTER_RE_X89_Y35_N3_I416       ; CLKBUF_CLUSTER_RE                                                          ;
;   352.407 ;   0.749  ;    ; RE   ; 12     ; GLOBAL_CLOCK_X0_Y36_N0_I9               ; GLOBAL_CLOCK                                                               ;
;   352.562 ;   0.155  ;    ; RE   ; 7      ; SPINE_CLOCK_X15_Y59_N0_I7               ; SPINE_CLOCK                                                                ;
;   352.936 ;   0.374  ;    ; RE   ; 1      ; SCLK_TO_ROWCLK_BUF_X15_Y75_N0_I42       ; SCLK_TO_ROWCLK_BUF                                                         ;
;   353.008 ;   0.072  ;    ; RE   ; 1      ; SCLK_TO_ROWCLK_BUF_X15_Y75_N0_I45       ; SCLK_TO_ROWCLK_BUF                                                         ;
;   353.420 ;   0.412  ;    ; RE   ; 6      ; LAB_CLK_X0_Y75_N0_I2                    ; LAB_CLK                                                                    ;
;   353.547 ;   0.127  ;    ; RE   ; 1      ; BLK_CLK_BUF_X11_Y75_N0_I2               ; BLK_CLK_BUF                                                                ;
;   353.592 ;   0.045  ;    ; RE   ; 1      ; ROWCLKSEL_PREBUF_X11_Y75_N0_I2          ; ROWCLKSEL_PREBUF                                                           ;
;   353.638 ;   0.046  ;    ; RE   ; 1      ; ROWCLKSEL_X11_Y75_N0_I0                 ; ROWCLKSEL                                                                  ;
;   353.638 ;   0.000  ;    ; RE   ; 1      ; GLOBAL_LOCAL_SEL_X11_Y75_N0_I0          ; GLOBAL_LOCAL_SEL                                                           ;
;   353.638 ;   0.000  ;    ; RE   ; 6      ; LAB_INPUT_X11_Y75_N0_I0                 ; LAB_INPUT                                                                  ;
;   353.638 ;   0.000  ; RR ; IC   ; 1      ; FF_X11_Y75_N23                          ; emu|audio_flac_eos_sync[0]|clk                                             ;
;   354.147 ;   0.509  ; RR ; CELL ; 1      ; FF_X11_Y75_N23                          ; emu:emu|audio_flac_eos_sync[0]                                             ;
;   355.500 ;   1.353  ;    ;      ;        ;                                         ; clock pessimism removed                                                    ;
; 355.340   ; -0.160   ;    ;      ;        ;                                         ; clock uncertainty                                                          ;
; 355.340   ; 0.000    ;    ; uTsu ; 1      ; FF_X11_Y75_N23                          ; emu:emu|audio_flac_eos_sync[0]                                             ;
+-----------+----------+----+------+--------+-----------------------------------------+----------------------------------------------------------------------------+

----------------------------
; Extra Fitter Information ;
----------------------------
HTML report is unavailable in plain text report export.


