+------------------------------------------------------------+
; Summary                                                    ;
+-----------------------------------+------------------------+
; Check                             ; Number of Issues Found ;
+-----------------------------------+------------------------+
; no_clock                          ; 3094                   ;
; multiple_clock                    ; 86                     ;
; pos_neg_clock_domain              ; 0                      ;
; generated_clock                   ; 0                      ;
; virtual_clock                     ; 1                      ;
; no_input_delay                    ; 14                     ;
; no_output_delay                   ; 129                    ;
; partial_input_delay               ; 0                      ;
; partial_output_delay              ; 0                      ;
; io_min_max_delay_consistency      ; 0                      ;
; reference_pin                     ; 0                      ;
; generated_io_delay                ; 0                      ;
; latency_override                  ; 0                      ;
; partial_multicycle                ; 0                      ;
; multicycle_consistency            ; 0                      ;
; loops                             ; 0                      ;
; latches                           ; 0                      ;
; pll_cross_check                   ; 0                      ;
; uncertainty                       ; 0                      ;
; partial_min_max_delay             ; 0                      ;
; clock_assignments_on_output_ports ; 0                      ;
; input_delay_assigned_to_clock     ; 0                      ;
+-----------------------------------+------------------------+

+----------------------------------------------------------------------------------------------------------------------------------+
; No Clock                                                                                                                         ;
+-------------------------------------------------------------------------------------+--------------------------------------------+
; Port or Register                                                                    ; Reason                                     ;
+-------------------------------------------------------------------------------------+--------------------------------------------+
; spi~FF_4400                                                                         ; No clock feeds this register's clock port. ;
; spi~FF_2362                                                                         ; No clock feeds this register's clock port. ;
; spi~FF_4396                                                                         ; No clock feeds this register's clock port. ;
; spi~FF_3901                                                                         ; No clock feeds this register's clock port. ;
; spi~FF_4397                                                                         ; No clock feeds this register's clock port. ;
; spi~FF_3896                                                                         ; No clock feeds this register's clock port. ;
; spi~FF_3899                                                                         ; No clock feeds this register's clock port. ;
; spi~FF_3893                                                                         ; No clock feeds this register's clock port. ;
; spi~FF_3892                                                                         ; No clock feeds this register's clock port. ;
; spi~FF_4413                                                                         ; No clock feeds this register's clock port. ;
; spi~FF_3895                                                                         ; No clock feeds this register's clock port. ;
; spi~FF_3894                                                                         ; No clock feeds this register's clock port. ;
; spi~FF_3891                                                                         ; No clock feeds this register's clock port. ;
; spi~FF_3456                                                                         ; No clock feeds this register's clock port. ;
; spi~FF_4366                                                                         ; No clock feeds this register's clock port. ;
; spi~FF_4367                                                                         ; No clock feeds this register's clock port. ;
; spi~FF_3865                                                                         ; No clock feeds this register's clock port. ;
; spi~FF_3867                                                                         ; No clock feeds this register's clock port. ;
; spi~FF_4353                                                                         ; No clock feeds this register's clock port. ;
; spi~FF_4354                                                                         ; No clock feeds this register's clock port. ;
; spi~FF_4355                                                                         ; No clock feeds this register's clock port. ;
; spi~FF_4369                                                                         ; No clock feeds this register's clock port. ;
; spi~FF_3921                                                                         ; No clock feeds this register's clock port. ;
; spi~FF_3949                                                                         ; No clock feeds this register's clock port. ;
; spi~FF_3950                                                                         ; No clock feeds this register's clock port. ;
; spi~FF_3925                                                                         ; No clock feeds this register's clock port. ;
; spi~FF_3944                                                                         ; No clock feeds this register's clock port. ;
; spi~FF_3946                                                                         ; No clock feeds this register's clock port. ;
; spi~FF_3947                                                                         ; No clock feeds this register's clock port. ;
; spi~FF_3940                                                                         ; No clock feeds this register's clock port. ;
; spi~FF_4717                                                                         ; No clock feeds this register's clock port. ;
; spi~FF_4393                                                                         ; No clock feeds this register's clock port. ;
; spi~FF_4713                                                                         ; No clock feeds this register's clock port. ;
; spi~FF_3941                                                                         ; No clock feeds this register's clock port. ;
; spi~FF_4716                                                                         ; No clock feeds this register's clock port. ;
; spi~FF_3942                                                                         ; No clock feeds this register's clock port. ;
; spi~FF_3943                                                                         ; No clock feeds this register's clock port. ;
; spi~FF_4368                                                                         ; No clock feeds this register's clock port. ;
; spi~FF_3933                                                                         ; No clock feeds this register's clock port. ;
; spi~FF_4712                                                                         ; No clock feeds this register's clock port. ;
; spi~FF_3939                                                                         ; No clock feeds this register's clock port. ;
; spi~FF_4714                                                                         ; No clock feeds this register's clock port. ;
; spi~FF_4709                                                                         ; No clock feeds this register's clock port. ;
; spi~FF_4394                                                                         ; No clock feeds this register's clock port. ;
; spi~FF_4706                                                                         ; No clock feeds this register's clock port. ;
; spi~FF_4704                                                                         ; No clock feeds this register's clock port. ;
; spi~FF_4386                                                                         ; No clock feeds this register's clock port. ;
; spi~FF_4458                                                                         ; No clock feeds this register's clock port. ;
; spi~FF_3967                                                                         ; No clock feeds this register's clock port. ;
; spi~FF_4459                                                                         ; No clock feeds this register's clock port. ;
; spi~FF_4705                                                                         ; No clock feeds this register's clock port. ;
; spi~FF_4462                                                                         ; No clock feeds this register's clock port. ;
; spi~FF_4707                                                                         ; No clock feeds this register's clock port. ;
; spi~FF_4463                                                                         ; No clock feeds this register's clock port. ;
; spi~FF_4460                                                                         ; No clock feeds this register's clock port. ;
; spi~FF_3957                                                                         ; No clock feeds this register's clock port. ;
; spi~FF_4461                                                                         ; No clock feeds this register's clock port. ;
; spi~FF_3958                                                                         ; No clock feeds this register's clock port. ;
; spi~FF_4466                                                                         ; No clock feeds this register's clock port. ;
; spi~FF_4467                                                                         ; No clock feeds this register's clock port. ;
; spi~FF_4392                                                                         ; No clock feeds this register's clock port. ;
; spi~FF_4731                                                                         ; No clock feeds this register's clock port. ;
; spi~FF_3917                                                                         ; No clock feeds this register's clock port. ;
; spi~FF_4464                                                                         ; No clock feeds this register's clock port. ;
; spi~FF_3953                                                                         ; No clock feeds this register's clock port. ;
; spi~FF_4465                                                                         ; No clock feeds this register's clock port. ;
; spi~FF_4728                                                                         ; No clock feeds this register's clock port. ;
; spi~FF_4733                                                                         ; No clock feeds this register's clock port. ;
; spi~FF_3954                                                                         ; No clock feeds this register's clock port. ;
; spi~FF_4470                                                                         ; No clock feeds this register's clock port. ;
; spi~FF_4471                                                                         ; No clock feeds this register's clock port. ;
; spi~FF_4735                                                                         ; No clock feeds this register's clock port. ;
; spi~FF_3952                                                                         ; No clock feeds this register's clock port. ;
; spi~FF_4468                                                                         ; No clock feeds this register's clock port. ;
; spi~FF_4469                                                                         ; No clock feeds this register's clock port. ;
; spi~FF_4724                                                                         ; No clock feeds this register's clock port. ;
; spi~FF_3918                                                                         ; No clock feeds this register's clock port. ;
; spi~FF_4474                                                                         ; No clock feeds this register's clock port. ;
; spi~FF_4727                                                                         ; No clock feeds this register's clock port. ;
; spi~FF_3919                                                                         ; No clock feeds this register's clock port. ;
; spi~FF_4475                                                                         ; No clock feeds this register's clock port. ;
; spi~FF_3912                                                                         ; No clock feeds this register's clock port. ;
; spi~FF_3956                                                                         ; No clock feeds this register's clock port. ;
; spi~FF_4472                                                                         ; No clock feeds this register's clock port. ;
; spi~FF_3913                                                                         ; No clock feeds this register's clock port. ;
; spi~FF_4473                                                                         ; No clock feeds this register's clock port. ;
; spi~FF_4720                                                                         ; No clock feeds this register's clock port. ;
; spi~FF_3914                                                                         ; No clock feeds this register's clock port. ;
; spi~FF_4478                                                                         ; No clock feeds this register's clock port. ;
; spi~FF_4723                                                                         ; No clock feeds this register's clock port. ;
; spi~FF_3915                                                                         ; No clock feeds this register's clock port. ;
; spi~FF_4479                                                                         ; No clock feeds this register's clock port. ;
; spi~FF_4722                                                                         ; No clock feeds this register's clock port. ;
; spi~FF_4725                                                                         ; No clock feeds this register's clock port. ;
; spi~FF_3908                                                                         ; No clock feeds this register's clock port. ;
; spi~FF_4476                                                                         ; No clock feeds this register's clock port. ;
; spi~FF_3909                                                                         ; No clock feeds this register's clock port. ;
; spi~FF_4477                                                                         ; No clock feeds this register's clock port. ;
; spi~FF_4370                                                                         ; No clock feeds this register's clock port. ;
; spi~FF_4429                                                                         ; No clock feeds this register's clock port. ;
; spi~FF_3910                                                                         ; No clock feeds this register's clock port. ;
; spi~FF_3905                                                                         ; No clock feeds this register's clock port. ;
; spi~FF_3904                                                                         ; No clock feeds this register's clock port. ;
; spi~FF_3906                                                                         ; No clock feeds this register's clock port. ;
; spi~FF_3907                                                                         ; No clock feeds this register's clock port. ;
; spi~FF_3934                                                                         ; No clock feeds this register's clock port. ;
; spi~FF_3938                                                                         ; No clock feeds this register's clock port. ;
; spi~FF_3935                                                                         ; No clock feeds this register's clock port. ;
; spi~FF_3928                                                                         ; No clock feeds this register's clock port. ;
; spi~FF_2371                                                                         ; No clock feeds this register's clock port. ;
; spi~FF_3930                                                                         ; No clock feeds this register's clock port. ;
; spi~FF_3926                                                                         ; No clock feeds this register's clock port. ;
; spi~FF_4703                                                                         ; No clock feeds this register's clock port. ;
; spi~FF_3927                                                                         ; No clock feeds this register's clock port. ;
; spi~FF_4702                                                                         ; No clock feeds this register's clock port. ;
; spi~FF_2380                                                                         ; No clock feeds this register's clock port. ;
; spi~FF_3922                                                                         ; No clock feeds this register's clock port. ;
; spi~FF_3923                                                                         ; No clock feeds this register's clock port. ;
; spi~FF_4384                                                                         ; No clock feeds this register's clock port. ;
; spi~FF_4697                                                                         ; No clock feeds this register's clock port. ;
; spi~FF_4387                                                                         ; No clock feeds this register's clock port. ;
; spi~FF_4698                                                                         ; No clock feeds this register's clock port. ;
; spi~FF_4699                                                                         ; No clock feeds this register's clock port. ;
; spi~FF_4696                                                                         ; No clock feeds this register's clock port. ;
; spi~FF_4701                                                                         ; No clock feeds this register's clock port. ;
; spi~FF_4700                                                                         ; No clock feeds this register's clock port. ;
; spi~FF_4007                                                                         ; No clock feeds this register's clock port. ;
; spi~FF_4000                                                                         ; No clock feeds this register's clock port. ;
; spi~FF_3969                                                                         ; No clock feeds this register's clock port. ;
; spi~FF_4025                                                                         ; No clock feeds this register's clock port. ;
; spi~FF_4797                                                                         ; No clock feeds this register's clock port. ;
; spi~FF_4799                                                                         ; No clock feeds this register's clock port. ;
; spi~FF_4798                                                                         ; No clock feeds this register's clock port. ;
; spi~FF_4016                                                                         ; No clock feeds this register's clock port. ;
; spi~FF_4792                                                                         ; No clock feeds this register's clock port. ;
; spi~FF_4789                                                                         ; No clock feeds this register's clock port. ;
; spi~FF_4788                                                                         ; No clock feeds this register's clock port. ;
; spi~FF_4791                                                                         ; No clock feeds this register's clock port. ;
; spi~FF_4790                                                                         ; No clock feeds this register's clock port. ;
; spi~FF_3976                                                                         ; No clock feeds this register's clock port. ;
; spi~FF_3977                                                                         ; No clock feeds this register's clock port. ;
; spi~FF_3991                                                                         ; No clock feeds this register's clock port. ;
; spi~FF_4787                                                                         ; No clock feeds this register's clock port. ;
; spi~FF_3973                                                                         ; No clock feeds this register's clock port. ;
; spi~FF_3974                                                                         ; No clock feeds this register's clock port. ;
; spi~FF_4482                                                                         ; No clock feeds this register's clock port. ;
; spi~FF_4483                                                                         ; No clock feeds this register's clock port. ;
; spi~FF_4747                                                                         ; No clock feeds this register's clock port. ;
; spi~FF_4480                                                                         ; No clock feeds this register's clock port. ;
; spi~FF_4481                                                                         ; No clock feeds this register's clock port. ;
; spi~FF_4749                                                                         ; No clock feeds this register's clock port. ;
; spi~FF_3970                                                                         ; No clock feeds this register's clock port. ;
; spi~FF_4401                                                                         ; No clock feeds this register's clock port. ;
; spi~FF_4759                                                                         ; No clock feeds this register's clock port. ;
; spi~FF_3971                                                                         ; No clock feeds this register's clock port. ;
; spi~FF_4751                                                                         ; No clock feeds this register's clock port. ;
; spi~FF_4484                                                                         ; No clock feeds this register's clock port. ;
; spi~FF_4485                                                                         ; No clock feeds this register's clock port. ;
; spi~FF_3998                                                                         ; No clock feeds this register's clock port. ;
; spi~FF_4737                                                                         ; No clock feeds this register's clock port. ;
; spi~FF_4738                                                                         ; No clock feeds this register's clock port. ;
; spi~FF_3989                                                                         ; No clock feeds this register's clock port. ;
; spi~FF_3980                                                                         ; No clock feeds this register's clock port. ;
; spi~FF_3987                                                                         ; No clock feeds this register's clock port. ;
; spi~FF_4076                                                                         ; No clock feeds this register's clock port. ;
; spi~FF_4077                                                                         ; No clock feeds this register's clock port. ;
; spi~FF_4078                                                                         ; No clock feeds this register's clock port. ;
; spi~FF_4079                                                                         ; No clock feeds this register's clock port. ;
; spi~FF_4754                                                                         ; No clock feeds this register's clock port. ;
; spi~FF_4072                                                                         ; No clock feeds this register's clock port. ;
; spi~FF_4073                                                                         ; No clock feeds this register's clock port. ;
; spi~FF_4752                                                                         ; No clock feeds this register's clock port. ;
; spi~FF_4074                                                                         ; No clock feeds this register's clock port. ;
; spi~FF_4757                                                                         ; No clock feeds this register's clock port. ;
; spi~FF_4755                                                                         ; No clock feeds this register's clock port. ;
; spi~FF_4075                                                                         ; No clock feeds this register's clock port. ;
; spi~FF_4766                                                                         ; No clock feeds this register's clock port. ;
; spi~FF_4765                                                                         ; No clock feeds this register's clock port. ;
; spi~FF_4068                                                                         ; No clock feeds this register's clock port. ;
; spi~FF_4069                                                                         ; No clock feeds this register's clock port. ;
; spi~FF_4070                                                                         ; No clock feeds this register's clock port. ;
; spi~FF_4071                                                                         ; No clock feeds this register's clock port. ;
; spi~FF_4064                                                                         ; No clock feeds this register's clock port. ;
; spi~FF_4065                                                                         ; No clock feeds this register's clock port. ;
; spi~FF_4066                                                                         ; No clock feeds this register's clock port. ;
; spi~FF_4067                                                                         ; No clock feeds this register's clock port. ;
; spi~FF_4092                                                                         ; No clock feeds this register's clock port. ;
; spi~FF_4837                                                                         ; No clock feeds this register's clock port. ;
; spi~FF_4093                                                                         ; No clock feeds this register's clock port. ;
; spi~FF_4836                                                                         ; No clock feeds this register's clock port. ;
; spi~FF_4094                                                                         ; No clock feeds this register's clock port. ;
; spi~FF_4095                                                                         ; No clock feeds this register's clock port. ;
; spi~FF_4838                                                                         ; No clock feeds this register's clock port. ;
; spi~FF_4088                                                                         ; No clock feeds this register's clock port. ;
; spi~FF_4089                                                                         ; No clock feeds this register's clock port. ;
; spi~FF_4832                                                                         ; No clock feeds this register's clock port. ;
; spi~FF_4090                                                                         ; No clock feeds this register's clock port. ;
; spi~FF_4091                                                                         ; No clock feeds this register's clock port. ;
; spi~FF_4834                                                                         ; No clock feeds this register's clock port. ;
; spi~FF_4084                                                                         ; No clock feeds this register's clock port. ;
; spi~FF_4085                                                                         ; No clock feeds this register's clock port. ;
; spi~FF_4086                                                                         ; No clock feeds this register's clock port. ;
; spi~FF_4087                                                                         ; No clock feeds this register's clock port. ;
; spi~FF_4080                                                                         ; No clock feeds this register's clock port. ;
; spi~FF_4081                                                                         ; No clock feeds this register's clock port. ;
; spi~FF_4082                                                                         ; No clock feeds this register's clock port. ;
; spi~FF_4839                                                                         ; No clock feeds this register's clock port. ;
; spi~FF_4044                                                                         ; No clock feeds this register's clock port. ;
; spi~FF_4046                                                                         ; No clock feeds this register's clock port. ;
; spi~FF_4813                                                                         ; No clock feeds this register's clock port. ;
; spi~FF_4809                                                                         ; No clock feeds this register's clock port. ;
; spi~FF_4063                                                                         ; No clock feeds this register's clock port. ;
; spi~FF_4812                                                                         ; No clock feeds this register's clock port. ;
; spi~FF_4034                                                                         ; No clock feeds this register's clock port. ;
; spi~FF_4811                                                                         ; No clock feeds this register's clock port. ;
; spi~FF_4804                                                                         ; No clock feeds this register's clock port. ;
; spi~FF_4807                                                                         ; No clock feeds this register's clock port. ;
; spi~FF_4806                                                                         ; No clock feeds this register's clock port. ;
; spi~FF_4801                                                                         ; No clock feeds this register's clock port. ;
; spi~FF_4037                                                                         ; No clock feeds this register's clock port. ;
; spi~FF_4802                                                                         ; No clock feeds this register's clock port. ;
; spi~FF_4052                                                                         ; No clock feeds this register's clock port. ;
; spi~FF_4043                                                                         ; No clock feeds this register's clock port. ;
; spi~FF_4828                                                                         ; No clock feeds this register's clock port. ;
; spi~FF_4055                                                                         ; No clock feeds this register's clock port. ;
; spi~FF_4830                                                                         ; No clock feeds this register's clock port. ;
; spi~FF_4049                                                                         ; No clock feeds this register's clock port. ;
; spi~FF_4831                                                                         ; No clock feeds this register's clock port. ;
; spi~FF_4826                                                                         ; No clock feeds this register's clock port. ;
; spi~FF_3628                                                                         ; No clock feeds this register's clock port. ;
; spi~FF_4817                                                                         ; No clock feeds this register's clock port. ;
; spi~FF_3629                                                                         ; No clock feeds this register's clock port. ;
; spi~FF_4820                                                                         ; No clock feeds this register's clock port. ;
; spi~FF_3630                                                                         ; No clock feeds this register's clock port. ;
; spi~FF_3631                                                                         ; No clock feeds this register's clock port. ;
; spi~FF_3360                                                                         ; No clock feeds this register's clock port. ;
; spi~FF_3624                                                                         ; No clock feeds this register's clock port. ;
; spi~FF_3625                                                                         ; No clock feeds this register's clock port. ;
; spi~FF_3626                                                                         ; No clock feeds this register's clock port. ;
; spi~FF_3627                                                                         ; No clock feeds this register's clock port. ;
; spi~FF_4818                                                                         ; No clock feeds this register's clock port. ;
; spi~FF_3620                                                                         ; No clock feeds this register's clock port. ;
; spi~FF_3621                                                                         ; No clock feeds this register's clock port. ;
; spi~FF_4140                                                                         ; No clock feeds this register's clock port. ;
; spi~FF_3622                                                                         ; No clock feeds this register's clock port. ;
; spi~FF_4141                                                                         ; No clock feeds this register's clock port. ;
; spi~FF_3623                                                                         ; No clock feeds this register's clock port. ;
; spi~FF_4142                                                                         ; No clock feeds this register's clock port. ;
; spi~FF_3616                                                                         ; No clock feeds this register's clock port. ;
; spi~FF_4143                                                                         ; No clock feeds this register's clock port. ;
; spi~FF_3617                                                                         ; No clock feeds this register's clock port. ;
; spi~FF_4136                                                                         ; No clock feeds this register's clock port. ;
; spi~FF_3618                                                                         ; No clock feeds this register's clock port. ;
; spi~FF_3619                                                                         ; No clock feeds this register's clock port. ;
; spi~FF_4138                                                                         ; No clock feeds this register's clock port. ;
; spi~FF_3389                                                                         ; No clock feeds this register's clock port. ;
; spi~FF_4139                                                                         ; No clock feeds this register's clock port. ;
; spi~FF_3645                                                                         ; No clock feeds this register's clock port. ;
; spi~FF_4132                                                                         ; No clock feeds this register's clock port. ;
; spi~FF_2108                                                                         ; No clock feeds this register's clock port. ;
; spi~FF_3391                                                                         ; No clock feeds this register's clock port. ;
; spi~FF_4133                                                                         ; No clock feeds this register's clock port. ;
; spi~FF_3647                                                                         ; No clock feeds this register's clock port. ;
; spi~FF_2109                                                                         ; No clock feeds this register's clock port. ;
; spi~FF_3390                                                                         ; No clock feeds this register's clock port. ;
; spi~FF_3640                                                                         ; No clock feeds this register's clock port. ;
; spi~FF_2110                                                                         ; No clock feeds this register's clock port. ;
; spi~FF_4135                                                                         ; No clock feeds this register's clock port. ;
; spi~FF_2111                                                                         ; No clock feeds this register's clock port. ;
; spi~FF_3642                                                                         ; No clock feeds this register's clock port. ;
; spi~FF_2104                                                                         ; No clock feeds this register's clock port. ;
; spi~FF_2105                                                                         ; No clock feeds this register's clock port. ;
; spi~FF_3636                                                                         ; No clock feeds this register's clock port. ;
; spi~FF_2106                                                                         ; No clock feeds this register's clock port. ;
; spi~FF_4131                                                                         ; No clock feeds this register's clock port. ;
; spi~FF_3637                                                                         ; No clock feeds this register's clock port. ;
; spi~FF_2107                                                                         ; No clock feeds this register's clock port. ;
; spi~FF_3638                                                                         ; No clock feeds this register's clock port. ;
; spi~FF_2100                                                                         ; No clock feeds this register's clock port. ;
; spi~FF_4156                                                                         ; No clock feeds this register's clock port. ;
; spi~FF_2101                                                                         ; No clock feeds this register's clock port. ;
; spi~FF_4157                                                                         ; No clock feeds this register's clock port. ;
; spi~FF_3632                                                                         ; No clock feeds this register's clock port. ;
; spi~FF_2102                                                                         ; No clock feeds this register's clock port. ;
; spi~FF_4158                                                                         ; No clock feeds this register's clock port. ;
; spi~FF_3633                                                                         ; No clock feeds this register's clock port. ;
; spi~FF_2103                                                                         ; No clock feeds this register's clock port. ;
; spi~FF_4159                                                                         ; No clock feeds this register's clock port. ;
; spi~FF_3634                                                                         ; No clock feeds this register's clock port. ;
; spi~FF_4152                                                                         ; No clock feeds this register's clock port. ;
; spi~FF_3635                                                                         ; No clock feeds this register's clock port. ;
; spi~FF_4154                                                                         ; No clock feeds this register's clock port. ;
; spi~FF_4155                                                                         ; No clock feeds this register's clock port. ;
; spi~FF_3340                                                                         ; No clock feeds this register's clock port. ;
; spi~FF_4149                                                                         ; No clock feeds this register's clock port. ;
; spi~FF_3592                                                                         ; No clock feeds this register's clock port. ;
; spi~FF_4150                                                                         ; No clock feeds this register's clock port. ;
; spi~FF_4151                                                                         ; No clock feeds this register's clock port. ;
; spi~FF_4385                                                                         ; No clock feeds this register's clock port. ;
; spi~FF_257                                                                          ; No clock feeds this register's clock port. ;
; spi~FF_4144                                                                         ; No clock feeds this register's clock port. ;
; spi~FF_3594                                                                         ; No clock feeds this register's clock port. ;
; spi~FF_256                                                                          ; No clock feeds this register's clock port. ;
; spi~FF_259                                                                          ; No clock feeds this register's clock port. ;
; spi~FF_4146                                                                         ; No clock feeds this register's clock port. ;
; spi~FF_258                                                                          ; No clock feeds this register's clock port. ;
; spi~FF_4147                                                                         ; No clock feeds this register's clock port. ;
; spi~FF_261                                                                          ; No clock feeds this register's clock port. ;
; spi~FF_4108                                                                         ; No clock feeds this register's clock port. ;
; spi~FF_3333                                                                         ; No clock feeds this register's clock port. ;
; spi~FF_260                                                                          ; No clock feeds this register's clock port. ;
; spi~FF_4109                                                                         ; No clock feeds this register's clock port. ;
; spi~FF_263                                                                          ; No clock feeds this register's clock port. ;
; spi~FF_262                                                                          ; No clock feeds this register's clock port. ;
; spi~FF_4111                                                                         ; No clock feeds this register's clock port. ;
; spi~FF_265                                                                          ; No clock feeds this register's clock port. ;
; spi~FF_4104                                                                         ; No clock feeds this register's clock port. ;
; spi~FF_264                                                                          ; No clock feeds this register's clock port. ;
; spi~FF_4105                                                                         ; No clock feeds this register's clock port. ;
; spi~FF_4106                                                                         ; No clock feeds this register's clock port. ;
; spi~FF_3612                                                                         ; No clock feeds this register's clock port. ;
; spi~FF_266                                                                          ; No clock feeds this register's clock port. ;
; spi~FF_4107                                                                         ; No clock feeds this register's clock port. ;
; spi~FF_3613                                                                         ; No clock feeds this register's clock port. ;
; spi~FF_4100                                                                         ; No clock feeds this register's clock port. ;
; spi~FF_3614                                                                         ; No clock feeds this register's clock port. ;
; spi~FF_4101                                                                         ; No clock feeds this register's clock port. ;
; spi~FF_3615                                                                         ; No clock feeds this register's clock port. ;
; spi~FF_4102                                                                         ; No clock feeds this register's clock port. ;
; spi~FF_3608                                                                         ; No clock feeds this register's clock port. ;
; spi~FF_4103                                                                         ; No clock feeds this register's clock port. ;
; spi~FF_3609                                                                         ; No clock feeds this register's clock port. ;
; spi~FF_4096                                                                         ; No clock feeds this register's clock port. ;
; spi~FF_3610                                                                         ; No clock feeds this register's clock port. ;
; spi~FF_4097                                                                         ; No clock feeds this register's clock port. ;
; spi~FF_3611                                                                         ; No clock feeds this register's clock port. ;
; spi~FF_4098                                                                         ; No clock feeds this register's clock port. ;
; spi~FF_3604                                                                         ; No clock feeds this register's clock port. ;
; spi~FF_4099                                                                         ; No clock feeds this register's clock port. ;
; spi~FF_3605                                                                         ; No clock feeds this register's clock port. ;
; spi~FF_3348                                                                         ; No clock feeds this register's clock port. ;
; spi~FF_3606                                                                         ; No clock feeds this register's clock port. ;
; spi~FF_3349                                                                         ; No clock feeds this register's clock port. ;
; spi~FF_4125                                                                         ; No clock feeds this register's clock port. ;
; spi~FF_3607                                                                         ; No clock feeds this register's clock port. ;
; spi~FF_4126                                                                         ; No clock feeds this register's clock port. ;
; spi~FF_4127                                                                         ; No clock feeds this register's clock port. ;
; spi~FF_3358                                                                         ; No clock feeds this register's clock port. ;
; spi~FF_4120                                                                         ; No clock feeds this register's clock port. ;
; spi~FF_4122                                                                         ; No clock feeds this register's clock port. ;
; spi~FF_3357                                                                         ; No clock feeds this register's clock port. ;
; spi~FF_4123                                                                         ; No clock feeds this register's clock port. ;
; spi~FF_4116                                                                         ; No clock feeds this register's clock port. ;
; spi~FF_3695                                                                         ; No clock feeds this register's clock port. ;
; spi~FF_4117                                                                         ; No clock feeds this register's clock port. ;
; spi~FF_3688                                                                         ; No clock feeds this register's clock port. ;
; spi~FF_4119                                                                         ; No clock feeds this register's clock port. ;
; spi~FF_4112                                                                         ; No clock feeds this register's clock port. ;
; spi~FF_4113                                                                         ; No clock feeds this register's clock port. ;
; spi~FF_3684                                                                         ; No clock feeds this register's clock port. ;
; spi~FF_4114                                                                         ; No clock feeds this register's clock port. ;
; spi~FF_3685                                                                         ; No clock feeds this register's clock port. ;
; spi~FF_3686                                                                         ; No clock feeds this register's clock port. ;
; spi~FF_4205                                                                         ; No clock feeds this register's clock port. ;
; spi~FF_3680                                                                         ; No clock feeds this register's clock port. ;
; spi~FF_4179                                                                         ; No clock feeds this register's clock port. ;
; spi~FF_4206                                                                         ; No clock feeds this register's clock port. ;
; spi~FF_4207                                                                         ; No clock feeds this register's clock port. ;
; spi~FF_3682                                                                         ; No clock feeds this register's clock port. ;
; spi~FF_4200                                                                         ; No clock feeds this register's clock port. ;
; spi~FF_3683                                                                         ; No clock feeds this register's clock port. ;
; spi~FF_3708                                                                         ; No clock feeds this register's clock port. ;
; spi~FF_3709                                                                         ; No clock feeds this register's clock port. ;
; spi~FF_4203                                                                         ; No clock feeds this register's clock port. ;
; spi~FF_4196                                                                         ; No clock feeds this register's clock port. ;
; spi~FF_3453                                                                         ; No clock feeds this register's clock port. ;
; spi~FF_4197                                                                         ; No clock feeds this register's clock port. ;
; spi~FF_4198                                                                         ; No clock feeds this register's clock port. ;
; spi~FF_4199                                                                         ; No clock feeds this register's clock port. ;
; spi~FF_3448                                                                         ; No clock feeds this register's clock port. ;
; spi~FF_4192                                                                         ; No clock feeds this register's clock port. ;
; spi~FF_3707                                                                         ; No clock feeds this register's clock port. ;
; spi~FF_4193                                                                         ; No clock feeds this register's clock port. ;
; spi~FF_4195                                                                         ; No clock feeds this register's clock port. ;
; spi~FF_3705                                                                         ; No clock feeds this register's clock port. ;
; spi~FF_3696                                                                         ; No clock feeds this register's clock port. ;
; spi~FF_3697                                                                         ; No clock feeds this register's clock port. ;
; spi~FF_4162                                                                         ; No clock feeds this register's clock port. ;
; spi~FF_4216                                                                         ; No clock feeds this register's clock port. ;
; spi~FF_3660                                                                         ; No clock feeds this register's clock port. ;
; spi~FF_3661                                                                         ; No clock feeds this register's clock port. ;
; spi~FF_2124                                                                         ; No clock feeds this register's clock port. ;
; spi~FF_3663                                                                         ; No clock feeds this register's clock port. ;
; spi~FF_2125                                                                         ; No clock feeds this register's clock port. ;
; spi~FF_4213                                                                         ; No clock feeds this register's clock port. ;
; spi~FF_2126                                                                         ; No clock feeds this register's clock port. ;
; spi~FF_4214                                                                         ; No clock feeds this register's clock port. ;
; spi~FF_3657                                                                         ; No clock feeds this register's clock port. ;
; spi~FF_2127                                                                         ; No clock feeds this register's clock port. ;
; spi~FF_4215                                                                         ; No clock feeds this register's clock port. ;
; spi~FF_4170                                                                         ; No clock feeds this register's clock port. ;
; spi~FF_2120                                                                         ; No clock feeds this register's clock port. ;
; spi~FF_4208                                                                         ; No clock feeds this register's clock port. ;
; spi~FF_3659                                                                         ; No clock feeds this register's clock port. ;
; spi~FF_2121                                                                         ; No clock feeds this register's clock port. ;
; spi~FF_4209                                                                         ; No clock feeds this register's clock port. ;
; spi~FF_3652                                                                         ; No clock feeds this register's clock port. ;
; spi~FF_2122                                                                         ; No clock feeds this register's clock port. ;
; spi~FF_4210                                                                         ; No clock feeds this register's clock port. ;
; spi~FF_2123                                                                         ; No clock feeds this register's clock port. ;
; spi~FF_4211                                                                         ; No clock feeds this register's clock port. ;
; spi~FF_4174                                                                         ; No clock feeds this register's clock port. ;
; spi~FF_3396                                                                         ; No clock feeds this register's clock port. ;
; spi~FF_3654                                                                         ; No clock feeds this register's clock port. ;
; spi~FF_2116                                                                         ; No clock feeds this register's clock port. ;
; spi~FF_3655                                                                         ; No clock feeds this register's clock port. ;
; spi~FF_2117                                                                         ; No clock feeds this register's clock port. ;
; spi~FF_4173                                                                         ; No clock feeds this register's clock port. ;
; spi~FF_3648                                                                         ; No clock feeds this register's clock port. ;
; spi~FF_2118                                                                         ; No clock feeds this register's clock port. ;
; spi~FF_3393                                                                         ; No clock feeds this register's clock port. ;
; spi~FF_3649                                                                         ; No clock feeds this register's clock port. ;
; spi~FF_2119                                                                         ; No clock feeds this register's clock port. ;
; spi~FF_4175                                                                         ; No clock feeds this register's clock port. ;
; spi~FF_3392                                                                         ; No clock feeds this register's clock port. ;
; spi~FF_3650                                                                         ; No clock feeds this register's clock port. ;
; spi~FF_2112                                                                         ; No clock feeds this register's clock port. ;
; spi~FF_4168                                                                         ; No clock feeds this register's clock port. ;
; spi~FF_3395                                                                         ; No clock feeds this register's clock port. ;
; spi~FF_3651                                                                         ; No clock feeds this register's clock port. ;
; spi~FF_2113                                                                         ; No clock feeds this register's clock port. ;
; spi~FF_4212                                                                         ; No clock feeds this register's clock port. ;
; spi~FF_4169                                                                         ; No clock feeds this register's clock port. ;
; spi~FF_3394                                                                         ; No clock feeds this register's clock port. ;
; spi~FF_3676                                                                         ; No clock feeds this register's clock port. ;
; spi~FF_2114                                                                         ; No clock feeds this register's clock port. ;
; spi~FF_2115                                                                         ; No clock feeds this register's clock port. ;
; spi~FF_4171                                                                         ; No clock feeds this register's clock port. ;
; spi~FF_3678                                                                         ; No clock feeds this register's clock port. ;
; spi~FF_4399                                                                         ; No clock feeds this register's clock port. ;
; spi~FF_4165                                                                         ; No clock feeds this register's clock port. ;
; spi~FF_3672                                                                         ; No clock feeds this register's clock port. ;
; spi~FF_4166                                                                         ; No clock feeds this register's clock port. ;
; spi~FF_4167                                                                         ; No clock feeds this register's clock port. ;
; spi~FF_3674                                                                         ; No clock feeds this register's clock port. ;
; spi~FF_4160                                                                         ; No clock feeds this register's clock port. ;
; spi~FF_3668                                                                         ; No clock feeds this register's clock port. ;
; spi~FF_4163                                                                         ; No clock feeds this register's clock port. ;
; spi~FF_3670                                                                         ; No clock feeds this register's clock port. ;
; spi~FF_4188                                                                         ; No clock feeds this register's clock port. ;
; spi~FF_4189                                                                         ; No clock feeds this register's clock port. ;
; spi~FF_4190                                                                         ; No clock feeds this register's clock port. ;
; spi~FF_4194                                                                         ; No clock feeds this register's clock port. ;
; spi~FF_4191                                                                         ; No clock feeds this register's clock port. ;
; spi~FF_3666                                                                         ; No clock feeds this register's clock port. ;
; spi~FF_2128                                                                         ; No clock feeds this register's clock port. ;
; spi~FF_4184                                                                         ; No clock feeds this register's clock port. ;
; spi~FF_3667                                                                         ; No clock feeds this register's clock port. ;
; spi~FF_2129                                                                         ; No clock feeds this register's clock port. ;
; spi~FF_4185                                                                         ; No clock feeds this register's clock port. ;
; spi~FF_2130                                                                         ; No clock feeds this register's clock port. ;
; spi~FF_2131                                                                         ; No clock feeds this register's clock port. ;
; spi~FF_4187                                                                         ; No clock feeds this register's clock port. ;
; spi~FF_3500                                                                         ; No clock feeds this register's clock port. ;
; spi~FF_3759                                                                         ; No clock feeds this register's clock port. ;
; spi~FF_4180                                                                         ; No clock feeds this register's clock port. ;
; spi~FF_3501                                                                         ; No clock feeds this register's clock port. ;
; spi~FF_3758                                                                         ; No clock feeds this register's clock port. ;
; spi~FF_4182                                                                         ; No clock feeds this register's clock port. ;
; spi~FF_4202                                                                         ; No clock feeds this register's clock port. ;
; spi~FF_4183                                                                         ; No clock feeds this register's clock port. ;
; spi~FF_3497                                                                         ; No clock feeds this register's clock port. ;
; spi~FF_4177                                                                         ; No clock feeds this register's clock port. ;
; spi~FF_3499                                                                         ; No clock feeds this register's clock port. ;
; spi~FF_3492                                                                         ; No clock feeds this register's clock port. ;
; spi~FF_3494                                                                         ; No clock feeds this register's clock port. ;
; spi~FF_3744                                                                         ; No clock feeds this register's clock port. ;
; spi~FF_3495                                                                         ; No clock feeds this register's clock port. ;
; spi~FF_3490                                                                         ; No clock feeds this register's clock port. ;
; spi~FF_3511                                                                         ; No clock feeds this register's clock port. ;
; spi~FF_3469                                                                         ; No clock feeds this register's clock port. ;
; spi~FF_3720                                                                         ; No clock feeds this register's clock port. ;
; spi~FF_3468                                                                         ; No clock feeds this register's clock port. ;
; spi~FF_3471                                                                         ; No clock feeds this register's clock port. ;
; spi~FF_3727                                                                         ; No clock feeds this register's clock port. ;
; spi~FF_3470                                                                         ; No clock feeds this register's clock port. ;
; spi~FF_3721                                                                         ; No clock feeds this register's clock port. ;
; spi~FF_3722                                                                         ; No clock feeds this register's clock port. ;
; spi~FF_3467                                                                         ; No clock feeds this register's clock port. ;
; spi~FF_3716                                                                         ; No clock feeds this register's clock port. ;
; spi~FF_3717                                                                         ; No clock feeds this register's clock port. ;
; spi~FF_3718                                                                         ; No clock feeds this register's clock port. ;
; spi~FF_3719                                                                         ; No clock feeds this register's clock port. ;
; spi~FF_3484                                                                         ; No clock feeds this register's clock port. ;
; spi~FF_3485                                                                         ; No clock feeds this register's clock port. ;
; spi~FF_3486                                                                         ; No clock feeds this register's clock port. ;
; spi~FF_3481                                                                         ; No clock feeds this register's clock port. ;
; spi~FF_3483                                                                         ; No clock feeds this register's clock port. ;
; spi~FF_3477                                                                         ; No clock feeds this register's clock port. ;
; spi~FF_3476                                                                         ; No clock feeds this register's clock port. ;
; spi~FF_3735                                                                         ; No clock feeds this register's clock port. ;
; spi~FF_3478                                                                         ; No clock feeds this register's clock port. ;
; spi~FF_3728                                                                         ; No clock feeds this register's clock port. ;
; spi~FF_3479                                                                         ; No clock feeds this register's clock port. ;
; spi~FF_3472                                                                         ; No clock feeds this register's clock port. ;
; spi~FF_3475                                                                         ; No clock feeds this register's clock port. ;
; spi~FF_3562                                                                         ; No clock feeds this register's clock port. ;
; spi~FF_3552                                                                         ; No clock feeds this register's clock port. ;
; spi~FF_3582                                                                         ; No clock feeds this register's clock port. ;
; spi~FF_3572                                                                         ; No clock feeds this register's clock port. ;
; spi~FF_3881                                                                         ; No clock feeds this register's clock port. ;
; spi~FF_3532                                                                         ; No clock feeds this register's clock port. ;
; spi~FF_3528                                                                         ; No clock feeds this register's clock port. ;
; spi~FF_3530                                                                         ; No clock feeds this register's clock port. ;
; spi~FF_3524                                                                         ; No clock feeds this register's clock port. ;
; spi~FF_3526                                                                         ; No clock feeds this register's clock port. ;
; spi~FF_3521                                                                         ; No clock feeds this register's clock port. ;
; spi~FF_3522                                                                         ; No clock feeds this register's clock port. ;
; spi~FF_3876                                                                         ; No clock feeds this register's clock port. ;
; spi~FF_3787                                                                         ; No clock feeds this register's clock port. ;
; spi~FF_3542                                                                         ; No clock feeds this register's clock port. ;
; spi~FF_4868                                                                         ; No clock feeds this register's clock port. ;
; spi~FF_4865                                                                         ; No clock feeds this register's clock port. ;
; spi~FF_4395                                                                         ; No clock feeds this register's clock port. ;
; spi~FF_2986                                                                         ; No clock feeds this register's clock port. ;
; spi~FF_2989                                                                         ; No clock feeds this register's clock port. ;
; spi~FF_1712                                                                         ; No clock feeds this register's clock port. ;
; spi~FF_1705                                                                         ; No clock feeds this register's clock port. ;
; spi~FF_2984                                                                         ; No clock feeds this register's clock port. ;
; spi~FF_2991                                                                         ; No clock feeds this register's clock port. ;
; spi~FF_1707                                                                         ; No clock feeds this register's clock port. ;
; spi~FF_2990                                                                         ; No clock feeds this register's clock port. ;
; spi~FF_2985                                                                         ; No clock feeds this register's clock port. ;
; spi~FF_175                                                                          ; No clock feeds this register's clock port. ;
; spi~FF_2988                                                                         ; No clock feeds this register's clock port. ;
; spi~FF_2987                                                                         ; No clock feeds this register's clock port. ;
; spi~FF_1697                                                                         ; No clock feeds this register's clock port. ;
; spi~FF_1699                                                                         ; No clock feeds this register's clock port. ;
; spi~FF_1701                                                                         ; No clock feeds this register's clock port. ;
; spi~FF_1703                                                                         ; No clock feeds this register's clock port. ;
; spi~FF_3002                                                                         ; No clock feeds this register's clock port. ;
; spi~FF_3005                                                                         ; No clock feeds this register's clock port. ;
; spi~FF_188                                                                          ; No clock feeds this register's clock port. ;
; spi~FF_3000                                                                         ; No clock feeds this register's clock port. ;
; spi~FF_3007                                                                         ; No clock feeds this register's clock port. ;
; spi~FF_189                                                                          ; No clock feeds this register's clock port. ;
; spi~FF_190                                                                          ; No clock feeds this register's clock port. ;
; spi~FF_3006                                                                         ; No clock feeds this register's clock port. ;
; spi~FF_3001                                                                         ; No clock feeds this register's clock port. ;
; spi~FF_191                                                                          ; No clock feeds this register's clock port. ;
; spi~FF_184                                                                          ; No clock feeds this register's clock port. ;
; spi~FF_3004                                                                         ; No clock feeds this register's clock port. ;
; spi~FF_3003                                                                         ; No clock feeds this register's clock port. ;
; spi~FF_185                                                                          ; No clock feeds this register's clock port. ;
; spi~FF_186                                                                          ; No clock feeds this register's clock port. ;
; spi~FF_2994                                                                         ; No clock feeds this register's clock port. ;
; spi~FF_2997                                                                         ; No clock feeds this register's clock port. ;
; spi~FF_187                                                                          ; No clock feeds this register's clock port. ;
; spi~FF_180                                                                          ; No clock feeds this register's clock port. ;
; spi~FF_2992                                                                         ; No clock feeds this register's clock port. ;
; spi~FF_2999                                                                         ; No clock feeds this register's clock port. ;
; spi~FF_181                                                                          ; No clock feeds this register's clock port. ;
; spi~FF_1709                                                                         ; No clock feeds this register's clock port. ;
; spi~FF_182                                                                          ; No clock feeds this register's clock port. ;
; spi~FF_2998                                                                         ; No clock feeds this register's clock port. ;
; spi~FF_2993                                                                         ; No clock feeds this register's clock port. ;
; spi~FF_183                                                                          ; No clock feeds this register's clock port. ;
; spi~FF_1711                                                                         ; No clock feeds this register's clock port. ;
; spi~FF_176                                                                          ; No clock feeds this register's clock port. ;
; spi~FF_2996                                                                         ; No clock feeds this register's clock port. ;
; spi~FF_2995                                                                         ; No clock feeds this register's clock port. ;
; spi~FF_1710                                                                         ; No clock feeds this register's clock port. ;
; spi~FF_177                                                                          ; No clock feeds this register's clock port. ;
; spi~FF_178                                                                          ; No clock feeds this register's clock port. ;
; spi~FF_179                                                                          ; No clock feeds this register's clock port. ;
; spi~FF_1693                                                                         ; No clock feeds this register's clock port. ;
; spi~FF_1695                                                                         ; No clock feeds this register's clock port. ;
; spi~FF_239                                                                          ; No clock feeds this register's clock port. ;
; spi~FF_241                                                                          ; No clock feeds this register's clock port. ;
; spi~FF_240                                                                          ; No clock feeds this register's clock port. ;
; spi~FF_243                                                                          ; No clock feeds this register's clock port. ;
; spi~FF_242                                                                          ; No clock feeds this register's clock port. ;
; spi~FF_3325                                                                         ; No clock feeds this register's clock port. ;
; spi~FF_3326                                                                         ; No clock feeds this register's clock port. ;
; spi~FF_245                                                                          ; No clock feeds this register's clock port. ;
; spi~FF_244                                                                          ; No clock feeds this register's clock port. ;
; spi~FF_247                                                                          ; No clock feeds this register's clock port. ;
; spi~FF_246                                                                          ; No clock feeds this register's clock port. ;
; spi~FF_249                                                                          ; No clock feeds this register's clock port. ;
; spi~FF_248                                                                          ; No clock feeds this register's clock port. ;
; spi~FF_251                                                                          ; No clock feeds this register's clock port. ;
; spi~FF_250                                                                          ; No clock feeds this register's clock port. ;
; spi~FF_253                                                                          ; No clock feeds this register's clock port. ;
; spi~FF_252                                                                          ; No clock feeds this register's clock port. ;
; spi~FF_255                                                                          ; No clock feeds this register's clock port. ;
; spi~FF_254                                                                          ; No clock feeds this register's clock port. ;
; spi~FF_204                                                                          ; No clock feeds this register's clock port. ;
; spi~FF_205                                                                          ; No clock feeds this register's clock port. ;
; spi~FF_206                                                                          ; No clock feeds this register's clock port. ;
; spi~FF_200                                                                          ; No clock feeds this register's clock port. ;
; spi~FF_201                                                                          ; No clock feeds this register's clock port. ;
; spi~FF_3010                                                                         ; No clock feeds this register's clock port. ;
; spi~FF_202                                                                          ; No clock feeds this register's clock port. ;
; spi~FF_203                                                                          ; No clock feeds this register's clock port. ;
; spi~FF_3008                                                                         ; No clock feeds this register's clock port. ;
; spi~FF_196                                                                          ; No clock feeds this register's clock port. ;
; spi~FF_197                                                                          ; No clock feeds this register's clock port. ;
; spi~FF_3009                                                                         ; No clock feeds this register's clock port. ;
; spi~FF_198                                                                          ; No clock feeds this register's clock port. ;
; spi~FF_199                                                                          ; No clock feeds this register's clock port. ;
; spi~FF_3011                                                                         ; No clock feeds this register's clock port. ;
; spi~FF_192                                                                          ; No clock feeds this register's clock port. ;
; spi~FF_193                                                                          ; No clock feeds this register's clock port. ;
; spi~FF_194                                                                          ; No clock feeds this register's clock port. ;
; spi~FF_195                                                                          ; No clock feeds this register's clock port. ;
; spi~FF_3028                                                                         ; No clock feeds this register's clock port. ;
; spi~FF_3029                                                                         ; No clock feeds this register's clock port. ;
; spi~FF_3030                                                                         ; No clock feeds this register's clock port. ;
; spi~FF_3031                                                                         ; No clock feeds this register's clock port. ;
; spi~FF_3027                                                                         ; No clock feeds this register's clock port. ;
; spi~FF_2353                                                                         ; No clock feeds this register's clock port. ;
; sysmem_lite:sysmem|sysmem_HPS_fpga_interfaces:fpga_interfaces|clocks_resets~FF_4400 ; No clock feeds this register's clock port. ;
; sysmem_lite:sysmem|sysmem_HPS_fpga_interfaces:fpga_interfaces|clocks_resets~FF_2362 ; No clock feeds this register's clock port. ;
; sysmem_lite:sysmem|sysmem_HPS_fpga_interfaces:fpga_interfaces|clocks_resets~FF_4396 ; No clock feeds this register's clock port. ;
; sysmem_lite:sysmem|sysmem_HPS_fpga_interfaces:fpga_interfaces|clocks_resets~FF_3901 ; No clock feeds this register's clock port. ;
; sysmem_lite:sysmem|sysmem_HPS_fpga_interfaces:fpga_interfaces|clocks_resets~FF_4397 ; No clock feeds this register's clock port. ;
; sysmem_lite:sysmem|sysmem_HPS_fpga_interfaces:fpga_interfaces|clocks_resets~FF_3896 ; No clock feeds this register's clock port. ;
; sysmem_lite:sysmem|sysmem_HPS_fpga_interfaces:fpga_interfaces|clocks_resets~FF_3899 ; No clock feeds this register's clock port. ;
; sysmem_lite:sysmem|sysmem_HPS_fpga_interfaces:fpga_interfaces|clocks_resets~FF_3893 ; No clock feeds this register's clock port. ;
; sysmem_lite:sysmem|sysmem_HPS_fpga_interfaces:fpga_interfaces|clocks_resets~FF_3892 ; No clock feeds this register's clock port. ;
; sysmem_lite:sysmem|sysmem_HPS_fpga_interfaces:fpga_interfaces|clocks_resets~FF_4413 ; No clock feeds this register's clock port. ;
; sysmem_lite:sysmem|sysmem_HPS_fpga_interfaces:fpga_interfaces|clocks_resets~FF_3895 ; No clock feeds this register's clock port. ;
; sysmem_lite:sysmem|sysmem_HPS_fpga_interfaces:fpga_interfaces|clocks_resets~FF_3894 ; No clock feeds this register's clock port. ;
; sysmem_lite:sysmem|sysmem_HPS_fpga_interfaces:fpga_interfaces|clocks_resets~FF_3891 ; No clock feeds this register's clock port. ;
; sysmem_lite:sysmem|sysmem_HPS_fpga_interfaces:fpga_interfaces|clocks_resets~FF_4366 ; No clock feeds this register's clock port. ;
; sysmem_lite:sysmem|sysmem_HPS_fpga_interfaces:fpga_interfaces|clocks_resets~FF_4367 ; No clock feeds this register's clock port. ;
; sysmem_lite:sysmem|sysmem_HPS_fpga_interfaces:fpga_interfaces|clocks_resets~FF_3865 ; No clock feeds this register's clock port. ;
; sysmem_lite:sysmem|sysmem_HPS_fpga_interfaces:fpga_interfaces|clocks_resets~FF_3867 ; No clock feeds this register's clock port. ;
; sysmem_lite:sysmem|sysmem_HPS_fpga_interfaces:fpga_interfaces|clocks_resets~FF_4353 ; No clock feeds this register's clock port. ;
; sysmem_lite:sysmem|sysmem_HPS_fpga_interfaces:fpga_interfaces|clocks_resets~FF_4354 ; No clock feeds this register's clock port. ;
; sysmem_lite:sysmem|sysmem_HPS_fpga_interfaces:fpga_interfaces|clocks_resets~FF_4355 ; No clock feeds this register's clock port. ;
; sysmem_lite:sysmem|sysmem_HPS_fpga_interfaces:fpga_interfaces|clocks_resets~FF_4369 ; No clock feeds this register's clock port. ;
; sysmem_lite:sysmem|sysmem_HPS_fpga_interfaces:fpga_interfaces|clocks_resets~FF_3921 ; No clock feeds this register's clock port. ;
; sysmem_lite:sysmem|sysmem_HPS_fpga_interfaces:fpga_interfaces|clocks_resets~FF_3949 ; No clock feeds this register's clock port. ;
; sysmem_lite:sysmem|sysmem_HPS_fpga_interfaces:fpga_interfaces|clocks_resets~FF_3950 ; No clock feeds this register's clock port. ;
; sysmem_lite:sysmem|sysmem_HPS_fpga_interfaces:fpga_interfaces|clocks_resets~FF_3925 ; No clock feeds this register's clock port. ;
; sysmem_lite:sysmem|sysmem_HPS_fpga_interfaces:fpga_interfaces|clocks_resets~FF_3944 ; No clock feeds this register's clock port. ;
; sysmem_lite:sysmem|sysmem_HPS_fpga_interfaces:fpga_interfaces|clocks_resets~FF_3946 ; No clock feeds this register's clock port. ;
; sysmem_lite:sysmem|sysmem_HPS_fpga_interfaces:fpga_interfaces|clocks_resets~FF_3947 ; No clock feeds this register's clock port. ;
; sysmem_lite:sysmem|sysmem_HPS_fpga_interfaces:fpga_interfaces|clocks_resets~FF_3940 ; No clock feeds this register's clock port. ;
; sysmem_lite:sysmem|sysmem_HPS_fpga_interfaces:fpga_interfaces|clocks_resets~FF_4717 ; No clock feeds this register's clock port. ;
; sysmem_lite:sysmem|sysmem_HPS_fpga_interfaces:fpga_interfaces|clocks_resets~FF_4393 ; No clock feeds this register's clock port. ;
; sysmem_lite:sysmem|sysmem_HPS_fpga_interfaces:fpga_interfaces|clocks_resets~FF_4713 ; No clock feeds this register's clock port. ;
; sysmem_lite:sysmem|sysmem_HPS_fpga_interfaces:fpga_interfaces|clocks_resets~FF_3941 ; No clock feeds this register's clock port. ;
; sysmem_lite:sysmem|sysmem_HPS_fpga_interfaces:fpga_interfaces|clocks_resets~FF_4716 ; No clock feeds this register's clock port. ;
; sysmem_lite:sysmem|sysmem_HPS_fpga_interfaces:fpga_interfaces|clocks_resets~FF_3942 ; No clock feeds this register's clock port. ;
; sysmem_lite:sysmem|sysmem_HPS_fpga_interfaces:fpga_interfaces|clocks_resets~FF_3943 ; No clock feeds this register's clock port. ;
; sysmem_lite:sysmem|sysmem_HPS_fpga_interfaces:fpga_interfaces|clocks_resets~FF_4368 ; No clock feeds this register's clock port. ;
; sysmem_lite:sysmem|sysmem_HPS_fpga_interfaces:fpga_interfaces|clocks_resets~FF_3933 ; No clock feeds this register's clock port. ;
; sysmem_lite:sysmem|sysmem_HPS_fpga_interfaces:fpga_interfaces|clocks_resets~FF_4712 ; No clock feeds this register's clock port. ;
; sysmem_lite:sysmem|sysmem_HPS_fpga_interfaces:fpga_interfaces|clocks_resets~FF_3939 ; No clock feeds this register's clock port. ;
; sysmem_lite:sysmem|sysmem_HPS_fpga_interfaces:fpga_interfaces|clocks_resets~FF_4714 ; No clock feeds this register's clock port. ;
; sysmem_lite:sysmem|sysmem_HPS_fpga_interfaces:fpga_interfaces|clocks_resets~FF_3346 ; No clock feeds this register's clock port. ;
; sysmem_lite:sysmem|sysmem_HPS_fpga_interfaces:fpga_interfaces|clocks_resets~FF_4709 ; No clock feeds this register's clock port. ;
; sysmem_lite:sysmem|sysmem_HPS_fpga_interfaces:fpga_interfaces|clocks_resets~FF_4394 ; No clock feeds this register's clock port. ;
; sysmem_lite:sysmem|sysmem_HPS_fpga_interfaces:fpga_interfaces|clocks_resets~FF_4706 ; No clock feeds this register's clock port. ;
; sysmem_lite:sysmem|sysmem_HPS_fpga_interfaces:fpga_interfaces|clocks_resets~FF_4704 ; No clock feeds this register's clock port. ;
; sysmem_lite:sysmem|sysmem_HPS_fpga_interfaces:fpga_interfaces|clocks_resets~FF_4386 ; No clock feeds this register's clock port. ;
; sysmem_lite:sysmem|sysmem_HPS_fpga_interfaces:fpga_interfaces|clocks_resets~FF_4458 ; No clock feeds this register's clock port. ;
; sysmem_lite:sysmem|sysmem_HPS_fpga_interfaces:fpga_interfaces|clocks_resets~FF_3967 ; No clock feeds this register's clock port. ;
; sysmem_lite:sysmem|sysmem_HPS_fpga_interfaces:fpga_interfaces|clocks_resets~FF_4459 ; No clock feeds this register's clock port. ;
; sysmem_lite:sysmem|sysmem_HPS_fpga_interfaces:fpga_interfaces|clocks_resets~FF_4705 ; No clock feeds this register's clock port. ;
; sysmem_lite:sysmem|sysmem_HPS_fpga_interfaces:fpga_interfaces|clocks_resets~FF_4462 ; No clock feeds this register's clock port. ;
; sysmem_lite:sysmem|sysmem_HPS_fpga_interfaces:fpga_interfaces|clocks_resets~FF_4707 ; No clock feeds this register's clock port. ;
; sysmem_lite:sysmem|sysmem_HPS_fpga_interfaces:fpga_interfaces|clocks_resets~FF_4463 ; No clock feeds this register's clock port. ;
; sysmem_lite:sysmem|sysmem_HPS_fpga_interfaces:fpga_interfaces|clocks_resets~FF_4460 ; No clock feeds this register's clock port. ;
; sysmem_lite:sysmem|sysmem_HPS_fpga_interfaces:fpga_interfaces|clocks_resets~FF_3957 ; No clock feeds this register's clock port. ;
; sysmem_lite:sysmem|sysmem_HPS_fpga_interfaces:fpga_interfaces|clocks_resets~FF_4461 ; No clock feeds this register's clock port. ;
; sysmem_lite:sysmem|sysmem_HPS_fpga_interfaces:fpga_interfaces|clocks_resets~FF_3958 ; No clock feeds this register's clock port. ;
; sysmem_lite:sysmem|sysmem_HPS_fpga_interfaces:fpga_interfaces|clocks_resets~FF_4466 ; No clock feeds this register's clock port. ;
; sysmem_lite:sysmem|sysmem_HPS_fpga_interfaces:fpga_interfaces|clocks_resets~FF_4467 ; No clock feeds this register's clock port. ;
; sysmem_lite:sysmem|sysmem_HPS_fpga_interfaces:fpga_interfaces|clocks_resets~FF_4392 ; No clock feeds this register's clock port. ;
; sysmem_lite:sysmem|sysmem_HPS_fpga_interfaces:fpga_interfaces|clocks_resets~FF_4731 ; No clock feeds this register's clock port. ;
; sysmem_lite:sysmem|sysmem_HPS_fpga_interfaces:fpga_interfaces|clocks_resets~FF_3917 ; No clock feeds this register's clock port. ;
; sysmem_lite:sysmem|sysmem_HPS_fpga_interfaces:fpga_interfaces|clocks_resets~FF_4464 ; No clock feeds this register's clock port. ;
; sysmem_lite:sysmem|sysmem_HPS_fpga_interfaces:fpga_interfaces|clocks_resets~FF_3953 ; No clock feeds this register's clock port. ;
; sysmem_lite:sysmem|sysmem_HPS_fpga_interfaces:fpga_interfaces|clocks_resets~FF_4465 ; No clock feeds this register's clock port. ;
; sysmem_lite:sysmem|sysmem_HPS_fpga_interfaces:fpga_interfaces|clocks_resets~FF_4728 ; No clock feeds this register's clock port. ;
; sysmem_lite:sysmem|sysmem_HPS_fpga_interfaces:fpga_interfaces|clocks_resets~FF_4733 ; No clock feeds this register's clock port. ;
; sysmem_lite:sysmem|sysmem_HPS_fpga_interfaces:fpga_interfaces|clocks_resets~FF_3954 ; No clock feeds this register's clock port. ;
; sysmem_lite:sysmem|sysmem_HPS_fpga_interfaces:fpga_interfaces|clocks_resets~FF_4470 ; No clock feeds this register's clock port. ;
; sysmem_lite:sysmem|sysmem_HPS_fpga_interfaces:fpga_interfaces|clocks_resets~FF_4471 ; No clock feeds this register's clock port. ;
; sysmem_lite:sysmem|sysmem_HPS_fpga_interfaces:fpga_interfaces|clocks_resets~FF_4735 ; No clock feeds this register's clock port. ;
; sysmem_lite:sysmem|sysmem_HPS_fpga_interfaces:fpga_interfaces|clocks_resets~FF_3952 ; No clock feeds this register's clock port. ;
; sysmem_lite:sysmem|sysmem_HPS_fpga_interfaces:fpga_interfaces|clocks_resets~FF_4468 ; No clock feeds this register's clock port. ;
; sysmem_lite:sysmem|sysmem_HPS_fpga_interfaces:fpga_interfaces|clocks_resets~FF_4469 ; No clock feeds this register's clock port. ;
; sysmem_lite:sysmem|sysmem_HPS_fpga_interfaces:fpga_interfaces|clocks_resets~FF_4724 ; No clock feeds this register's clock port. ;
; sysmem_lite:sysmem|sysmem_HPS_fpga_interfaces:fpga_interfaces|clocks_resets~FF_3918 ; No clock feeds this register's clock port. ;
; sysmem_lite:sysmem|sysmem_HPS_fpga_interfaces:fpga_interfaces|clocks_resets~FF_4474 ; No clock feeds this register's clock port. ;
; sysmem_lite:sysmem|sysmem_HPS_fpga_interfaces:fpga_interfaces|clocks_resets~FF_4727 ; No clock feeds this register's clock port. ;
; sysmem_lite:sysmem|sysmem_HPS_fpga_interfaces:fpga_interfaces|clocks_resets~FF_3919 ; No clock feeds this register's clock port. ;
; sysmem_lite:sysmem|sysmem_HPS_fpga_interfaces:fpga_interfaces|clocks_resets~FF_4475 ; No clock feeds this register's clock port. ;
; sysmem_lite:sysmem|sysmem_HPS_fpga_interfaces:fpga_interfaces|clocks_resets~FF_3912 ; No clock feeds this register's clock port. ;
; sysmem_lite:sysmem|sysmem_HPS_fpga_interfaces:fpga_interfaces|clocks_resets~FF_3956 ; No clock feeds this register's clock port. ;
; sysmem_lite:sysmem|sysmem_HPS_fpga_interfaces:fpga_interfaces|clocks_resets~FF_4472 ; No clock feeds this register's clock port. ;
; sysmem_lite:sysmem|sysmem_HPS_fpga_interfaces:fpga_interfaces|clocks_resets~FF_3913 ; No clock feeds this register's clock port. ;
; sysmem_lite:sysmem|sysmem_HPS_fpga_interfaces:fpga_interfaces|clocks_resets~FF_4473 ; No clock feeds this register's clock port. ;
; sysmem_lite:sysmem|sysmem_HPS_fpga_interfaces:fpga_interfaces|clocks_resets~FF_4720 ; No clock feeds this register's clock port. ;
; sysmem_lite:sysmem|sysmem_HPS_fpga_interfaces:fpga_interfaces|clocks_resets~FF_3914 ; No clock feeds this register's clock port. ;
; sysmem_lite:sysmem|sysmem_HPS_fpga_interfaces:fpga_interfaces|clocks_resets~FF_4478 ; No clock feeds this register's clock port. ;
; sysmem_lite:sysmem|sysmem_HPS_fpga_interfaces:fpga_interfaces|clocks_resets~FF_4723 ; No clock feeds this register's clock port. ;
; sysmem_lite:sysmem|sysmem_HPS_fpga_interfaces:fpga_interfaces|clocks_resets~FF_3915 ; No clock feeds this register's clock port. ;
; sysmem_lite:sysmem|sysmem_HPS_fpga_interfaces:fpga_interfaces|clocks_resets~FF_4479 ; No clock feeds this register's clock port. ;
; sysmem_lite:sysmem|sysmem_HPS_fpga_interfaces:fpga_interfaces|clocks_resets~FF_4722 ; No clock feeds this register's clock port. ;
; sysmem_lite:sysmem|sysmem_HPS_fpga_interfaces:fpga_interfaces|clocks_resets~FF_4725 ; No clock feeds this register's clock port. ;
; sysmem_lite:sysmem|sysmem_HPS_fpga_interfaces:fpga_interfaces|clocks_resets~FF_3908 ; No clock feeds this register's clock port. ;
; sysmem_lite:sysmem|sysmem_HPS_fpga_interfaces:fpga_interfaces|clocks_resets~FF_4476 ; No clock feeds this register's clock port. ;
; sysmem_lite:sysmem|sysmem_HPS_fpga_interfaces:fpga_interfaces|clocks_resets~FF_3909 ; No clock feeds this register's clock port. ;
; sysmem_lite:sysmem|sysmem_HPS_fpga_interfaces:fpga_interfaces|clocks_resets~FF_4477 ; No clock feeds this register's clock port. ;
; sysmem_lite:sysmem|sysmem_HPS_fpga_interfaces:fpga_interfaces|clocks_resets~FF_4370 ; No clock feeds this register's clock port. ;
; sysmem_lite:sysmem|sysmem_HPS_fpga_interfaces:fpga_interfaces|clocks_resets~FF_4429 ; No clock feeds this register's clock port. ;
; sysmem_lite:sysmem|sysmem_HPS_fpga_interfaces:fpga_interfaces|clocks_resets~FF_3910 ; No clock feeds this register's clock port. ;
; sysmem_lite:sysmem|sysmem_HPS_fpga_interfaces:fpga_interfaces|clocks_resets~FF_3905 ; No clock feeds this register's clock port. ;
; sysmem_lite:sysmem|sysmem_HPS_fpga_interfaces:fpga_interfaces|clocks_resets~FF_3904 ; No clock feeds this register's clock port. ;
; sysmem_lite:sysmem|sysmem_HPS_fpga_interfaces:fpga_interfaces|clocks_resets~FF_3906 ; No clock feeds this register's clock port. ;
; sysmem_lite:sysmem|sysmem_HPS_fpga_interfaces:fpga_interfaces|clocks_resets~FF_3907 ; No clock feeds this register's clock port. ;
; sysmem_lite:sysmem|sysmem_HPS_fpga_interfaces:fpga_interfaces|clocks_resets~FF_3934 ; No clock feeds this register's clock port. ;
; sysmem_lite:sysmem|sysmem_HPS_fpga_interfaces:fpga_interfaces|clocks_resets~FF_3938 ; No clock feeds this register's clock port. ;
; sysmem_lite:sysmem|sysmem_HPS_fpga_interfaces:fpga_interfaces|clocks_resets~FF_3935 ; No clock feeds this register's clock port. ;
; sysmem_lite:sysmem|sysmem_HPS_fpga_interfaces:fpga_interfaces|clocks_resets~FF_3928 ; No clock feeds this register's clock port. ;
; sysmem_lite:sysmem|sysmem_HPS_fpga_interfaces:fpga_interfaces|clocks_resets~FF_2371 ; No clock feeds this register's clock port. ;
; sysmem_lite:sysmem|sysmem_HPS_fpga_interfaces:fpga_interfaces|clocks_resets~FF_3930 ; No clock feeds this register's clock port. ;
; sysmem_lite:sysmem|sysmem_HPS_fpga_interfaces:fpga_interfaces|clocks_resets~FF_3926 ; No clock feeds this register's clock port. ;
; sysmem_lite:sysmem|sysmem_HPS_fpga_interfaces:fpga_interfaces|clocks_resets~FF_4703 ; No clock feeds this register's clock port. ;
; sysmem_lite:sysmem|sysmem_HPS_fpga_interfaces:fpga_interfaces|clocks_resets~FF_3927 ; No clock feeds this register's clock port. ;
; sysmem_lite:sysmem|sysmem_HPS_fpga_interfaces:fpga_interfaces|clocks_resets~FF_4702 ; No clock feeds this register's clock port. ;
; sysmem_lite:sysmem|sysmem_HPS_fpga_interfaces:fpga_interfaces|clocks_resets~FF_2380 ; No clock feeds this register's clock port. ;
; sysmem_lite:sysmem|sysmem_HPS_fpga_interfaces:fpga_interfaces|clocks_resets~FF_3922 ; No clock feeds this register's clock port. ;
; sysmem_lite:sysmem|sysmem_HPS_fpga_interfaces:fpga_interfaces|clocks_resets~FF_3923 ; No clock feeds this register's clock port. ;
; sysmem_lite:sysmem|sysmem_HPS_fpga_interfaces:fpga_interfaces|clocks_resets~FF_4384 ; No clock feeds this register's clock port. ;
; sysmem_lite:sysmem|sysmem_HPS_fpga_interfaces:fpga_interfaces|clocks_resets~FF_4697 ; No clock feeds this register's clock port. ;
; sysmem_lite:sysmem|sysmem_HPS_fpga_interfaces:fpga_interfaces|clocks_resets~FF_4387 ; No clock feeds this register's clock port. ;
; sysmem_lite:sysmem|sysmem_HPS_fpga_interfaces:fpga_interfaces|clocks_resets~FF_4698 ; No clock feeds this register's clock port. ;
; sysmem_lite:sysmem|sysmem_HPS_fpga_interfaces:fpga_interfaces|clocks_resets~FF_4699 ; No clock feeds this register's clock port. ;
; sysmem_lite:sysmem|sysmem_HPS_fpga_interfaces:fpga_interfaces|clocks_resets~FF_4696 ; No clock feeds this register's clock port. ;
; sysmem_lite:sysmem|sysmem_HPS_fpga_interfaces:fpga_interfaces|clocks_resets~FF_4701 ; No clock feeds this register's clock port. ;
; sysmem_lite:sysmem|sysmem_HPS_fpga_interfaces:fpga_interfaces|clocks_resets~FF_4700 ; No clock feeds this register's clock port. ;
; sysmem_lite:sysmem|sysmem_HPS_fpga_interfaces:fpga_interfaces|clocks_resets~FF_4007 ; No clock feeds this register's clock port. ;
; sysmem_lite:sysmem|sysmem_HPS_fpga_interfaces:fpga_interfaces|clocks_resets~FF_4000 ; No clock feeds this register's clock port. ;
; sysmem_lite:sysmem|sysmem_HPS_fpga_interfaces:fpga_interfaces|clocks_resets~FF_3969 ; No clock feeds this register's clock port. ;
; sysmem_lite:sysmem|sysmem_HPS_fpga_interfaces:fpga_interfaces|clocks_resets~FF_4025 ; No clock feeds this register's clock port. ;
; sysmem_lite:sysmem|sysmem_HPS_fpga_interfaces:fpga_interfaces|clocks_resets~FF_4797 ; No clock feeds this register's clock port. ;
; sysmem_lite:sysmem|sysmem_HPS_fpga_interfaces:fpga_interfaces|clocks_resets~FF_4799 ; No clock feeds this register's clock port. ;
; sysmem_lite:sysmem|sysmem_HPS_fpga_interfaces:fpga_interfaces|clocks_resets~FF_4798 ; No clock feeds this register's clock port. ;
; sysmem_lite:sysmem|sysmem_HPS_fpga_interfaces:fpga_interfaces|clocks_resets~FF_4016 ; No clock feeds this register's clock port. ;
; sysmem_lite:sysmem|sysmem_HPS_fpga_interfaces:fpga_interfaces|clocks_resets~FF_4792 ; No clock feeds this register's clock port. ;
; sysmem_lite:sysmem|sysmem_HPS_fpga_interfaces:fpga_interfaces|clocks_resets~FF_4789 ; No clock feeds this register's clock port. ;
; sysmem_lite:sysmem|sysmem_HPS_fpga_interfaces:fpga_interfaces|clocks_resets~FF_4788 ; No clock feeds this register's clock port. ;
; sysmem_lite:sysmem|sysmem_HPS_fpga_interfaces:fpga_interfaces|clocks_resets~FF_4791 ; No clock feeds this register's clock port. ;
; sysmem_lite:sysmem|sysmem_HPS_fpga_interfaces:fpga_interfaces|clocks_resets~FF_4790 ; No clock feeds this register's clock port. ;
; sysmem_lite:sysmem|sysmem_HPS_fpga_interfaces:fpga_interfaces|clocks_resets~FF_3976 ; No clock feeds this register's clock port. ;
; sysmem_lite:sysmem|sysmem_HPS_fpga_interfaces:fpga_interfaces|clocks_resets~FF_3977 ; No clock feeds this register's clock port. ;
; sysmem_lite:sysmem|sysmem_HPS_fpga_interfaces:fpga_interfaces|clocks_resets~FF_3991 ; No clock feeds this register's clock port. ;
; sysmem_lite:sysmem|sysmem_HPS_fpga_interfaces:fpga_interfaces|clocks_resets~FF_4787 ; No clock feeds this register's clock port. ;
; sysmem_lite:sysmem|sysmem_HPS_fpga_interfaces:fpga_interfaces|clocks_resets~FF_3973 ; No clock feeds this register's clock port. ;
; sysmem_lite:sysmem|sysmem_HPS_fpga_interfaces:fpga_interfaces|clocks_resets~FF_3974 ; No clock feeds this register's clock port. ;
; sysmem_lite:sysmem|sysmem_HPS_fpga_interfaces:fpga_interfaces|clocks_resets~FF_4482 ; No clock feeds this register's clock port. ;
; sysmem_lite:sysmem|sysmem_HPS_fpga_interfaces:fpga_interfaces|clocks_resets~FF_4483 ; No clock feeds this register's clock port. ;
; sysmem_lite:sysmem|sysmem_HPS_fpga_interfaces:fpga_interfaces|clocks_resets~FF_4747 ; No clock feeds this register's clock port. ;
; sysmem_lite:sysmem|sysmem_HPS_fpga_interfaces:fpga_interfaces|clocks_resets~FF_4480 ; No clock feeds this register's clock port. ;
; sysmem_lite:sysmem|sysmem_HPS_fpga_interfaces:fpga_interfaces|clocks_resets~FF_4481 ; No clock feeds this register's clock port. ;
; sysmem_lite:sysmem|sysmem_HPS_fpga_interfaces:fpga_interfaces|clocks_resets~FF_4749 ; No clock feeds this register's clock port. ;
; sysmem_lite:sysmem|sysmem_HPS_fpga_interfaces:fpga_interfaces|clocks_resets~FF_3970 ; No clock feeds this register's clock port. ;
; sysmem_lite:sysmem|sysmem_HPS_fpga_interfaces:fpga_interfaces|clocks_resets~FF_4401 ; No clock feeds this register's clock port. ;
; sysmem_lite:sysmem|sysmem_HPS_fpga_interfaces:fpga_interfaces|clocks_resets~FF_4759 ; No clock feeds this register's clock port. ;
; sysmem_lite:sysmem|sysmem_HPS_fpga_interfaces:fpga_interfaces|clocks_resets~FF_3971 ; No clock feeds this register's clock port. ;
; sysmem_lite:sysmem|sysmem_HPS_fpga_interfaces:fpga_interfaces|clocks_resets~FF_4751 ; No clock feeds this register's clock port. ;
; sysmem_lite:sysmem|sysmem_HPS_fpga_interfaces:fpga_interfaces|clocks_resets~FF_4484 ; No clock feeds this register's clock port. ;
; sysmem_lite:sysmem|sysmem_HPS_fpga_interfaces:fpga_interfaces|clocks_resets~FF_4485 ; No clock feeds this register's clock port. ;
; sysmem_lite:sysmem|sysmem_HPS_fpga_interfaces:fpga_interfaces|clocks_resets~FF_3998 ; No clock feeds this register's clock port. ;
; sysmem_lite:sysmem|sysmem_HPS_fpga_interfaces:fpga_interfaces|clocks_resets~FF_4737 ; No clock feeds this register's clock port. ;
; sysmem_lite:sysmem|sysmem_HPS_fpga_interfaces:fpga_interfaces|clocks_resets~FF_4738 ; No clock feeds this register's clock port. ;
; sysmem_lite:sysmem|sysmem_HPS_fpga_interfaces:fpga_interfaces|clocks_resets~FF_3989 ; No clock feeds this register's clock port. ;
; sysmem_lite:sysmem|sysmem_HPS_fpga_interfaces:fpga_interfaces|clocks_resets~FF_3980 ; No clock feeds this register's clock port. ;
; sysmem_lite:sysmem|sysmem_HPS_fpga_interfaces:fpga_interfaces|clocks_resets~FF_3987 ; No clock feeds this register's clock port. ;
; sysmem_lite:sysmem|sysmem_HPS_fpga_interfaces:fpga_interfaces|clocks_resets~FF_4076 ; No clock feeds this register's clock port. ;
; sysmem_lite:sysmem|sysmem_HPS_fpga_interfaces:fpga_interfaces|clocks_resets~FF_4077 ; No clock feeds this register's clock port. ;
; sysmem_lite:sysmem|sysmem_HPS_fpga_interfaces:fpga_interfaces|clocks_resets~FF_4078 ; No clock feeds this register's clock port. ;
; sysmem_lite:sysmem|sysmem_HPS_fpga_interfaces:fpga_interfaces|clocks_resets~FF_4079 ; No clock feeds this register's clock port. ;
; sysmem_lite:sysmem|sysmem_HPS_fpga_interfaces:fpga_interfaces|clocks_resets~FF_4754 ; No clock feeds this register's clock port. ;
; sysmem_lite:sysmem|sysmem_HPS_fpga_interfaces:fpga_interfaces|clocks_resets~FF_4072 ; No clock feeds this register's clock port. ;
; sysmem_lite:sysmem|sysmem_HPS_fpga_interfaces:fpga_interfaces|clocks_resets~FF_4073 ; No clock feeds this register's clock port. ;
; sysmem_lite:sysmem|sysmem_HPS_fpga_interfaces:fpga_interfaces|clocks_resets~FF_4752 ; No clock feeds this register's clock port. ;
; sysmem_lite:sysmem|sysmem_HPS_fpga_interfaces:fpga_interfaces|clocks_resets~FF_4074 ; No clock feeds this register's clock port. ;
; sysmem_lite:sysmem|sysmem_HPS_fpga_interfaces:fpga_interfaces|clocks_resets~FF_4757 ; No clock feeds this register's clock port. ;
; sysmem_lite:sysmem|sysmem_HPS_fpga_interfaces:fpga_interfaces|clocks_resets~FF_4755 ; No clock feeds this register's clock port. ;
; sysmem_lite:sysmem|sysmem_HPS_fpga_interfaces:fpga_interfaces|clocks_resets~FF_4075 ; No clock feeds this register's clock port. ;
; sysmem_lite:sysmem|sysmem_HPS_fpga_interfaces:fpga_interfaces|clocks_resets~FF_4766 ; No clock feeds this register's clock port. ;
; sysmem_lite:sysmem|sysmem_HPS_fpga_interfaces:fpga_interfaces|clocks_resets~FF_4765 ; No clock feeds this register's clock port. ;
; sysmem_lite:sysmem|sysmem_HPS_fpga_interfaces:fpga_interfaces|clocks_resets~FF_4068 ; No clock feeds this register's clock port. ;
; sysmem_lite:sysmem|sysmem_HPS_fpga_interfaces:fpga_interfaces|clocks_resets~FF_4069 ; No clock feeds this register's clock port. ;
; sysmem_lite:sysmem|sysmem_HPS_fpga_interfaces:fpga_interfaces|clocks_resets~FF_4070 ; No clock feeds this register's clock port. ;
; sysmem_lite:sysmem|sysmem_HPS_fpga_interfaces:fpga_interfaces|clocks_resets~FF_4071 ; No clock feeds this register's clock port. ;
; sysmem_lite:sysmem|sysmem_HPS_fpga_interfaces:fpga_interfaces|clocks_resets~FF_4064 ; No clock feeds this register's clock port. ;
; sysmem_lite:sysmem|sysmem_HPS_fpga_interfaces:fpga_interfaces|clocks_resets~FF_4065 ; No clock feeds this register's clock port. ;
; sysmem_lite:sysmem|sysmem_HPS_fpga_interfaces:fpga_interfaces|clocks_resets~FF_4066 ; No clock feeds this register's clock port. ;
; sysmem_lite:sysmem|sysmem_HPS_fpga_interfaces:fpga_interfaces|clocks_resets~FF_4067 ; No clock feeds this register's clock port. ;
; sysmem_lite:sysmem|sysmem_HPS_fpga_interfaces:fpga_interfaces|clocks_resets~FF_4092 ; No clock feeds this register's clock port. ;
; sysmem_lite:sysmem|sysmem_HPS_fpga_interfaces:fpga_interfaces|clocks_resets~FF_4837 ; No clock feeds this register's clock port. ;
; sysmem_lite:sysmem|sysmem_HPS_fpga_interfaces:fpga_interfaces|clocks_resets~FF_4093 ; No clock feeds this register's clock port. ;
; sysmem_lite:sysmem|sysmem_HPS_fpga_interfaces:fpga_interfaces|clocks_resets~FF_4836 ; No clock feeds this register's clock port. ;
; sysmem_lite:sysmem|sysmem_HPS_fpga_interfaces:fpga_interfaces|clocks_resets~FF_4094 ; No clock feeds this register's clock port. ;
; sysmem_lite:sysmem|sysmem_HPS_fpga_interfaces:fpga_interfaces|clocks_resets~FF_4095 ; No clock feeds this register's clock port. ;
; sysmem_lite:sysmem|sysmem_HPS_fpga_interfaces:fpga_interfaces|clocks_resets~FF_4838 ; No clock feeds this register's clock port. ;
; sysmem_lite:sysmem|sysmem_HPS_fpga_interfaces:fpga_interfaces|clocks_resets~FF_4088 ; No clock feeds this register's clock port. ;
; sysmem_lite:sysmem|sysmem_HPS_fpga_interfaces:fpga_interfaces|clocks_resets~FF_4089 ; No clock feeds this register's clock port. ;
; sysmem_lite:sysmem|sysmem_HPS_fpga_interfaces:fpga_interfaces|clocks_resets~FF_4832 ; No clock feeds this register's clock port. ;
; sysmem_lite:sysmem|sysmem_HPS_fpga_interfaces:fpga_interfaces|clocks_resets~FF_4090 ; No clock feeds this register's clock port. ;
; sysmem_lite:sysmem|sysmem_HPS_fpga_interfaces:fpga_interfaces|clocks_resets~FF_4091 ; No clock feeds this register's clock port. ;
; sysmem_lite:sysmem|sysmem_HPS_fpga_interfaces:fpga_interfaces|clocks_resets~FF_4834 ; No clock feeds this register's clock port. ;
; sysmem_lite:sysmem|sysmem_HPS_fpga_interfaces:fpga_interfaces|clocks_resets~FF_4084 ; No clock feeds this register's clock port. ;
; sysmem_lite:sysmem|sysmem_HPS_fpga_interfaces:fpga_interfaces|clocks_resets~FF_4085 ; No clock feeds this register's clock port. ;
; sysmem_lite:sysmem|sysmem_HPS_fpga_interfaces:fpga_interfaces|clocks_resets~FF_4086 ; No clock feeds this register's clock port. ;
; sysmem_lite:sysmem|sysmem_HPS_fpga_interfaces:fpga_interfaces|clocks_resets~FF_4087 ; No clock feeds this register's clock port. ;
; sysmem_lite:sysmem|sysmem_HPS_fpga_interfaces:fpga_interfaces|clocks_resets~FF_4080 ; No clock feeds this register's clock port. ;
; sysmem_lite:sysmem|sysmem_HPS_fpga_interfaces:fpga_interfaces|clocks_resets~FF_4081 ; No clock feeds this register's clock port. ;
; sysmem_lite:sysmem|sysmem_HPS_fpga_interfaces:fpga_interfaces|clocks_resets~FF_4082 ; No clock feeds this register's clock port. ;
; sysmem_lite:sysmem|sysmem_HPS_fpga_interfaces:fpga_interfaces|clocks_resets~FF_4839 ; No clock feeds this register's clock port. ;
; sysmem_lite:sysmem|sysmem_HPS_fpga_interfaces:fpga_interfaces|clocks_resets~FF_4044 ; No clock feeds this register's clock port. ;
; sysmem_lite:sysmem|sysmem_HPS_fpga_interfaces:fpga_interfaces|clocks_resets~FF_4046 ; No clock feeds this register's clock port. ;
; sysmem_lite:sysmem|sysmem_HPS_fpga_interfaces:fpga_interfaces|clocks_resets~FF_4813 ; No clock feeds this register's clock port. ;
; sysmem_lite:sysmem|sysmem_HPS_fpga_interfaces:fpga_interfaces|clocks_resets~FF_4809 ; No clock feeds this register's clock port. ;
; sysmem_lite:sysmem|sysmem_HPS_fpga_interfaces:fpga_interfaces|clocks_resets~FF_4063 ; No clock feeds this register's clock port. ;
; sysmem_lite:sysmem|sysmem_HPS_fpga_interfaces:fpga_interfaces|clocks_resets~FF_4812 ; No clock feeds this register's clock port. ;
; sysmem_lite:sysmem|sysmem_HPS_fpga_interfaces:fpga_interfaces|clocks_resets~FF_4034 ; No clock feeds this register's clock port. ;
; sysmem_lite:sysmem|sysmem_HPS_fpga_interfaces:fpga_interfaces|clocks_resets~FF_4811 ; No clock feeds this register's clock port. ;
; sysmem_lite:sysmem|sysmem_HPS_fpga_interfaces:fpga_interfaces|clocks_resets~FF_4804 ; No clock feeds this register's clock port. ;
; sysmem_lite:sysmem|sysmem_HPS_fpga_interfaces:fpga_interfaces|clocks_resets~FF_4807 ; No clock feeds this register's clock port. ;
; sysmem_lite:sysmem|sysmem_HPS_fpga_interfaces:fpga_interfaces|clocks_resets~FF_4806 ; No clock feeds this register's clock port. ;
; sysmem_lite:sysmem|sysmem_HPS_fpga_interfaces:fpga_interfaces|clocks_resets~FF_4801 ; No clock feeds this register's clock port. ;
; sysmem_lite:sysmem|sysmem_HPS_fpga_interfaces:fpga_interfaces|clocks_resets~FF_4037 ; No clock feeds this register's clock port. ;
; sysmem_lite:sysmem|sysmem_HPS_fpga_interfaces:fpga_interfaces|clocks_resets~FF_4802 ; No clock feeds this register's clock port. ;
; sysmem_lite:sysmem|sysmem_HPS_fpga_interfaces:fpga_interfaces|clocks_resets~FF_4052 ; No clock feeds this register's clock port. ;
; sysmem_lite:sysmem|sysmem_HPS_fpga_interfaces:fpga_interfaces|clocks_resets~FF_4043 ; No clock feeds this register's clock port. ;
; sysmem_lite:sysmem|sysmem_HPS_fpga_interfaces:fpga_interfaces|clocks_resets~FF_4828 ; No clock feeds this register's clock port. ;
; sysmem_lite:sysmem|sysmem_HPS_fpga_interfaces:fpga_interfaces|clocks_resets~FF_4055 ; No clock feeds this register's clock port. ;
; sysmem_lite:sysmem|sysmem_HPS_fpga_interfaces:fpga_interfaces|clocks_resets~FF_4830 ; No clock feeds this register's clock port. ;
; sysmem_lite:sysmem|sysmem_HPS_fpga_interfaces:fpga_interfaces|clocks_resets~FF_4049 ; No clock feeds this register's clock port. ;
; sysmem_lite:sysmem|sysmem_HPS_fpga_interfaces:fpga_interfaces|clocks_resets~FF_4831 ; No clock feeds this register's clock port. ;
; sysmem_lite:sysmem|sysmem_HPS_fpga_interfaces:fpga_interfaces|clocks_resets~FF_4826 ; No clock feeds this register's clock port. ;
; sysmem_lite:sysmem|sysmem_HPS_fpga_interfaces:fpga_interfaces|clocks_resets~FF_3628 ; No clock feeds this register's clock port. ;
; sysmem_lite:sysmem|sysmem_HPS_fpga_interfaces:fpga_interfaces|clocks_resets~FF_4817 ; No clock feeds this register's clock port. ;
; sysmem_lite:sysmem|sysmem_HPS_fpga_interfaces:fpga_interfaces|clocks_resets~FF_3629 ; No clock feeds this register's clock port. ;
; sysmem_lite:sysmem|sysmem_HPS_fpga_interfaces:fpga_interfaces|clocks_resets~FF_4820 ; No clock feeds this register's clock port. ;
; sysmem_lite:sysmem|sysmem_HPS_fpga_interfaces:fpga_interfaces|clocks_resets~FF_3630 ; No clock feeds this register's clock port. ;
; sysmem_lite:sysmem|sysmem_HPS_fpga_interfaces:fpga_interfaces|clocks_resets~FF_3631 ; No clock feeds this register's clock port. ;
; sysmem_lite:sysmem|sysmem_HPS_fpga_interfaces:fpga_interfaces|clocks_resets~FF_3360 ; No clock feeds this register's clock port. ;
; sysmem_lite:sysmem|sysmem_HPS_fpga_interfaces:fpga_interfaces|clocks_resets~FF_3624 ; No clock feeds this register's clock port. ;
; sysmem_lite:sysmem|sysmem_HPS_fpga_interfaces:fpga_interfaces|clocks_resets~FF_3625 ; No clock feeds this register's clock port. ;
; sysmem_lite:sysmem|sysmem_HPS_fpga_interfaces:fpga_interfaces|clocks_resets~FF_3626 ; No clock feeds this register's clock port. ;
; sysmem_lite:sysmem|sysmem_HPS_fpga_interfaces:fpga_interfaces|clocks_resets~FF_3627 ; No clock feeds this register's clock port. ;
; sysmem_lite:sysmem|sysmem_HPS_fpga_interfaces:fpga_interfaces|clocks_resets~FF_4818 ; No clock feeds this register's clock port. ;
; sysmem_lite:sysmem|sysmem_HPS_fpga_interfaces:fpga_interfaces|clocks_resets~FF_3620 ; No clock feeds this register's clock port. ;
; sysmem_lite:sysmem|sysmem_HPS_fpga_interfaces:fpga_interfaces|clocks_resets~FF_3621 ; No clock feeds this register's clock port. ;
; sysmem_lite:sysmem|sysmem_HPS_fpga_interfaces:fpga_interfaces|clocks_resets~FF_4140 ; No clock feeds this register's clock port. ;
; sysmem_lite:sysmem|sysmem_HPS_fpga_interfaces:fpga_interfaces|clocks_resets~FF_3622 ; No clock feeds this register's clock port. ;
; sysmem_lite:sysmem|sysmem_HPS_fpga_interfaces:fpga_interfaces|clocks_resets~FF_4141 ; No clock feeds this register's clock port. ;
; sysmem_lite:sysmem|sysmem_HPS_fpga_interfaces:fpga_interfaces|clocks_resets~FF_3623 ; No clock feeds this register's clock port. ;
; sysmem_lite:sysmem|sysmem_HPS_fpga_interfaces:fpga_interfaces|clocks_resets~FF_4142 ; No clock feeds this register's clock port. ;
; sysmem_lite:sysmem|sysmem_HPS_fpga_interfaces:fpga_interfaces|clocks_resets~FF_3616 ; No clock feeds this register's clock port. ;
; sysmem_lite:sysmem|sysmem_HPS_fpga_interfaces:fpga_interfaces|clocks_resets~FF_4143 ; No clock feeds this register's clock port. ;
; sysmem_lite:sysmem|sysmem_HPS_fpga_interfaces:fpga_interfaces|clocks_resets~FF_3617 ; No clock feeds this register's clock port. ;
; sysmem_lite:sysmem|sysmem_HPS_fpga_interfaces:fpga_interfaces|clocks_resets~FF_4136 ; No clock feeds this register's clock port. ;
; sysmem_lite:sysmem|sysmem_HPS_fpga_interfaces:fpga_interfaces|clocks_resets~FF_3618 ; No clock feeds this register's clock port. ;
; sysmem_lite:sysmem|sysmem_HPS_fpga_interfaces:fpga_interfaces|clocks_resets~FF_3619 ; No clock feeds this register's clock port. ;
; sysmem_lite:sysmem|sysmem_HPS_fpga_interfaces:fpga_interfaces|clocks_resets~FF_4138 ; No clock feeds this register's clock port. ;
; sysmem_lite:sysmem|sysmem_HPS_fpga_interfaces:fpga_interfaces|clocks_resets~FF_3389 ; No clock feeds this register's clock port. ;
; sysmem_lite:sysmem|sysmem_HPS_fpga_interfaces:fpga_interfaces|clocks_resets~FF_4139 ; No clock feeds this register's clock port. ;
; sysmem_lite:sysmem|sysmem_HPS_fpga_interfaces:fpga_interfaces|clocks_resets~FF_3645 ; No clock feeds this register's clock port. ;
; sysmem_lite:sysmem|sysmem_HPS_fpga_interfaces:fpga_interfaces|clocks_resets~FF_4132 ; No clock feeds this register's clock port. ;
; sysmem_lite:sysmem|sysmem_HPS_fpga_interfaces:fpga_interfaces|clocks_resets~FF_2108 ; No clock feeds this register's clock port. ;
; sysmem_lite:sysmem|sysmem_HPS_fpga_interfaces:fpga_interfaces|clocks_resets~FF_3391 ; No clock feeds this register's clock port. ;
; sysmem_lite:sysmem|sysmem_HPS_fpga_interfaces:fpga_interfaces|clocks_resets~FF_4133 ; No clock feeds this register's clock port. ;
; sysmem_lite:sysmem|sysmem_HPS_fpga_interfaces:fpga_interfaces|clocks_resets~FF_3647 ; No clock feeds this register's clock port. ;
; sysmem_lite:sysmem|sysmem_HPS_fpga_interfaces:fpga_interfaces|clocks_resets~FF_2109 ; No clock feeds this register's clock port. ;
; sysmem_lite:sysmem|sysmem_HPS_fpga_interfaces:fpga_interfaces|clocks_resets~FF_3390 ; No clock feeds this register's clock port. ;
; sysmem_lite:sysmem|sysmem_HPS_fpga_interfaces:fpga_interfaces|clocks_resets~FF_3640 ; No clock feeds this register's clock port. ;
; sysmem_lite:sysmem|sysmem_HPS_fpga_interfaces:fpga_interfaces|clocks_resets~FF_2110 ; No clock feeds this register's clock port. ;
; sysmem_lite:sysmem|sysmem_HPS_fpga_interfaces:fpga_interfaces|clocks_resets~FF_4135 ; No clock feeds this register's clock port. ;
; sysmem_lite:sysmem|sysmem_HPS_fpga_interfaces:fpga_interfaces|clocks_resets~FF_2111 ; No clock feeds this register's clock port. ;
; sysmem_lite:sysmem|sysmem_HPS_fpga_interfaces:fpga_interfaces|clocks_resets~FF_3642 ; No clock feeds this register's clock port. ;
; sysmem_lite:sysmem|sysmem_HPS_fpga_interfaces:fpga_interfaces|clocks_resets~FF_2104 ; No clock feeds this register's clock port. ;
; sysmem_lite:sysmem|sysmem_HPS_fpga_interfaces:fpga_interfaces|clocks_resets~FF_2105 ; No clock feeds this register's clock port. ;
; sysmem_lite:sysmem|sysmem_HPS_fpga_interfaces:fpga_interfaces|clocks_resets~FF_3636 ; No clock feeds this register's clock port. ;
; sysmem_lite:sysmem|sysmem_HPS_fpga_interfaces:fpga_interfaces|clocks_resets~FF_2106 ; No clock feeds this register's clock port. ;
; sysmem_lite:sysmem|sysmem_HPS_fpga_interfaces:fpga_interfaces|clocks_resets~FF_4131 ; No clock feeds this register's clock port. ;
; sysmem_lite:sysmem|sysmem_HPS_fpga_interfaces:fpga_interfaces|clocks_resets~FF_3637 ; No clock feeds this register's clock port. ;
; sysmem_lite:sysmem|sysmem_HPS_fpga_interfaces:fpga_interfaces|clocks_resets~FF_2107 ; No clock feeds this register's clock port. ;
; sysmem_lite:sysmem|sysmem_HPS_fpga_interfaces:fpga_interfaces|clocks_resets~FF_3638 ; No clock feeds this register's clock port. ;
; sysmem_lite:sysmem|sysmem_HPS_fpga_interfaces:fpga_interfaces|clocks_resets~FF_2100 ; No clock feeds this register's clock port. ;
; sysmem_lite:sysmem|sysmem_HPS_fpga_interfaces:fpga_interfaces|clocks_resets~FF_4156 ; No clock feeds this register's clock port. ;
; sysmem_lite:sysmem|sysmem_HPS_fpga_interfaces:fpga_interfaces|clocks_resets~FF_2101 ; No clock feeds this register's clock port. ;
; sysmem_lite:sysmem|sysmem_HPS_fpga_interfaces:fpga_interfaces|clocks_resets~FF_4157 ; No clock feeds this register's clock port. ;
; sysmem_lite:sysmem|sysmem_HPS_fpga_interfaces:fpga_interfaces|clocks_resets~FF_3632 ; No clock feeds this register's clock port. ;
; sysmem_lite:sysmem|sysmem_HPS_fpga_interfaces:fpga_interfaces|clocks_resets~FF_2102 ; No clock feeds this register's clock port. ;
; sysmem_lite:sysmem|sysmem_HPS_fpga_interfaces:fpga_interfaces|clocks_resets~FF_4158 ; No clock feeds this register's clock port. ;
; sysmem_lite:sysmem|sysmem_HPS_fpga_interfaces:fpga_interfaces|clocks_resets~FF_3633 ; No clock feeds this register's clock port. ;
; sysmem_lite:sysmem|sysmem_HPS_fpga_interfaces:fpga_interfaces|clocks_resets~FF_2103 ; No clock feeds this register's clock port. ;
; sysmem_lite:sysmem|sysmem_HPS_fpga_interfaces:fpga_interfaces|clocks_resets~FF_4159 ; No clock feeds this register's clock port. ;
; sysmem_lite:sysmem|sysmem_HPS_fpga_interfaces:fpga_interfaces|clocks_resets~FF_3634 ; No clock feeds this register's clock port. ;
; sysmem_lite:sysmem|sysmem_HPS_fpga_interfaces:fpga_interfaces|clocks_resets~FF_4152 ; No clock feeds this register's clock port. ;
; sysmem_lite:sysmem|sysmem_HPS_fpga_interfaces:fpga_interfaces|clocks_resets~FF_3635 ; No clock feeds this register's clock port. ;
; sysmem_lite:sysmem|sysmem_HPS_fpga_interfaces:fpga_interfaces|clocks_resets~FF_4154 ; No clock feeds this register's clock port. ;
; sysmem_lite:sysmem|sysmem_HPS_fpga_interfaces:fpga_interfaces|clocks_resets~FF_4155 ; No clock feeds this register's clock port. ;
; sysmem_lite:sysmem|sysmem_HPS_fpga_interfaces:fpga_interfaces|clocks_resets~FF_3340 ; No clock feeds this register's clock port. ;
; sysmem_lite:sysmem|sysmem_HPS_fpga_interfaces:fpga_interfaces|clocks_resets~FF_4149 ; No clock feeds this register's clock port. ;
; sysmem_lite:sysmem|sysmem_HPS_fpga_interfaces:fpga_interfaces|clocks_resets~FF_3592 ; No clock feeds this register's clock port. ;
; sysmem_lite:sysmem|sysmem_HPS_fpga_interfaces:fpga_interfaces|clocks_resets~FF_4150 ; No clock feeds this register's clock port. ;
; sysmem_lite:sysmem|sysmem_HPS_fpga_interfaces:fpga_interfaces|clocks_resets~FF_4151 ; No clock feeds this register's clock port. ;
; sysmem_lite:sysmem|sysmem_HPS_fpga_interfaces:fpga_interfaces|clocks_resets~FF_4385 ; No clock feeds this register's clock port. ;
; sysmem_lite:sysmem|sysmem_HPS_fpga_interfaces:fpga_interfaces|clocks_resets~FF_257  ; No clock feeds this register's clock port. ;
; sysmem_lite:sysmem|sysmem_HPS_fpga_interfaces:fpga_interfaces|clocks_resets~FF_4144 ; No clock feeds this register's clock port. ;
; sysmem_lite:sysmem|sysmem_HPS_fpga_interfaces:fpga_interfaces|clocks_resets~FF_3594 ; No clock feeds this register's clock port. ;
; sysmem_lite:sysmem|sysmem_HPS_fpga_interfaces:fpga_interfaces|clocks_resets~FF_256  ; No clock feeds this register's clock port. ;
; sysmem_lite:sysmem|sysmem_HPS_fpga_interfaces:fpga_interfaces|clocks_resets~FF_259  ; No clock feeds this register's clock port. ;
; sysmem_lite:sysmem|sysmem_HPS_fpga_interfaces:fpga_interfaces|clocks_resets~FF_4146 ; No clock feeds this register's clock port. ;
; sysmem_lite:sysmem|sysmem_HPS_fpga_interfaces:fpga_interfaces|clocks_resets~FF_258  ; No clock feeds this register's clock port. ;
; sysmem_lite:sysmem|sysmem_HPS_fpga_interfaces:fpga_interfaces|clocks_resets~FF_4147 ; No clock feeds this register's clock port. ;
; sysmem_lite:sysmem|sysmem_HPS_fpga_interfaces:fpga_interfaces|clocks_resets~FF_261  ; No clock feeds this register's clock port. ;
; sysmem_lite:sysmem|sysmem_HPS_fpga_interfaces:fpga_interfaces|clocks_resets~FF_4108 ; No clock feeds this register's clock port. ;
; sysmem_lite:sysmem|sysmem_HPS_fpga_interfaces:fpga_interfaces|clocks_resets~FF_3333 ; No clock feeds this register's clock port. ;
; sysmem_lite:sysmem|sysmem_HPS_fpga_interfaces:fpga_interfaces|clocks_resets~FF_260  ; No clock feeds this register's clock port. ;
; sysmem_lite:sysmem|sysmem_HPS_fpga_interfaces:fpga_interfaces|clocks_resets~FF_4109 ; No clock feeds this register's clock port. ;
; sysmem_lite:sysmem|sysmem_HPS_fpga_interfaces:fpga_interfaces|clocks_resets~FF_263  ; No clock feeds this register's clock port. ;
; sysmem_lite:sysmem|sysmem_HPS_fpga_interfaces:fpga_interfaces|clocks_resets~FF_262  ; No clock feeds this register's clock port. ;
; sysmem_lite:sysmem|sysmem_HPS_fpga_interfaces:fpga_interfaces|clocks_resets~FF_4111 ; No clock feeds this register's clock port. ;
; sysmem_lite:sysmem|sysmem_HPS_fpga_interfaces:fpga_interfaces|clocks_resets~FF_265  ; No clock feeds this register's clock port. ;
; sysmem_lite:sysmem|sysmem_HPS_fpga_interfaces:fpga_interfaces|clocks_resets~FF_4104 ; No clock feeds this register's clock port. ;
; sysmem_lite:sysmem|sysmem_HPS_fpga_interfaces:fpga_interfaces|clocks_resets~FF_264  ; No clock feeds this register's clock port. ;
; sysmem_lite:sysmem|sysmem_HPS_fpga_interfaces:fpga_interfaces|clocks_resets~FF_4105 ; No clock feeds this register's clock port. ;
; sysmem_lite:sysmem|sysmem_HPS_fpga_interfaces:fpga_interfaces|clocks_resets~FF_4106 ; No clock feeds this register's clock port. ;
; sysmem_lite:sysmem|sysmem_HPS_fpga_interfaces:fpga_interfaces|clocks_resets~FF_3612 ; No clock feeds this register's clock port. ;
; sysmem_lite:sysmem|sysmem_HPS_fpga_interfaces:fpga_interfaces|clocks_resets~FF_266  ; No clock feeds this register's clock port. ;
; sysmem_lite:sysmem|sysmem_HPS_fpga_interfaces:fpga_interfaces|clocks_resets~FF_4107 ; No clock feeds this register's clock port. ;
; sysmem_lite:sysmem|sysmem_HPS_fpga_interfaces:fpga_interfaces|clocks_resets~FF_3613 ; No clock feeds this register's clock port. ;
; sysmem_lite:sysmem|sysmem_HPS_fpga_interfaces:fpga_interfaces|clocks_resets~FF_4365 ; No clock feeds this register's clock port. ;
; sysmem_lite:sysmem|sysmem_HPS_fpga_interfaces:fpga_interfaces|clocks_resets~FF_4100 ; No clock feeds this register's clock port. ;
; sysmem_lite:sysmem|sysmem_HPS_fpga_interfaces:fpga_interfaces|clocks_resets~FF_3614 ; No clock feeds this register's clock port. ;
; sysmem_lite:sysmem|sysmem_HPS_fpga_interfaces:fpga_interfaces|clocks_resets~FF_4101 ; No clock feeds this register's clock port. ;
; sysmem_lite:sysmem|sysmem_HPS_fpga_interfaces:fpga_interfaces|clocks_resets~FF_3615 ; No clock feeds this register's clock port. ;
; sysmem_lite:sysmem|sysmem_HPS_fpga_interfaces:fpga_interfaces|clocks_resets~FF_4102 ; No clock feeds this register's clock port. ;
; sysmem_lite:sysmem|sysmem_HPS_fpga_interfaces:fpga_interfaces|clocks_resets~FF_3608 ; No clock feeds this register's clock port. ;
; sysmem_lite:sysmem|sysmem_HPS_fpga_interfaces:fpga_interfaces|clocks_resets~FF_4103 ; No clock feeds this register's clock port. ;
; sysmem_lite:sysmem|sysmem_HPS_fpga_interfaces:fpga_interfaces|clocks_resets~FF_3609 ; No clock feeds this register's clock port. ;
; sysmem_lite:sysmem|sysmem_HPS_fpga_interfaces:fpga_interfaces|clocks_resets~FF_4096 ; No clock feeds this register's clock port. ;
; sysmem_lite:sysmem|sysmem_HPS_fpga_interfaces:fpga_interfaces|clocks_resets~FF_3610 ; No clock feeds this register's clock port. ;
; sysmem_lite:sysmem|sysmem_HPS_fpga_interfaces:fpga_interfaces|clocks_resets~FF_4097 ; No clock feeds this register's clock port. ;
; sysmem_lite:sysmem|sysmem_HPS_fpga_interfaces:fpga_interfaces|clocks_resets~FF_3611 ; No clock feeds this register's clock port. ;
; sysmem_lite:sysmem|sysmem_HPS_fpga_interfaces:fpga_interfaces|clocks_resets~FF_4098 ; No clock feeds this register's clock port. ;
; sysmem_lite:sysmem|sysmem_HPS_fpga_interfaces:fpga_interfaces|clocks_resets~FF_3604 ; No clock feeds this register's clock port. ;
; sysmem_lite:sysmem|sysmem_HPS_fpga_interfaces:fpga_interfaces|clocks_resets~FF_4099 ; No clock feeds this register's clock port. ;
; sysmem_lite:sysmem|sysmem_HPS_fpga_interfaces:fpga_interfaces|clocks_resets~FF_3605 ; No clock feeds this register's clock port. ;
; sysmem_lite:sysmem|sysmem_HPS_fpga_interfaces:fpga_interfaces|clocks_resets~FF_3348 ; No clock feeds this register's clock port. ;
; sysmem_lite:sysmem|sysmem_HPS_fpga_interfaces:fpga_interfaces|clocks_resets~FF_3606 ; No clock feeds this register's clock port. ;
; sysmem_lite:sysmem|sysmem_HPS_fpga_interfaces:fpga_interfaces|clocks_resets~FF_3349 ; No clock feeds this register's clock port. ;
; sysmem_lite:sysmem|sysmem_HPS_fpga_interfaces:fpga_interfaces|clocks_resets~FF_4125 ; No clock feeds this register's clock port. ;
; sysmem_lite:sysmem|sysmem_HPS_fpga_interfaces:fpga_interfaces|clocks_resets~FF_3607 ; No clock feeds this register's clock port. ;
; sysmem_lite:sysmem|sysmem_HPS_fpga_interfaces:fpga_interfaces|clocks_resets~FF_4126 ; No clock feeds this register's clock port. ;
; sysmem_lite:sysmem|sysmem_HPS_fpga_interfaces:fpga_interfaces|clocks_resets~FF_4127 ; No clock feeds this register's clock port. ;
; sysmem_lite:sysmem|sysmem_HPS_fpga_interfaces:fpga_interfaces|clocks_resets~FF_3358 ; No clock feeds this register's clock port. ;
; sysmem_lite:sysmem|sysmem_HPS_fpga_interfaces:fpga_interfaces|clocks_resets~FF_4120 ; No clock feeds this register's clock port. ;
; sysmem_lite:sysmem|sysmem_HPS_fpga_interfaces:fpga_interfaces|clocks_resets~FF_4122 ; No clock feeds this register's clock port. ;
; sysmem_lite:sysmem|sysmem_HPS_fpga_interfaces:fpga_interfaces|clocks_resets~FF_3357 ; No clock feeds this register's clock port. ;
; sysmem_lite:sysmem|sysmem_HPS_fpga_interfaces:fpga_interfaces|clocks_resets~FF_4123 ; No clock feeds this register's clock port. ;
; sysmem_lite:sysmem|sysmem_HPS_fpga_interfaces:fpga_interfaces|clocks_resets~FF_4116 ; No clock feeds this register's clock port. ;
; sysmem_lite:sysmem|sysmem_HPS_fpga_interfaces:fpga_interfaces|clocks_resets~FF_3695 ; No clock feeds this register's clock port. ;
; sysmem_lite:sysmem|sysmem_HPS_fpga_interfaces:fpga_interfaces|clocks_resets~FF_4117 ; No clock feeds this register's clock port. ;
; sysmem_lite:sysmem|sysmem_HPS_fpga_interfaces:fpga_interfaces|clocks_resets~FF_3688 ; No clock feeds this register's clock port. ;
; sysmem_lite:sysmem|sysmem_HPS_fpga_interfaces:fpga_interfaces|clocks_resets~FF_4119 ; No clock feeds this register's clock port. ;
; sysmem_lite:sysmem|sysmem_HPS_fpga_interfaces:fpga_interfaces|clocks_resets~FF_4112 ; No clock feeds this register's clock port. ;
; sysmem_lite:sysmem|sysmem_HPS_fpga_interfaces:fpga_interfaces|clocks_resets~FF_4113 ; No clock feeds this register's clock port. ;
; sysmem_lite:sysmem|sysmem_HPS_fpga_interfaces:fpga_interfaces|clocks_resets~FF_3684 ; No clock feeds this register's clock port. ;
; sysmem_lite:sysmem|sysmem_HPS_fpga_interfaces:fpga_interfaces|clocks_resets~FF_4114 ; No clock feeds this register's clock port. ;
; sysmem_lite:sysmem|sysmem_HPS_fpga_interfaces:fpga_interfaces|clocks_resets~FF_3685 ; No clock feeds this register's clock port. ;
; sysmem_lite:sysmem|sysmem_HPS_fpga_interfaces:fpga_interfaces|clocks_resets~FF_3686 ; No clock feeds this register's clock port. ;
; sysmem_lite:sysmem|sysmem_HPS_fpga_interfaces:fpga_interfaces|clocks_resets~FF_4205 ; No clock feeds this register's clock port. ;
; sysmem_lite:sysmem|sysmem_HPS_fpga_interfaces:fpga_interfaces|clocks_resets~FF_3680 ; No clock feeds this register's clock port. ;
; sysmem_lite:sysmem|sysmem_HPS_fpga_interfaces:fpga_interfaces|clocks_resets~FF_4179 ; No clock feeds this register's clock port. ;
; sysmem_lite:sysmem|sysmem_HPS_fpga_interfaces:fpga_interfaces|clocks_resets~FF_4206 ; No clock feeds this register's clock port. ;
; sysmem_lite:sysmem|sysmem_HPS_fpga_interfaces:fpga_interfaces|clocks_resets~FF_4207 ; No clock feeds this register's clock port. ;
; sysmem_lite:sysmem|sysmem_HPS_fpga_interfaces:fpga_interfaces|clocks_resets~FF_3682 ; No clock feeds this register's clock port. ;
; sysmem_lite:sysmem|sysmem_HPS_fpga_interfaces:fpga_interfaces|clocks_resets~FF_4200 ; No clock feeds this register's clock port. ;
; sysmem_lite:sysmem|sysmem_HPS_fpga_interfaces:fpga_interfaces|clocks_resets~FF_3683 ; No clock feeds this register's clock port. ;
; sysmem_lite:sysmem|sysmem_HPS_fpga_interfaces:fpga_interfaces|clocks_resets~FF_3708 ; No clock feeds this register's clock port. ;
; sysmem_lite:sysmem|sysmem_HPS_fpga_interfaces:fpga_interfaces|clocks_resets~FF_3709 ; No clock feeds this register's clock port. ;
; sysmem_lite:sysmem|sysmem_HPS_fpga_interfaces:fpga_interfaces|clocks_resets~FF_4203 ; No clock feeds this register's clock port. ;
; sysmem_lite:sysmem|sysmem_HPS_fpga_interfaces:fpga_interfaces|clocks_resets~FF_4196 ; No clock feeds this register's clock port. ;
; sysmem_lite:sysmem|sysmem_HPS_fpga_interfaces:fpga_interfaces|clocks_resets~FF_3453 ; No clock feeds this register's clock port. ;
; sysmem_lite:sysmem|sysmem_HPS_fpga_interfaces:fpga_interfaces|clocks_resets~FF_4197 ; No clock feeds this register's clock port. ;
; sysmem_lite:sysmem|sysmem_HPS_fpga_interfaces:fpga_interfaces|clocks_resets~FF_4198 ; No clock feeds this register's clock port. ;
; sysmem_lite:sysmem|sysmem_HPS_fpga_interfaces:fpga_interfaces|clocks_resets~FF_4199 ; No clock feeds this register's clock port. ;
; sysmem_lite:sysmem|sysmem_HPS_fpga_interfaces:fpga_interfaces|clocks_resets~FF_3448 ; No clock feeds this register's clock port. ;
; sysmem_lite:sysmem|sysmem_HPS_fpga_interfaces:fpga_interfaces|clocks_resets~FF_4192 ; No clock feeds this register's clock port. ;
; sysmem_lite:sysmem|sysmem_HPS_fpga_interfaces:fpga_interfaces|clocks_resets~FF_3707 ; No clock feeds this register's clock port. ;
; sysmem_lite:sysmem|sysmem_HPS_fpga_interfaces:fpga_interfaces|clocks_resets~FF_4193 ; No clock feeds this register's clock port. ;
; sysmem_lite:sysmem|sysmem_HPS_fpga_interfaces:fpga_interfaces|clocks_resets~FF_4195 ; No clock feeds this register's clock port. ;
; sysmem_lite:sysmem|sysmem_HPS_fpga_interfaces:fpga_interfaces|clocks_resets~FF_3705 ; No clock feeds this register's clock port. ;
; sysmem_lite:sysmem|sysmem_HPS_fpga_interfaces:fpga_interfaces|clocks_resets~FF_3696 ; No clock feeds this register's clock port. ;
; sysmem_lite:sysmem|sysmem_HPS_fpga_interfaces:fpga_interfaces|clocks_resets~FF_3697 ; No clock feeds this register's clock port. ;
; sysmem_lite:sysmem|sysmem_HPS_fpga_interfaces:fpga_interfaces|clocks_resets~FF_4162 ; No clock feeds this register's clock port. ;
; sysmem_lite:sysmem|sysmem_HPS_fpga_interfaces:fpga_interfaces|clocks_resets~FF_4216 ; No clock feeds this register's clock port. ;
; sysmem_lite:sysmem|sysmem_HPS_fpga_interfaces:fpga_interfaces|clocks_resets~FF_3660 ; No clock feeds this register's clock port. ;
; sysmem_lite:sysmem|sysmem_HPS_fpga_interfaces:fpga_interfaces|clocks_resets~FF_3661 ; No clock feeds this register's clock port. ;
; sysmem_lite:sysmem|sysmem_HPS_fpga_interfaces:fpga_interfaces|clocks_resets~FF_2124 ; No clock feeds this register's clock port. ;
; sysmem_lite:sysmem|sysmem_HPS_fpga_interfaces:fpga_interfaces|clocks_resets~FF_3663 ; No clock feeds this register's clock port. ;
; sysmem_lite:sysmem|sysmem_HPS_fpga_interfaces:fpga_interfaces|clocks_resets~FF_2125 ; No clock feeds this register's clock port. ;
; sysmem_lite:sysmem|sysmem_HPS_fpga_interfaces:fpga_interfaces|clocks_resets~FF_4213 ; No clock feeds this register's clock port. ;
; sysmem_lite:sysmem|sysmem_HPS_fpga_interfaces:fpga_interfaces|clocks_resets~FF_2126 ; No clock feeds this register's clock port. ;
; sysmem_lite:sysmem|sysmem_HPS_fpga_interfaces:fpga_interfaces|clocks_resets~FF_4214 ; No clock feeds this register's clock port. ;
; sysmem_lite:sysmem|sysmem_HPS_fpga_interfaces:fpga_interfaces|clocks_resets~FF_3657 ; No clock feeds this register's clock port. ;
; sysmem_lite:sysmem|sysmem_HPS_fpga_interfaces:fpga_interfaces|clocks_resets~FF_2127 ; No clock feeds this register's clock port. ;
; sysmem_lite:sysmem|sysmem_HPS_fpga_interfaces:fpga_interfaces|clocks_resets~FF_4215 ; No clock feeds this register's clock port. ;
; sysmem_lite:sysmem|sysmem_HPS_fpga_interfaces:fpga_interfaces|clocks_resets~FF_4170 ; No clock feeds this register's clock port. ;
; sysmem_lite:sysmem|sysmem_HPS_fpga_interfaces:fpga_interfaces|clocks_resets~FF_2120 ; No clock feeds this register's clock port. ;
; sysmem_lite:sysmem|sysmem_HPS_fpga_interfaces:fpga_interfaces|clocks_resets~FF_4208 ; No clock feeds this register's clock port. ;
; sysmem_lite:sysmem|sysmem_HPS_fpga_interfaces:fpga_interfaces|clocks_resets~FF_3659 ; No clock feeds this register's clock port. ;
; sysmem_lite:sysmem|sysmem_HPS_fpga_interfaces:fpga_interfaces|clocks_resets~FF_2121 ; No clock feeds this register's clock port. ;
; sysmem_lite:sysmem|sysmem_HPS_fpga_interfaces:fpga_interfaces|clocks_resets~FF_4209 ; No clock feeds this register's clock port. ;
; sysmem_lite:sysmem|sysmem_HPS_fpga_interfaces:fpga_interfaces|clocks_resets~FF_3652 ; No clock feeds this register's clock port. ;
; sysmem_lite:sysmem|sysmem_HPS_fpga_interfaces:fpga_interfaces|clocks_resets~FF_2122 ; No clock feeds this register's clock port. ;
; sysmem_lite:sysmem|sysmem_HPS_fpga_interfaces:fpga_interfaces|clocks_resets~FF_4210 ; No clock feeds this register's clock port. ;
; sysmem_lite:sysmem|sysmem_HPS_fpga_interfaces:fpga_interfaces|clocks_resets~FF_2123 ; No clock feeds this register's clock port. ;
; sysmem_lite:sysmem|sysmem_HPS_fpga_interfaces:fpga_interfaces|clocks_resets~FF_4211 ; No clock feeds this register's clock port. ;
; sysmem_lite:sysmem|sysmem_HPS_fpga_interfaces:fpga_interfaces|clocks_resets~FF_4174 ; No clock feeds this register's clock port. ;
; sysmem_lite:sysmem|sysmem_HPS_fpga_interfaces:fpga_interfaces|clocks_resets~FF_3396 ; No clock feeds this register's clock port. ;
; sysmem_lite:sysmem|sysmem_HPS_fpga_interfaces:fpga_interfaces|clocks_resets~FF_3654 ; No clock feeds this register's clock port. ;
; sysmem_lite:sysmem|sysmem_HPS_fpga_interfaces:fpga_interfaces|clocks_resets~FF_2116 ; No clock feeds this register's clock port. ;
; sysmem_lite:sysmem|sysmem_HPS_fpga_interfaces:fpga_interfaces|clocks_resets~FF_3655 ; No clock feeds this register's clock port. ;
; sysmem_lite:sysmem|sysmem_HPS_fpga_interfaces:fpga_interfaces|clocks_resets~FF_2117 ; No clock feeds this register's clock port. ;
; sysmem_lite:sysmem|sysmem_HPS_fpga_interfaces:fpga_interfaces|clocks_resets~FF_4173 ; No clock feeds this register's clock port. ;
; sysmem_lite:sysmem|sysmem_HPS_fpga_interfaces:fpga_interfaces|clocks_resets~FF_3648 ; No clock feeds this register's clock port. ;
; sysmem_lite:sysmem|sysmem_HPS_fpga_interfaces:fpga_interfaces|clocks_resets~FF_2118 ; No clock feeds this register's clock port. ;
; sysmem_lite:sysmem|sysmem_HPS_fpga_interfaces:fpga_interfaces|clocks_resets~FF_3393 ; No clock feeds this register's clock port. ;
; sysmem_lite:sysmem|sysmem_HPS_fpga_interfaces:fpga_interfaces|clocks_resets~FF_3649 ; No clock feeds this register's clock port. ;
; sysmem_lite:sysmem|sysmem_HPS_fpga_interfaces:fpga_interfaces|clocks_resets~FF_2119 ; No clock feeds this register's clock port. ;
; sysmem_lite:sysmem|sysmem_HPS_fpga_interfaces:fpga_interfaces|clocks_resets~FF_4175 ; No clock feeds this register's clock port. ;
; sysmem_lite:sysmem|sysmem_HPS_fpga_interfaces:fpga_interfaces|clocks_resets~FF_3392 ; No clock feeds this register's clock port. ;
; sysmem_lite:sysmem|sysmem_HPS_fpga_interfaces:fpga_interfaces|clocks_resets~FF_3650 ; No clock feeds this register's clock port. ;
; sysmem_lite:sysmem|sysmem_HPS_fpga_interfaces:fpga_interfaces|clocks_resets~FF_2112 ; No clock feeds this register's clock port. ;
; sysmem_lite:sysmem|sysmem_HPS_fpga_interfaces:fpga_interfaces|clocks_resets~FF_4168 ; No clock feeds this register's clock port. ;
; sysmem_lite:sysmem|sysmem_HPS_fpga_interfaces:fpga_interfaces|clocks_resets~FF_3395 ; No clock feeds this register's clock port. ;
; sysmem_lite:sysmem|sysmem_HPS_fpga_interfaces:fpga_interfaces|clocks_resets~FF_3651 ; No clock feeds this register's clock port. ;
; sysmem_lite:sysmem|sysmem_HPS_fpga_interfaces:fpga_interfaces|clocks_resets~FF_2113 ; No clock feeds this register's clock port. ;
; sysmem_lite:sysmem|sysmem_HPS_fpga_interfaces:fpga_interfaces|clocks_resets~FF_4212 ; No clock feeds this register's clock port. ;
; sysmem_lite:sysmem|sysmem_HPS_fpga_interfaces:fpga_interfaces|clocks_resets~FF_4169 ; No clock feeds this register's clock port. ;
; sysmem_lite:sysmem|sysmem_HPS_fpga_interfaces:fpga_interfaces|clocks_resets~FF_3394 ; No clock feeds this register's clock port. ;
; sysmem_lite:sysmem|sysmem_HPS_fpga_interfaces:fpga_interfaces|clocks_resets~FF_3676 ; No clock feeds this register's clock port. ;
; sysmem_lite:sysmem|sysmem_HPS_fpga_interfaces:fpga_interfaces|clocks_resets~FF_2114 ; No clock feeds this register's clock port. ;
; sysmem_lite:sysmem|sysmem_HPS_fpga_interfaces:fpga_interfaces|clocks_resets~FF_2115 ; No clock feeds this register's clock port. ;
; sysmem_lite:sysmem|sysmem_HPS_fpga_interfaces:fpga_interfaces|clocks_resets~FF_4171 ; No clock feeds this register's clock port. ;
; sysmem_lite:sysmem|sysmem_HPS_fpga_interfaces:fpga_interfaces|clocks_resets~FF_3678 ; No clock feeds this register's clock port. ;
; sysmem_lite:sysmem|sysmem_HPS_fpga_interfaces:fpga_interfaces|clocks_resets~FF_4165 ; No clock feeds this register's clock port. ;
; sysmem_lite:sysmem|sysmem_HPS_fpga_interfaces:fpga_interfaces|clocks_resets~FF_3672 ; No clock feeds this register's clock port. ;
; sysmem_lite:sysmem|sysmem_HPS_fpga_interfaces:fpga_interfaces|clocks_resets~FF_4166 ; No clock feeds this register's clock port. ;
; sysmem_lite:sysmem|sysmem_HPS_fpga_interfaces:fpga_interfaces|clocks_resets~FF_4167 ; No clock feeds this register's clock port. ;
; sysmem_lite:sysmem|sysmem_HPS_fpga_interfaces:fpga_interfaces|clocks_resets~FF_3674 ; No clock feeds this register's clock port. ;
; sysmem_lite:sysmem|sysmem_HPS_fpga_interfaces:fpga_interfaces|clocks_resets~FF_4160 ; No clock feeds this register's clock port. ;
; sysmem_lite:sysmem|sysmem_HPS_fpga_interfaces:fpga_interfaces|clocks_resets~FF_3668 ; No clock feeds this register's clock port. ;
; sysmem_lite:sysmem|sysmem_HPS_fpga_interfaces:fpga_interfaces|clocks_resets~FF_4163 ; No clock feeds this register's clock port. ;
; sysmem_lite:sysmem|sysmem_HPS_fpga_interfaces:fpga_interfaces|clocks_resets~FF_3670 ; No clock feeds this register's clock port. ;
; sysmem_lite:sysmem|sysmem_HPS_fpga_interfaces:fpga_interfaces|clocks_resets~FF_4188 ; No clock feeds this register's clock port. ;
; sysmem_lite:sysmem|sysmem_HPS_fpga_interfaces:fpga_interfaces|clocks_resets~FF_4189 ; No clock feeds this register's clock port. ;
; sysmem_lite:sysmem|sysmem_HPS_fpga_interfaces:fpga_interfaces|clocks_resets~FF_4190 ; No clock feeds this register's clock port. ;
; sysmem_lite:sysmem|sysmem_HPS_fpga_interfaces:fpga_interfaces|clocks_resets~FF_4194 ; No clock feeds this register's clock port. ;
; sysmem_lite:sysmem|sysmem_HPS_fpga_interfaces:fpga_interfaces|clocks_resets~FF_4191 ; No clock feeds this register's clock port. ;
; sysmem_lite:sysmem|sysmem_HPS_fpga_interfaces:fpga_interfaces|clocks_resets~FF_3666 ; No clock feeds this register's clock port. ;
; sysmem_lite:sysmem|sysmem_HPS_fpga_interfaces:fpga_interfaces|clocks_resets~FF_2128 ; No clock feeds this register's clock port. ;
; sysmem_lite:sysmem|sysmem_HPS_fpga_interfaces:fpga_interfaces|clocks_resets~FF_4184 ; No clock feeds this register's clock port. ;
; sysmem_lite:sysmem|sysmem_HPS_fpga_interfaces:fpga_interfaces|clocks_resets~FF_3667 ; No clock feeds this register's clock port. ;
; sysmem_lite:sysmem|sysmem_HPS_fpga_interfaces:fpga_interfaces|clocks_resets~FF_2129 ; No clock feeds this register's clock port. ;
; sysmem_lite:sysmem|sysmem_HPS_fpga_interfaces:fpga_interfaces|clocks_resets~FF_4185 ; No clock feeds this register's clock port. ;
; sysmem_lite:sysmem|sysmem_HPS_fpga_interfaces:fpga_interfaces|clocks_resets~FF_2130 ; No clock feeds this register's clock port. ;
; sysmem_lite:sysmem|sysmem_HPS_fpga_interfaces:fpga_interfaces|clocks_resets~FF_2131 ; No clock feeds this register's clock port. ;
; sysmem_lite:sysmem|sysmem_HPS_fpga_interfaces:fpga_interfaces|clocks_resets~FF_4187 ; No clock feeds this register's clock port. ;
; sysmem_lite:sysmem|sysmem_HPS_fpga_interfaces:fpga_interfaces|clocks_resets~FF_3500 ; No clock feeds this register's clock port. ;
; sysmem_lite:sysmem|sysmem_HPS_fpga_interfaces:fpga_interfaces|clocks_resets~FF_3759 ; No clock feeds this register's clock port. ;
; sysmem_lite:sysmem|sysmem_HPS_fpga_interfaces:fpga_interfaces|clocks_resets~FF_4180 ; No clock feeds this register's clock port. ;
; sysmem_lite:sysmem|sysmem_HPS_fpga_interfaces:fpga_interfaces|clocks_resets~FF_3501 ; No clock feeds this register's clock port. ;
; sysmem_lite:sysmem|sysmem_HPS_fpga_interfaces:fpga_interfaces|clocks_resets~FF_3758 ; No clock feeds this register's clock port. ;
; sysmem_lite:sysmem|sysmem_HPS_fpga_interfaces:fpga_interfaces|clocks_resets~FF_4182 ; No clock feeds this register's clock port. ;
; sysmem_lite:sysmem|sysmem_HPS_fpga_interfaces:fpga_interfaces|clocks_resets~FF_4202 ; No clock feeds this register's clock port. ;
; sysmem_lite:sysmem|sysmem_HPS_fpga_interfaces:fpga_interfaces|clocks_resets~FF_4183 ; No clock feeds this register's clock port. ;
; sysmem_lite:sysmem|sysmem_HPS_fpga_interfaces:fpga_interfaces|clocks_resets~FF_3497 ; No clock feeds this register's clock port. ;
; sysmem_lite:sysmem|sysmem_HPS_fpga_interfaces:fpga_interfaces|clocks_resets~FF_4177 ; No clock feeds this register's clock port. ;
; sysmem_lite:sysmem|sysmem_HPS_fpga_interfaces:fpga_interfaces|clocks_resets~FF_3499 ; No clock feeds this register's clock port. ;
; sysmem_lite:sysmem|sysmem_HPS_fpga_interfaces:fpga_interfaces|clocks_resets~FF_3492 ; No clock feeds this register's clock port. ;
; sysmem_lite:sysmem|sysmem_HPS_fpga_interfaces:fpga_interfaces|clocks_resets~FF_3494 ; No clock feeds this register's clock port. ;
; sysmem_lite:sysmem|sysmem_HPS_fpga_interfaces:fpga_interfaces|clocks_resets~FF_3744 ; No clock feeds this register's clock port. ;
; sysmem_lite:sysmem|sysmem_HPS_fpga_interfaces:fpga_interfaces|clocks_resets~FF_3495 ; No clock feeds this register's clock port. ;
; sysmem_lite:sysmem|sysmem_HPS_fpga_interfaces:fpga_interfaces|clocks_resets~FF_3490 ; No clock feeds this register's clock port. ;
; sysmem_lite:sysmem|sysmem_HPS_fpga_interfaces:fpga_interfaces|clocks_resets~FF_3511 ; No clock feeds this register's clock port. ;
; sysmem_lite:sysmem|sysmem_HPS_fpga_interfaces:fpga_interfaces|clocks_resets~FF_3469 ; No clock feeds this register's clock port. ;
; sysmem_lite:sysmem|sysmem_HPS_fpga_interfaces:fpga_interfaces|clocks_resets~FF_3720 ; No clock feeds this register's clock port. ;
; sysmem_lite:sysmem|sysmem_HPS_fpga_interfaces:fpga_interfaces|clocks_resets~FF_3468 ; No clock feeds this register's clock port. ;
; sysmem_lite:sysmem|sysmem_HPS_fpga_interfaces:fpga_interfaces|clocks_resets~FF_3471 ; No clock feeds this register's clock port. ;
; sysmem_lite:sysmem|sysmem_HPS_fpga_interfaces:fpga_interfaces|clocks_resets~FF_3727 ; No clock feeds this register's clock port. ;
; sysmem_lite:sysmem|sysmem_HPS_fpga_interfaces:fpga_interfaces|clocks_resets~FF_3470 ; No clock feeds this register's clock port. ;
; sysmem_lite:sysmem|sysmem_HPS_fpga_interfaces:fpga_interfaces|clocks_resets~FF_3721 ; No clock feeds this register's clock port. ;
; sysmem_lite:sysmem|sysmem_HPS_fpga_interfaces:fpga_interfaces|clocks_resets~FF_3722 ; No clock feeds this register's clock port. ;
; sysmem_lite:sysmem|sysmem_HPS_fpga_interfaces:fpga_interfaces|clocks_resets~FF_3467 ; No clock feeds this register's clock port. ;
; sysmem_lite:sysmem|sysmem_HPS_fpga_interfaces:fpga_interfaces|clocks_resets~FF_3716 ; No clock feeds this register's clock port. ;
; sysmem_lite:sysmem|sysmem_HPS_fpga_interfaces:fpga_interfaces|clocks_resets~FF_3717 ; No clock feeds this register's clock port. ;
; sysmem_lite:sysmem|sysmem_HPS_fpga_interfaces:fpga_interfaces|clocks_resets~FF_3718 ; No clock feeds this register's clock port. ;
; sysmem_lite:sysmem|sysmem_HPS_fpga_interfaces:fpga_interfaces|clocks_resets~FF_3719 ; No clock feeds this register's clock port. ;
; sysmem_lite:sysmem|sysmem_HPS_fpga_interfaces:fpga_interfaces|clocks_resets~FF_3484 ; No clock feeds this register's clock port. ;
; sysmem_lite:sysmem|sysmem_HPS_fpga_interfaces:fpga_interfaces|clocks_resets~FF_3485 ; No clock feeds this register's clock port. ;
; sysmem_lite:sysmem|sysmem_HPS_fpga_interfaces:fpga_interfaces|clocks_resets~FF_3486 ; No clock feeds this register's clock port. ;
; sysmem_lite:sysmem|sysmem_HPS_fpga_interfaces:fpga_interfaces|clocks_resets~FF_3481 ; No clock feeds this register's clock port. ;
; sysmem_lite:sysmem|sysmem_HPS_fpga_interfaces:fpga_interfaces|clocks_resets~FF_3483 ; No clock feeds this register's clock port. ;
; sysmem_lite:sysmem|sysmem_HPS_fpga_interfaces:fpga_interfaces|clocks_resets~FF_3477 ; No clock feeds this register's clock port. ;
; sysmem_lite:sysmem|sysmem_HPS_fpga_interfaces:fpga_interfaces|clocks_resets~FF_3476 ; No clock feeds this register's clock port. ;
; sysmem_lite:sysmem|sysmem_HPS_fpga_interfaces:fpga_interfaces|clocks_resets~FF_3735 ; No clock feeds this register's clock port. ;
; sysmem_lite:sysmem|sysmem_HPS_fpga_interfaces:fpga_interfaces|clocks_resets~FF_3478 ; No clock feeds this register's clock port. ;
; sysmem_lite:sysmem|sysmem_HPS_fpga_interfaces:fpga_interfaces|clocks_resets~FF_3728 ; No clock feeds this register's clock port. ;
; sysmem_lite:sysmem|sysmem_HPS_fpga_interfaces:fpga_interfaces|clocks_resets~FF_3479 ; No clock feeds this register's clock port. ;
; sysmem_lite:sysmem|sysmem_HPS_fpga_interfaces:fpga_interfaces|clocks_resets~FF_3472 ; No clock feeds this register's clock port. ;
; sysmem_lite:sysmem|sysmem_HPS_fpga_interfaces:fpga_interfaces|clocks_resets~FF_3475 ; No clock feeds this register's clock port. ;
; sysmem_lite:sysmem|sysmem_HPS_fpga_interfaces:fpga_interfaces|clocks_resets~FF_3562 ; No clock feeds this register's clock port. ;
; sysmem_lite:sysmem|sysmem_HPS_fpga_interfaces:fpga_interfaces|clocks_resets~FF_3552 ; No clock feeds this register's clock port. ;
; sysmem_lite:sysmem|sysmem_HPS_fpga_interfaces:fpga_interfaces|clocks_resets~FF_3582 ; No clock feeds this register's clock port. ;
; sysmem_lite:sysmem|sysmem_HPS_fpga_interfaces:fpga_interfaces|clocks_resets~FF_3572 ; No clock feeds this register's clock port. ;
; sysmem_lite:sysmem|sysmem_HPS_fpga_interfaces:fpga_interfaces|clocks_resets~FF_3532 ; No clock feeds this register's clock port. ;
; sysmem_lite:sysmem|sysmem_HPS_fpga_interfaces:fpga_interfaces|clocks_resets~FF_3528 ; No clock feeds this register's clock port. ;
; sysmem_lite:sysmem|sysmem_HPS_fpga_interfaces:fpga_interfaces|clocks_resets~FF_3530 ; No clock feeds this register's clock port. ;
; sysmem_lite:sysmem|sysmem_HPS_fpga_interfaces:fpga_interfaces|clocks_resets~FF_3524 ; No clock feeds this register's clock port. ;
; sysmem_lite:sysmem|sysmem_HPS_fpga_interfaces:fpga_interfaces|clocks_resets~FF_3526 ; No clock feeds this register's clock port. ;
; sysmem_lite:sysmem|sysmem_HPS_fpga_interfaces:fpga_interfaces|clocks_resets~FF_3521 ; No clock feeds this register's clock port. ;
; sysmem_lite:sysmem|sysmem_HPS_fpga_interfaces:fpga_interfaces|clocks_resets~FF_3522 ; No clock feeds this register's clock port. ;
; sysmem_lite:sysmem|sysmem_HPS_fpga_interfaces:fpga_interfaces|clocks_resets~FF_3787 ; No clock feeds this register's clock port. ;
; sysmem_lite:sysmem|sysmem_HPS_fpga_interfaces:fpga_interfaces|clocks_resets~FF_3542 ; No clock feeds this register's clock port. ;
; sysmem_lite:sysmem|sysmem_HPS_fpga_interfaces:fpga_interfaces|clocks_resets~FF_4868 ; No clock feeds this register's clock port. ;
; sysmem_lite:sysmem|sysmem_HPS_fpga_interfaces:fpga_interfaces|clocks_resets~FF_4865 ; No clock feeds this register's clock port. ;
; sysmem_lite:sysmem|sysmem_HPS_fpga_interfaces:fpga_interfaces|clocks_resets~FF_4395 ; No clock feeds this register's clock port. ;
; sysmem_lite:sysmem|sysmem_HPS_fpga_interfaces:fpga_interfaces|clocks_resets~FF_2986 ; No clock feeds this register's clock port. ;
; sysmem_lite:sysmem|sysmem_HPS_fpga_interfaces:fpga_interfaces|clocks_resets~FF_2989 ; No clock feeds this register's clock port. ;
; sysmem_lite:sysmem|sysmem_HPS_fpga_interfaces:fpga_interfaces|clocks_resets~FF_1712 ; No clock feeds this register's clock port. ;
; sysmem_lite:sysmem|sysmem_HPS_fpga_interfaces:fpga_interfaces|clocks_resets~FF_1705 ; No clock feeds this register's clock port. ;
; sysmem_lite:sysmem|sysmem_HPS_fpga_interfaces:fpga_interfaces|clocks_resets~FF_2984 ; No clock feeds this register's clock port. ;
; sysmem_lite:sysmem|sysmem_HPS_fpga_interfaces:fpga_interfaces|clocks_resets~FF_2991 ; No clock feeds this register's clock port. ;
; sysmem_lite:sysmem|sysmem_HPS_fpga_interfaces:fpga_interfaces|clocks_resets~FF_1707 ; No clock feeds this register's clock port. ;
; sysmem_lite:sysmem|sysmem_HPS_fpga_interfaces:fpga_interfaces|clocks_resets~FF_2990 ; No clock feeds this register's clock port. ;
; sysmem_lite:sysmem|sysmem_HPS_fpga_interfaces:fpga_interfaces|clocks_resets~FF_2985 ; No clock feeds this register's clock port. ;
; sysmem_lite:sysmem|sysmem_HPS_fpga_interfaces:fpga_interfaces|clocks_resets~FF_175  ; No clock feeds this register's clock port. ;
; sysmem_lite:sysmem|sysmem_HPS_fpga_interfaces:fpga_interfaces|clocks_resets~FF_2988 ; No clock feeds this register's clock port. ;
; sysmem_lite:sysmem|sysmem_HPS_fpga_interfaces:fpga_interfaces|clocks_resets~FF_2987 ; No clock feeds this register's clock port. ;
; sysmem_lite:sysmem|sysmem_HPS_fpga_interfaces:fpga_interfaces|clocks_resets~FF_1697 ; No clock feeds this register's clock port. ;
; sysmem_lite:sysmem|sysmem_HPS_fpga_interfaces:fpga_interfaces|clocks_resets~FF_1699 ; No clock feeds this register's clock port. ;
; sysmem_lite:sysmem|sysmem_HPS_fpga_interfaces:fpga_interfaces|clocks_resets~FF_1701 ; No clock feeds this register's clock port. ;
; sysmem_lite:sysmem|sysmem_HPS_fpga_interfaces:fpga_interfaces|clocks_resets~FF_1703 ; No clock feeds this register's clock port. ;
; sysmem_lite:sysmem|sysmem_HPS_fpga_interfaces:fpga_interfaces|clocks_resets~FF_3002 ; No clock feeds this register's clock port. ;
; sysmem_lite:sysmem|sysmem_HPS_fpga_interfaces:fpga_interfaces|clocks_resets~FF_3005 ; No clock feeds this register's clock port. ;
; sysmem_lite:sysmem|sysmem_HPS_fpga_interfaces:fpga_interfaces|clocks_resets~FF_188  ; No clock feeds this register's clock port. ;
; sysmem_lite:sysmem|sysmem_HPS_fpga_interfaces:fpga_interfaces|clocks_resets~FF_3000 ; No clock feeds this register's clock port. ;
; sysmem_lite:sysmem|sysmem_HPS_fpga_interfaces:fpga_interfaces|clocks_resets~FF_3007 ; No clock feeds this register's clock port. ;
; sysmem_lite:sysmem|sysmem_HPS_fpga_interfaces:fpga_interfaces|clocks_resets~FF_189  ; No clock feeds this register's clock port. ;
; sysmem_lite:sysmem|sysmem_HPS_fpga_interfaces:fpga_interfaces|clocks_resets~FF_190  ; No clock feeds this register's clock port. ;
; sysmem_lite:sysmem|sysmem_HPS_fpga_interfaces:fpga_interfaces|clocks_resets~FF_3006 ; No clock feeds this register's clock port. ;
; sysmem_lite:sysmem|sysmem_HPS_fpga_interfaces:fpga_interfaces|clocks_resets~FF_3001 ; No clock feeds this register's clock port. ;
; sysmem_lite:sysmem|sysmem_HPS_fpga_interfaces:fpga_interfaces|clocks_resets~FF_191  ; No clock feeds this register's clock port. ;
; sysmem_lite:sysmem|sysmem_HPS_fpga_interfaces:fpga_interfaces|clocks_resets~FF_184  ; No clock feeds this register's clock port. ;
; sysmem_lite:sysmem|sysmem_HPS_fpga_interfaces:fpga_interfaces|clocks_resets~FF_3004 ; No clock feeds this register's clock port. ;
; sysmem_lite:sysmem|sysmem_HPS_fpga_interfaces:fpga_interfaces|clocks_resets~FF_3003 ; No clock feeds this register's clock port. ;
; sysmem_lite:sysmem|sysmem_HPS_fpga_interfaces:fpga_interfaces|clocks_resets~FF_185  ; No clock feeds this register's clock port. ;
; sysmem_lite:sysmem|sysmem_HPS_fpga_interfaces:fpga_interfaces|clocks_resets~FF_186  ; No clock feeds this register's clock port. ;
; sysmem_lite:sysmem|sysmem_HPS_fpga_interfaces:fpga_interfaces|clocks_resets~FF_2994 ; No clock feeds this register's clock port. ;
; sysmem_lite:sysmem|sysmem_HPS_fpga_interfaces:fpga_interfaces|clocks_resets~FF_2997 ; No clock feeds this register's clock port. ;
; sysmem_lite:sysmem|sysmem_HPS_fpga_interfaces:fpga_interfaces|clocks_resets~FF_187  ; No clock feeds this register's clock port. ;
; sysmem_lite:sysmem|sysmem_HPS_fpga_interfaces:fpga_interfaces|clocks_resets~FF_180  ; No clock feeds this register's clock port. ;
; sysmem_lite:sysmem|sysmem_HPS_fpga_interfaces:fpga_interfaces|clocks_resets~FF_2992 ; No clock feeds this register's clock port. ;
; sysmem_lite:sysmem|sysmem_HPS_fpga_interfaces:fpga_interfaces|clocks_resets~FF_2999 ; No clock feeds this register's clock port. ;
; sysmem_lite:sysmem|sysmem_HPS_fpga_interfaces:fpga_interfaces|clocks_resets~FF_181  ; No clock feeds this register's clock port. ;
; sysmem_lite:sysmem|sysmem_HPS_fpga_interfaces:fpga_interfaces|clocks_resets~FF_1709 ; No clock feeds this register's clock port. ;
; sysmem_lite:sysmem|sysmem_HPS_fpga_interfaces:fpga_interfaces|clocks_resets~FF_182  ; No clock feeds this register's clock port. ;
; sysmem_lite:sysmem|sysmem_HPS_fpga_interfaces:fpga_interfaces|clocks_resets~FF_2998 ; No clock feeds this register's clock port. ;
; sysmem_lite:sysmem|sysmem_HPS_fpga_interfaces:fpga_interfaces|clocks_resets~FF_2993 ; No clock feeds this register's clock port. ;
; sysmem_lite:sysmem|sysmem_HPS_fpga_interfaces:fpga_interfaces|clocks_resets~FF_183  ; No clock feeds this register's clock port. ;
; sysmem_lite:sysmem|sysmem_HPS_fpga_interfaces:fpga_interfaces|clocks_resets~FF_1711 ; No clock feeds this register's clock port. ;
; sysmem_lite:sysmem|sysmem_HPS_fpga_interfaces:fpga_interfaces|clocks_resets~FF_176  ; No clock feeds this register's clock port. ;
; sysmem_lite:sysmem|sysmem_HPS_fpga_interfaces:fpga_interfaces|clocks_resets~FF_2996 ; No clock feeds this register's clock port. ;
; sysmem_lite:sysmem|sysmem_HPS_fpga_interfaces:fpga_interfaces|clocks_resets~FF_2995 ; No clock feeds this register's clock port. ;
; sysmem_lite:sysmem|sysmem_HPS_fpga_interfaces:fpga_interfaces|clocks_resets~FF_1710 ; No clock feeds this register's clock port. ;
; sysmem_lite:sysmem|sysmem_HPS_fpga_interfaces:fpga_interfaces|clocks_resets~FF_177  ; No clock feeds this register's clock port. ;
; sysmem_lite:sysmem|sysmem_HPS_fpga_interfaces:fpga_interfaces|clocks_resets~FF_178  ; No clock feeds this register's clock port. ;
; sysmem_lite:sysmem|sysmem_HPS_fpga_interfaces:fpga_interfaces|clocks_resets~FF_179  ; No clock feeds this register's clock port. ;
; sysmem_lite:sysmem|sysmem_HPS_fpga_interfaces:fpga_interfaces|clocks_resets~FF_1693 ; No clock feeds this register's clock port. ;
; sysmem_lite:sysmem|sysmem_HPS_fpga_interfaces:fpga_interfaces|clocks_resets~FF_1695 ; No clock feeds this register's clock port. ;
; sysmem_lite:sysmem|sysmem_HPS_fpga_interfaces:fpga_interfaces|clocks_resets~FF_239  ; No clock feeds this register's clock port. ;
; sysmem_lite:sysmem|sysmem_HPS_fpga_interfaces:fpga_interfaces|clocks_resets~FF_241  ; No clock feeds this register's clock port. ;
; sysmem_lite:sysmem|sysmem_HPS_fpga_interfaces:fpga_interfaces|clocks_resets~FF_240  ; No clock feeds this register's clock port. ;
; sysmem_lite:sysmem|sysmem_HPS_fpga_interfaces:fpga_interfaces|clocks_resets~FF_243  ; No clock feeds this register's clock port. ;
; sysmem_lite:sysmem|sysmem_HPS_fpga_interfaces:fpga_interfaces|clocks_resets~FF_242  ; No clock feeds this register's clock port. ;
; sysmem_lite:sysmem|sysmem_HPS_fpga_interfaces:fpga_interfaces|clocks_resets~FF_3325 ; No clock feeds this register's clock port. ;
; sysmem_lite:sysmem|sysmem_HPS_fpga_interfaces:fpga_interfaces|clocks_resets~FF_3326 ; No clock feeds this register's clock port. ;
; sysmem_lite:sysmem|sysmem_HPS_fpga_interfaces:fpga_interfaces|clocks_resets~FF_245  ; No clock feeds this register's clock port. ;
; sysmem_lite:sysmem|sysmem_HPS_fpga_interfaces:fpga_interfaces|clocks_resets~FF_244  ; No clock feeds this register's clock port. ;
; sysmem_lite:sysmem|sysmem_HPS_fpga_interfaces:fpga_interfaces|clocks_resets~FF_247  ; No clock feeds this register's clock port. ;
; sysmem_lite:sysmem|sysmem_HPS_fpga_interfaces:fpga_interfaces|clocks_resets~FF_246  ; No clock feeds this register's clock port. ;
; sysmem_lite:sysmem|sysmem_HPS_fpga_interfaces:fpga_interfaces|clocks_resets~FF_249  ; No clock feeds this register's clock port. ;
; sysmem_lite:sysmem|sysmem_HPS_fpga_interfaces:fpga_interfaces|clocks_resets~FF_248  ; No clock feeds this register's clock port. ;
; sysmem_lite:sysmem|sysmem_HPS_fpga_interfaces:fpga_interfaces|clocks_resets~FF_251  ; No clock feeds this register's clock port. ;
; sysmem_lite:sysmem|sysmem_HPS_fpga_interfaces:fpga_interfaces|clocks_resets~FF_250  ; No clock feeds this register's clock port. ;
; sysmem_lite:sysmem|sysmem_HPS_fpga_interfaces:fpga_interfaces|clocks_resets~FF_253  ; No clock feeds this register's clock port. ;
; sysmem_lite:sysmem|sysmem_HPS_fpga_interfaces:fpga_interfaces|clocks_resets~FF_252  ; No clock feeds this register's clock port. ;
; sysmem_lite:sysmem|sysmem_HPS_fpga_interfaces:fpga_interfaces|clocks_resets~FF_255  ; No clock feeds this register's clock port. ;
; sysmem_lite:sysmem|sysmem_HPS_fpga_interfaces:fpga_interfaces|clocks_resets~FF_254  ; No clock feeds this register's clock port. ;
; sysmem_lite:sysmem|sysmem_HPS_fpga_interfaces:fpga_interfaces|clocks_resets~FF_204  ; No clock feeds this register's clock port. ;
; sysmem_lite:sysmem|sysmem_HPS_fpga_interfaces:fpga_interfaces|clocks_resets~FF_205  ; No clock feeds this register's clock port. ;
; sysmem_lite:sysmem|sysmem_HPS_fpga_interfaces:fpga_interfaces|clocks_resets~FF_206  ; No clock feeds this register's clock port. ;
; sysmem_lite:sysmem|sysmem_HPS_fpga_interfaces:fpga_interfaces|clocks_resets~FF_200  ; No clock feeds this register's clock port. ;
; sysmem_lite:sysmem|sysmem_HPS_fpga_interfaces:fpga_interfaces|clocks_resets~FF_201  ; No clock feeds this register's clock port. ;
; sysmem_lite:sysmem|sysmem_HPS_fpga_interfaces:fpga_interfaces|clocks_resets~FF_3010 ; No clock feeds this register's clock port. ;
; sysmem_lite:sysmem|sysmem_HPS_fpga_interfaces:fpga_interfaces|clocks_resets~FF_202  ; No clock feeds this register's clock port. ;
; sysmem_lite:sysmem|sysmem_HPS_fpga_interfaces:fpga_interfaces|clocks_resets~FF_203  ; No clock feeds this register's clock port. ;
; sysmem_lite:sysmem|sysmem_HPS_fpga_interfaces:fpga_interfaces|clocks_resets~FF_3008 ; No clock feeds this register's clock port. ;
; sysmem_lite:sysmem|sysmem_HPS_fpga_interfaces:fpga_interfaces|clocks_resets~FF_196  ; No clock feeds this register's clock port. ;
; sysmem_lite:sysmem|sysmem_HPS_fpga_interfaces:fpga_interfaces|clocks_resets~FF_197  ; No clock feeds this register's clock port. ;
; sysmem_lite:sysmem|sysmem_HPS_fpga_interfaces:fpga_interfaces|clocks_resets~FF_3009 ; No clock feeds this register's clock port. ;
; sysmem_lite:sysmem|sysmem_HPS_fpga_interfaces:fpga_interfaces|clocks_resets~FF_198  ; No clock feeds this register's clock port. ;
; sysmem_lite:sysmem|sysmem_HPS_fpga_interfaces:fpga_interfaces|clocks_resets~FF_199  ; No clock feeds this register's clock port. ;
; sysmem_lite:sysmem|sysmem_HPS_fpga_interfaces:fpga_interfaces|clocks_resets~FF_3011 ; No clock feeds this register's clock port. ;
; sysmem_lite:sysmem|sysmem_HPS_fpga_interfaces:fpga_interfaces|clocks_resets~FF_192  ; No clock feeds this register's clock port. ;
; sysmem_lite:sysmem|sysmem_HPS_fpga_interfaces:fpga_interfaces|clocks_resets~FF_193  ; No clock feeds this register's clock port. ;
; sysmem_lite:sysmem|sysmem_HPS_fpga_interfaces:fpga_interfaces|clocks_resets~FF_194  ; No clock feeds this register's clock port. ;
; sysmem_lite:sysmem|sysmem_HPS_fpga_interfaces:fpga_interfaces|clocks_resets~FF_195  ; No clock feeds this register's clock port. ;
; sysmem_lite:sysmem|sysmem_HPS_fpga_interfaces:fpga_interfaces|clocks_resets~FF_3028 ; No clock feeds this register's clock port. ;
; sysmem_lite:sysmem|sysmem_HPS_fpga_interfaces:fpga_interfaces|clocks_resets~FF_3029 ; No clock feeds this register's clock port. ;
; sysmem_lite:sysmem|sysmem_HPS_fpga_interfaces:fpga_interfaces|clocks_resets~FF_3030 ; No clock feeds this register's clock port. ;
; sysmem_lite:sysmem|sysmem_HPS_fpga_interfaces:fpga_interfaces|clocks_resets~FF_3031 ; No clock feeds this register's clock port. ;
; sysmem_lite:sysmem|sysmem_HPS_fpga_interfaces:fpga_interfaces|clocks_resets~FF_3027 ; No clock feeds this register's clock port. ;
; sysmem_lite:sysmem|sysmem_HPS_fpga_interfaces:fpga_interfaces|clocks_resets~FF_2353 ; No clock feeds this register's clock port. ;
; h2f_gp~FF_4397                                                                      ; No clock feeds this register's clock port. ;
; h2f_gp~FF_4818                                                                      ; No clock feeds this register's clock port. ;
; h2f_gp~FF_4413                                                                      ; No clock feeds this register's clock port. ;
; h2f_gp~FF_4401                                                                      ; No clock feeds this register's clock port. ;
; h2f_gp~FF_3787                                                                      ; No clock feeds this register's clock port. ;
; h2f_gp~FF_4400                                                                      ; No clock feeds this register's clock port. ;
; h2f_gp~FF_2353                                                                      ; No clock feeds this register's clock port. ;
; h2f_gp~FF_183                                                                       ; No clock feeds this register's clock port. ;
; h2f_gp~FF_4386                                                                      ; No clock feeds this register's clock port. ;
; h2f_gp~FF_3360                                                                      ; No clock feeds this register's clock port. ;
; h2f_gp~FF_189                                                                       ; No clock feeds this register's clock port. ;
; h2f_gp~FF_185                                                                       ; No clock feeds this register's clock port. ;
; h2f_gp~FF_177                                                                       ; No clock feeds this register's clock port. ;
; h2f_gp~FF_186                                                                       ; No clock feeds this register's clock port. ;
; h2f_gp~FF_180                                                                       ; No clock feeds this register's clock port. ;
; h2f_gp~FF_178                                                                       ; No clock feeds this register's clock port. ;
; h2f_gp~FF_176                                                                       ; No clock feeds this register's clock port. ;
; h2f_gp~FF_2362                                                                      ; No clock feeds this register's clock port. ;
; h2f_gp~FF_179                                                                       ; No clock feeds this register's clock port. ;
; h2f_gp~FF_4396                                                                      ; No clock feeds this register's clock port. ;
; h2f_gp~FF_4366                                                                      ; No clock feeds this register's clock port. ;
; h2f_gp~FF_4367                                                                      ; No clock feeds this register's clock port. ;
; h2f_gp~FF_3389                                                                      ; No clock feeds this register's clock port. ;
; h2f_gp~FF_191                                                                       ; No clock feeds this register's clock port. ;
; h2f_gp~FF_3391                                                                      ; No clock feeds this register's clock port. ;
; h2f_gp~FF_3390                                                                      ; No clock feeds this register's clock port. ;
; h2f_gp~FF_4385                                                                      ; No clock feeds this register's clock port. ;
; h2f_gp~FF_257                                                                       ; No clock feeds this register's clock port. ;
; h2f_gp~FF_256                                                                       ; No clock feeds this register's clock port. ;
; h2f_gp~FF_4353                                                                      ; No clock feeds this register's clock port. ;
; h2f_gp~FF_259                                                                       ; No clock feeds this register's clock port. ;
; h2f_gp~FF_4354                                                                      ; No clock feeds this register's clock port. ;
; h2f_gp~FF_258                                                                       ; No clock feeds this register's clock port. ;
; h2f_gp~FF_4355                                                                      ; No clock feeds this register's clock port. ;
; h2f_gp~FF_261                                                                       ; No clock feeds this register's clock port. ;
; h2f_gp~FF_260                                                                       ; No clock feeds this register's clock port. ;
; h2f_gp~FF_263                                                                       ; No clock feeds this register's clock port. ;
; h2f_gp~FF_262                                                                       ; No clock feeds this register's clock port. ;
; h2f_gp~FF_265                                                                       ; No clock feeds this register's clock port. ;
; h2f_gp~FF_264                                                                       ; No clock feeds this register's clock port. ;
; h2f_gp~FF_3340                                                                      ; No clock feeds this register's clock port. ;
; h2f_gp~FF_266                                                                       ; No clock feeds this register's clock port. ;
; h2f_gp~FF_3333                                                                      ; No clock feeds this register's clock port. ;
; h2f_gp~FF_4458                                                                      ; No clock feeds this register's clock port. ;
; h2f_gp~FF_4459                                                                      ; No clock feeds this register's clock port. ;
; h2f_gp~FF_4462                                                                      ; No clock feeds this register's clock port. ;
; h2f_gp~FF_3348                                                                      ; No clock feeds this register's clock port. ;
; h2f_gp~FF_4463                                                                      ; No clock feeds this register's clock port. ;
; h2f_gp~FF_3349                                                                      ; No clock feeds this register's clock port. ;
; h2f_gp~FF_4460                                                                      ; No clock feeds this register's clock port. ;
; h2f_gp~FF_4461                                                                      ; No clock feeds this register's clock port. ;
; h2f_gp~FF_4466                                                                      ; No clock feeds this register's clock port. ;
; h2f_gp~FF_3358                                                                      ; No clock feeds this register's clock port. ;
; h2f_gp~FF_4467                                                                      ; No clock feeds this register's clock port. ;
; h2f_gp~FF_4464                                                                      ; No clock feeds this register's clock port. ;
; h2f_gp~FF_4465                                                                      ; No clock feeds this register's clock port. ;
; h2f_gp~FF_3357                                                                      ; No clock feeds this register's clock port. ;
; h2f_gp~FF_4470                                                                      ; No clock feeds this register's clock port. ;
; h2f_gp~FF_4471                                                                      ; No clock feeds this register's clock port. ;
; h2f_gp~FF_4468                                                                      ; No clock feeds this register's clock port. ;
; h2f_gp~FF_4469                                                                      ; No clock feeds this register's clock port. ;
; h2f_gp~FF_4474                                                                      ; No clock feeds this register's clock port. ;
; h2f_gp~FF_4475                                                                      ; No clock feeds this register's clock port. ;
; h2f_gp~FF_4472                                                                      ; No clock feeds this register's clock port. ;
; h2f_gp~FF_4473                                                                      ; No clock feeds this register's clock port. ;
; h2f_gp~FF_4478                                                                      ; No clock feeds this register's clock port. ;
; h2f_gp~FF_4479                                                                      ; No clock feeds this register's clock port. ;
; h2f_gp~FF_4476                                                                      ; No clock feeds this register's clock port. ;
; h2f_gp~FF_4370                                                                      ; No clock feeds this register's clock port. ;
; h2f_gp~FF_4429                                                                      ; No clock feeds this register's clock port. ;
; h2f_gp~FF_4477                                                                      ; No clock feeds this register's clock port. ;
; h2f_gp~FF_3453                                                                      ; No clock feeds this register's clock port. ;
; h2f_gp~FF_3448                                                                      ; No clock feeds this register's clock port. ;
; h2f_gp~FF_199                                                                       ; No clock feeds this register's clock port. ;
; h2f_gp~FF_205                                                                       ; No clock feeds this register's clock port. ;
; h2f_gp~FF_201                                                                       ; No clock feeds this register's clock port. ;
; h2f_gp~FF_197                                                                       ; No clock feeds this register's clock port. ;
; h2f_gp~FF_193                                                                       ; No clock feeds this register's clock port. ;
; h2f_gp~FF_206                                                                       ; No clock feeds this register's clock port. ;
; h2f_gp~FF_204                                                                       ; No clock feeds this register's clock port. ;
; h2f_gp~FF_202                                                                       ; No clock feeds this register's clock port. ;
; h2f_gp~FF_200                                                                       ; No clock feeds this register's clock port. ;
; h2f_gp~FF_198                                                                       ; No clock feeds this register's clock port. ;
; h2f_gp~FF_196                                                                       ; No clock feeds this register's clock port. ;
; h2f_gp~FF_194                                                                       ; No clock feeds this register's clock port. ;
; h2f_gp~FF_192                                                                       ; No clock feeds this register's clock port. ;
; h2f_gp~FF_3396                                                                      ; No clock feeds this register's clock port. ;
; h2f_gp~FF_203                                                                       ; No clock feeds this register's clock port. ;
; h2f_gp~FF_195                                                                       ; No clock feeds this register's clock port. ;
; h2f_gp~FF_3393                                                                      ; No clock feeds this register's clock port. ;
; h2f_gp~FF_3392                                                                      ; No clock feeds this register's clock port. ;
; h2f_gp~FF_3395                                                                      ; No clock feeds this register's clock port. ;
; h2f_gp~FF_3394                                                                      ; No clock feeds this register's clock port. ;
; h2f_gp~FF_2371                                                                      ; No clock feeds this register's clock port. ;
; h2f_gp~FF_2380                                                                      ; No clock feeds this register's clock port. ;
; h2f_gp~FF_3500                                                                      ; No clock feeds this register's clock port. ;
; h2f_gp~FF_3501                                                                      ; No clock feeds this register's clock port. ;
; h2f_gp~FF_2131                                                                      ; No clock feeds this register's clock port. ;
; h2f_gp~FF_2130                                                                      ; No clock feeds this register's clock port. ;
; h2f_gp~FF_2129                                                                      ; No clock feeds this register's clock port. ;
; h2f_gp~FF_2128                                                                      ; No clock feeds this register's clock port. ;
; h2f_gp~FF_2114                                                                      ; No clock feeds this register's clock port. ;
; h2f_gp~FF_2113                                                                      ; No clock feeds this register's clock port. ;
; h2f_gp~FF_2112                                                                      ; No clock feeds this register's clock port. ;
; h2f_gp~FF_3497                                                                      ; No clock feeds this register's clock port. ;
; h2f_gp~FF_3499                                                                      ; No clock feeds this register's clock port. ;
; h2f_gp~FF_3492                                                                      ; No clock feeds this register's clock port. ;
; h2f_gp~FF_3494                                                                      ; No clock feeds this register's clock port. ;
; h2f_gp~FF_3495                                                                      ; No clock feeds this register's clock port. ;
; h2f_gp~FF_4482                                                                      ; No clock feeds this register's clock port. ;
; h2f_gp~FF_4483                                                                      ; No clock feeds this register's clock port. ;
; h2f_gp~FF_2127                                                                      ; No clock feeds this register's clock port. ;
; h2f_gp~FF_2126                                                                      ; No clock feeds this register's clock port. ;
; h2f_gp~FF_2125                                                                      ; No clock feeds this register's clock port. ;
; h2f_gp~FF_2124                                                                      ; No clock feeds this register's clock port. ;
; h2f_gp~FF_2119                                                                      ; No clock feeds this register's clock port. ;
; h2f_gp~FF_2118                                                                      ; No clock feeds this register's clock port. ;
; h2f_gp~FF_2117                                                                      ; No clock feeds this register's clock port. ;
; h2f_gp~FF_2116                                                                      ; No clock feeds this register's clock port. ;
; h2f_gp~FF_4480                                                                      ; No clock feeds this register's clock port. ;
; h2f_gp~FF_3490                                                                      ; No clock feeds this register's clock port. ;
; h2f_gp~FF_4481                                                                      ; No clock feeds this register's clock port. ;
; h2f_gp~FF_4484                                                                      ; No clock feeds this register's clock port. ;
; h2f_gp~FF_4485                                                                      ; No clock feeds this register's clock port. ;
; h2f_gp~FF_2123                                                                      ; No clock feeds this register's clock port. ;
; h2f_gp~FF_2122                                                                      ; No clock feeds this register's clock port. ;
; h2f_gp~FF_2121                                                                      ; No clock feeds this register's clock port. ;
; h2f_gp~FF_2120                                                                      ; No clock feeds this register's clock port. ;
; h2f_gp~FF_3511                                                                      ; No clock feeds this register's clock port. ;
; h2f_gp~FF_3469                                                                      ; No clock feeds this register's clock port. ;
; h2f_gp~FF_3468                                                                      ; No clock feeds this register's clock port. ;
; h2f_gp~FF_3471                                                                      ; No clock feeds this register's clock port. ;
; h2f_gp~FF_3470                                                                      ; No clock feeds this register's clock port. ;
; h2f_gp~FF_3467                                                                      ; No clock feeds this register's clock port. ;
; h2f_gp~FF_3484                                                                      ; No clock feeds this register's clock port. ;
; h2f_gp~FF_3485                                                                      ; No clock feeds this register's clock port. ;
; h2f_gp~FF_3486                                                                      ; No clock feeds this register's clock port. ;
; h2f_gp~FF_3481                                                                      ; No clock feeds this register's clock port. ;
; h2f_gp~FF_3483                                                                      ; No clock feeds this register's clock port. ;
; h2f_gp~FF_3477                                                                      ; No clock feeds this register's clock port. ;
; h2f_gp~FF_3476                                                                      ; No clock feeds this register's clock port. ;
; h2f_gp~FF_3479                                                                      ; No clock feeds this register's clock port. ;
; h2f_gp~FF_3478                                                                      ; No clock feeds this register's clock port. ;
; h2f_gp~FF_3472                                                                      ; No clock feeds this register's clock port. ;
; h2f_gp~FF_3475                                                                      ; No clock feeds this register's clock port. ;
; h2f_gp~FF_3562                                                                      ; No clock feeds this register's clock port. ;
; h2f_gp~FF_3552                                                                      ; No clock feeds this register's clock port. ;
; h2f_gp~FF_3582                                                                      ; No clock feeds this register's clock port. ;
; h2f_gp~FF_3572                                                                      ; No clock feeds this register's clock port. ;
; h2f_gp~FF_3532                                                                      ; No clock feeds this register's clock port. ;
; h2f_gp~FF_3528                                                                      ; No clock feeds this register's clock port. ;
; h2f_gp~FF_3530                                                                      ; No clock feeds this register's clock port. ;
; h2f_gp~FF_3524                                                                      ; No clock feeds this register's clock port. ;
; h2f_gp~FF_3526                                                                      ; No clock feeds this register's clock port. ;
; h2f_gp~FF_4140                                                                      ; No clock feeds this register's clock port. ;
; h2f_gp~FF_4141                                                                      ; No clock feeds this register's clock port. ;
; h2f_gp~FF_2111                                                                      ; No clock feeds this register's clock port. ;
; h2f_gp~FF_2102                                                                      ; No clock feeds this register's clock port. ;
; h2f_gp~FF_2101                                                                      ; No clock feeds this register's clock port. ;
; h2f_gp~FF_2100                                                                      ; No clock feeds this register's clock port. ;
; h2f_gp~FF_3521                                                                      ; No clock feeds this register's clock port. ;
; h2f_gp~FF_4142                                                                      ; No clock feeds this register's clock port. ;
; h2f_gp~FF_3522                                                                      ; No clock feeds this register's clock port. ;
; h2f_gp~FF_4143                                                                      ; No clock feeds this register's clock port. ;
; h2f_gp~FF_4136                                                                      ; No clock feeds this register's clock port. ;
; h2f_gp~FF_4138                                                                      ; No clock feeds this register's clock port. ;
; h2f_gp~FF_4139                                                                      ; No clock feeds this register's clock port. ;
; h2f_gp~FF_4132                                                                      ; No clock feeds this register's clock port. ;
; h2f_gp~FF_4133                                                                      ; No clock feeds this register's clock port. ;
; h2f_gp~FF_4135                                                                      ; No clock feeds this register's clock port. ;
; h2f_gp~FF_3542                                                                      ; No clock feeds this register's clock port. ;
; h2f_gp~FF_4131                                                                      ; No clock feeds this register's clock port. ;
; h2f_gp~FF_4156                                                                      ; No clock feeds this register's clock port. ;
; h2f_gp~FF_4157                                                                      ; No clock feeds this register's clock port. ;
; h2f_gp~FF_4158                                                                      ; No clock feeds this register's clock port. ;
; h2f_gp~FF_4159                                                                      ; No clock feeds this register's clock port. ;
; h2f_gp~FF_4152                                                                      ; No clock feeds this register's clock port. ;
; h2f_gp~FF_4154                                                                      ; No clock feeds this register's clock port. ;
; h2f_gp~FF_4155                                                                      ; No clock feeds this register's clock port. ;
; h2f_gp~FF_4149                                                                      ; No clock feeds this register's clock port. ;
; h2f_gp~FF_4150                                                                      ; No clock feeds this register's clock port. ;
; h2f_gp~FF_4151                                                                      ; No clock feeds this register's clock port. ;
; h2f_gp~FF_4144                                                                      ; No clock feeds this register's clock port. ;
; h2f_gp~FF_4146                                                                      ; No clock feeds this register's clock port. ;
; h2f_gp~FF_4147                                                                      ; No clock feeds this register's clock port. ;
; h2f_gp~FF_4108                                                                      ; No clock feeds this register's clock port. ;
; h2f_gp~FF_4109                                                                      ; No clock feeds this register's clock port. ;
; h2f_gp~FF_2108                                                                      ; No clock feeds this register's clock port. ;
; h2f_gp~FF_4111                                                                      ; No clock feeds this register's clock port. ;
; h2f_gp~FF_2109                                                                      ; No clock feeds this register's clock port. ;
; h2f_gp~FF_4104                                                                      ; No clock feeds this register's clock port. ;
; h2f_gp~FF_2110                                                                      ; No clock feeds this register's clock port. ;
; h2f_gp~FF_4105                                                                      ; No clock feeds this register's clock port. ;
; h2f_gp~FF_4106                                                                      ; No clock feeds this register's clock port. ;
; h2f_gp~FF_2104                                                                      ; No clock feeds this register's clock port. ;
; h2f_gp~FF_4107                                                                      ; No clock feeds this register's clock port. ;
; h2f_gp~FF_2105                                                                      ; No clock feeds this register's clock port. ;
; h2f_gp~FF_4100                                                                      ; No clock feeds this register's clock port. ;
; h2f_gp~FF_2106                                                                      ; No clock feeds this register's clock port. ;
; h2f_gp~FF_4101                                                                      ; No clock feeds this register's clock port. ;
; h2f_gp~FF_2107                                                                      ; No clock feeds this register's clock port. ;
; h2f_gp~FF_4102                                                                      ; No clock feeds this register's clock port. ;
; h2f_gp~FF_4103                                                                      ; No clock feeds this register's clock port. ;
; h2f_gp~FF_4096                                                                      ; No clock feeds this register's clock port. ;
; h2f_gp~FF_4097                                                                      ; No clock feeds this register's clock port. ;
; h2f_gp~FF_2103                                                                      ; No clock feeds this register's clock port. ;
; h2f_gp~FF_4098                                                                      ; No clock feeds this register's clock port. ;
; h2f_gp~FF_4099                                                                      ; No clock feeds this register's clock port. ;
; h2f_gp~FF_4125                                                                      ; No clock feeds this register's clock port. ;
; h2f_gp~FF_4126                                                                      ; No clock feeds this register's clock port. ;
; h2f_gp~FF_4127                                                                      ; No clock feeds this register's clock port. ;
; h2f_gp~FF_4120                                                                      ; No clock feeds this register's clock port. ;
; h2f_gp~FF_4122                                                                      ; No clock feeds this register's clock port. ;
; h2f_gp~FF_4123                                                                      ; No clock feeds this register's clock port. ;
; h2f_gp~FF_4116                                                                      ; No clock feeds this register's clock port. ;
; h2f_gp~FF_4117                                                                      ; No clock feeds this register's clock port. ;
; h2f_gp~FF_4119                                                                      ; No clock feeds this register's clock port. ;
; h2f_gp~FF_4112                                                                      ; No clock feeds this register's clock port. ;
; h2f_gp~FF_4113                                                                      ; No clock feeds this register's clock port. ;
; h2f_gp~FF_4114                                                                      ; No clock feeds this register's clock port. ;
; h2f_gp~FF_4205                                                                      ; No clock feeds this register's clock port. ;
; h2f_gp~FF_4369                                                                      ; No clock feeds this register's clock port. ;
; h2f_gp~FF_4179                                                                      ; No clock feeds this register's clock port. ;
; h2f_gp~FF_4206                                                                      ; No clock feeds this register's clock port. ;
; h2f_gp~FF_4207                                                                      ; No clock feeds this register's clock port. ;
; h2f_gp~FF_4200                                                                      ; No clock feeds this register's clock port. ;
; h2f_gp~FF_4203                                                                      ; No clock feeds this register's clock port. ;
; h2f_gp~FF_4196                                                                      ; No clock feeds this register's clock port. ;
; h2f_gp~FF_4197                                                                      ; No clock feeds this register's clock port. ;
; h2f_gp~FF_4198                                                                      ; No clock feeds this register's clock port. ;
; h2f_gp~FF_4199                                                                      ; No clock feeds this register's clock port. ;
; h2f_gp~FF_4192                                                                      ; No clock feeds this register's clock port. ;
; h2f_gp~FF_4193                                                                      ; No clock feeds this register's clock port. ;
; h2f_gp~FF_4195                                                                      ; No clock feeds this register's clock port. ;
; h2f_gp~FF_4162                                                                      ; No clock feeds this register's clock port. ;
; h2f_gp~FF_4216                                                                      ; No clock feeds this register's clock port. ;
; h2f_gp~FF_4213                                                                      ; No clock feeds this register's clock port. ;
; h2f_gp~FF_4214                                                                      ; No clock feeds this register's clock port. ;
; h2f_gp~FF_4170                                                                      ; No clock feeds this register's clock port. ;
; h2f_gp~FF_4215                                                                      ; No clock feeds this register's clock port. ;
; h2f_gp~FF_4208                                                                      ; No clock feeds this register's clock port. ;
; h2f_gp~FF_4209                                                                      ; No clock feeds this register's clock port. ;
; h2f_gp~FF_4210                                                                      ; No clock feeds this register's clock port. ;
; h2f_gp~FF_4174                                                                      ; No clock feeds this register's clock port. ;
; h2f_gp~FF_4211                                                                      ; No clock feeds this register's clock port. ;
; h2f_gp~FF_4173                                                                      ; No clock feeds this register's clock port. ;
; h2f_gp~FF_4175                                                                      ; No clock feeds this register's clock port. ;
; h2f_gp~FF_4168                                                                      ; No clock feeds this register's clock port. ;
; h2f_gp~FF_4169                                                                      ; No clock feeds this register's clock port. ;
; h2f_gp~FF_4212                                                                      ; No clock feeds this register's clock port. ;
; h2f_gp~FF_4171                                                                      ; No clock feeds this register's clock port. ;
; h2f_gp~FF_4165                                                                      ; No clock feeds this register's clock port. ;
; h2f_gp~FF_4166                                                                      ; No clock feeds this register's clock port. ;
; h2f_gp~FF_4167                                                                      ; No clock feeds this register's clock port. ;
; h2f_gp~FF_4160                                                                      ; No clock feeds this register's clock port. ;
; h2f_gp~FF_4163                                                                      ; No clock feeds this register's clock port. ;
; h2f_gp~FF_4188                                                                      ; No clock feeds this register's clock port. ;
; h2f_gp~FF_4189                                                                      ; No clock feeds this register's clock port. ;
; h2f_gp~FF_4190                                                                      ; No clock feeds this register's clock port. ;
; h2f_gp~FF_4194                                                                      ; No clock feeds this register's clock port. ;
; h2f_gp~FF_4191                                                                      ; No clock feeds this register's clock port. ;
; h2f_gp~FF_4184                                                                      ; No clock feeds this register's clock port. ;
; h2f_gp~FF_4185                                                                      ; No clock feeds this register's clock port. ;
; h2f_gp~FF_4187                                                                      ; No clock feeds this register's clock port. ;
; h2f_gp~FF_4180                                                                      ; No clock feeds this register's clock port. ;
; h2f_gp~FF_4182                                                                      ; No clock feeds this register's clock port. ;
; h2f_gp~FF_4183                                                                      ; No clock feeds this register's clock port. ;
; h2f_gp~FF_4202                                                                      ; No clock feeds this register's clock port. ;
; h2f_gp~FF_4177                                                                      ; No clock feeds this register's clock port. ;
; h2f_gp~FF_2115                                                                      ; No clock feeds this register's clock port. ;
; h2f_gp~FF_175                                                                       ; No clock feeds this register's clock port. ;
; h2f_gp~FF_188                                                                       ; No clock feeds this register's clock port. ;
; h2f_gp~FF_190                                                                       ; No clock feeds this register's clock port. ;
; h2f_gp~FF_184                                                                       ; No clock feeds this register's clock port. ;
; h2f_gp~FF_187                                                                       ; No clock feeds this register's clock port. ;
; h2f_gp~FF_181                                                                       ; No clock feeds this register's clock port. ;
; h2f_gp~FF_182                                                                       ; No clock feeds this register's clock port. ;
; h2f_gp~FF_239                                                                       ; No clock feeds this register's clock port. ;
; h2f_gp~FF_241                                                                       ; No clock feeds this register's clock port. ;
; h2f_gp~FF_240                                                                       ; No clock feeds this register's clock port. ;
; h2f_gp~FF_243                                                                       ; No clock feeds this register's clock port. ;
; h2f_gp~FF_242                                                                       ; No clock feeds this register's clock port. ;
; h2f_gp~FF_245                                                                       ; No clock feeds this register's clock port. ;
; h2f_gp~FF_244                                                                       ; No clock feeds this register's clock port. ;
; h2f_gp~FF_247                                                                       ; No clock feeds this register's clock port. ;
; h2f_gp~FF_246                                                                       ; No clock feeds this register's clock port. ;
; h2f_gp~FF_249                                                                       ; No clock feeds this register's clock port. ;
; h2f_gp~FF_248                                                                       ; No clock feeds this register's clock port. ;
; h2f_gp~FF_251                                                                       ; No clock feeds this register's clock port. ;
; h2f_gp~FF_250                                                                       ; No clock feeds this register's clock port. ;
; h2f_gp~FF_253                                                                       ; No clock feeds this register's clock port. ;
; h2f_gp~FF_252                                                                       ; No clock feeds this register's clock port. ;
; h2f_gp~FF_255                                                                       ; No clock feeds this register's clock port. ;
; h2f_gp~FF_254                                                                       ; No clock feeds this register's clock port. ;
; h2f_gp~FF_4393                                                                      ; No clock feeds this register's clock port. ;
; h2f_gp~FF_3326                                                                      ; No clock feeds this register's clock port. ;
; h2f_gp~FF_4394                                                                      ; No clock feeds this register's clock port. ;
; h2f_gp~FF_3325                                                                      ; No clock feeds this register's clock port. ;
; h2f_gp~FF_3901                                                                      ; No clock feeds this register's clock port. ;
; h2f_gp~FF_4868                                                                      ; No clock feeds this register's clock port. ;
; h2f_gp~FF_3896                                                                      ; No clock feeds this register's clock port. ;
; h2f_gp~FF_4865                                                                      ; No clock feeds this register's clock port. ;
; h2f_gp~FF_3899                                                                      ; No clock feeds this register's clock port. ;
; h2f_gp~FF_3893                                                                      ; No clock feeds this register's clock port. ;
; h2f_gp~FF_3892                                                                      ; No clock feeds this register's clock port. ;
; h2f_gp~FF_3895                                                                      ; No clock feeds this register's clock port. ;
; h2f_gp~FF_3894                                                                      ; No clock feeds this register's clock port. ;
; h2f_gp~FF_3891                                                                      ; No clock feeds this register's clock port. ;
; h2f_gp~FF_3865                                                                      ; No clock feeds this register's clock port. ;
; h2f_gp~FF_3867                                                                      ; No clock feeds this register's clock port. ;
; h2f_gp~FF_3921                                                                      ; No clock feeds this register's clock port. ;
; h2f_gp~FF_3949                                                                      ; No clock feeds this register's clock port. ;
; h2f_gp~FF_3950                                                                      ; No clock feeds this register's clock port. ;
; h2f_gp~FF_3944                                                                      ; No clock feeds this register's clock port. ;
; h2f_gp~FF_3925                                                                      ; No clock feeds this register's clock port. ;
; h2f_gp~FF_3946                                                                      ; No clock feeds this register's clock port. ;
; h2f_gp~FF_3947                                                                      ; No clock feeds this register's clock port. ;
; h2f_gp~FF_3940                                                                      ; No clock feeds this register's clock port. ;
; h2f_gp~FF_3941                                                                      ; No clock feeds this register's clock port. ;
; h2f_gp~FF_3942                                                                      ; No clock feeds this register's clock port. ;
; h2f_gp~FF_3943                                                                      ; No clock feeds this register's clock port. ;
; h2f_gp~FF_4368                                                                      ; No clock feeds this register's clock port. ;
; h2f_gp~FF_3933                                                                      ; No clock feeds this register's clock port. ;
; h2f_gp~FF_3939                                                                      ; No clock feeds this register's clock port. ;
; h2f_gp~FF_3967                                                                      ; No clock feeds this register's clock port. ;
; h2f_gp~FF_3957                                                                      ; No clock feeds this register's clock port. ;
; h2f_gp~FF_3958                                                                      ; No clock feeds this register's clock port. ;
; h2f_gp~FF_3917                                                                      ; No clock feeds this register's clock port. ;
; h2f_gp~FF_3953                                                                      ; No clock feeds this register's clock port. ;
; h2f_gp~FF_3954                                                                      ; No clock feeds this register's clock port. ;
; h2f_gp~FF_3952                                                                      ; No clock feeds this register's clock port. ;
; h2f_gp~FF_3918                                                                      ; No clock feeds this register's clock port. ;
; h2f_gp~FF_3919                                                                      ; No clock feeds this register's clock port. ;
; h2f_gp~FF_3956                                                                      ; No clock feeds this register's clock port. ;
; h2f_gp~FF_3912                                                                      ; No clock feeds this register's clock port. ;
; h2f_gp~FF_3913                                                                      ; No clock feeds this register's clock port. ;
; h2f_gp~FF_3914                                                                      ; No clock feeds this register's clock port. ;
; h2f_gp~FF_3915                                                                      ; No clock feeds this register's clock port. ;
; h2f_gp~FF_3908                                                                      ; No clock feeds this register's clock port. ;
; h2f_gp~FF_3909                                                                      ; No clock feeds this register's clock port. ;
; h2f_gp~FF_3910                                                                      ; No clock feeds this register's clock port. ;
; h2f_gp~FF_3905                                                                      ; No clock feeds this register's clock port. ;
; h2f_gp~FF_3904                                                                      ; No clock feeds this register's clock port. ;
; h2f_gp~FF_3907                                                                      ; No clock feeds this register's clock port. ;
; h2f_gp~FF_3906                                                                      ; No clock feeds this register's clock port. ;
; h2f_gp~FF_3934                                                                      ; No clock feeds this register's clock port. ;
; h2f_gp~FF_3938                                                                      ; No clock feeds this register's clock port. ;
; h2f_gp~FF_3935                                                                      ; No clock feeds this register's clock port. ;
; h2f_gp~FF_3928                                                                      ; No clock feeds this register's clock port. ;
; h2f_gp~FF_3930                                                                      ; No clock feeds this register's clock port. ;
; h2f_gp~FF_3926                                                                      ; No clock feeds this register's clock port. ;
; h2f_gp~FF_3927                                                                      ; No clock feeds this register's clock port. ;
; h2f_gp~FF_2989                                                                      ; No clock feeds this register's clock port. ;
; h2f_gp~FF_4395                                                                      ; No clock feeds this register's clock port. ;
; h2f_gp~FF_2986                                                                      ; No clock feeds this register's clock port. ;
; h2f_gp~FF_3922                                                                      ; No clock feeds this register's clock port. ;
; h2f_gp~FF_3923                                                                      ; No clock feeds this register's clock port. ;
; h2f_gp~FF_2991                                                                      ; No clock feeds this register's clock port. ;
; h2f_gp~FF_2984                                                                      ; No clock feeds this register's clock port. ;
; h2f_gp~FF_2985                                                                      ; No clock feeds this register's clock port. ;
; h2f_gp~FF_2990                                                                      ; No clock feeds this register's clock port. ;
; h2f_gp~FF_2987                                                                      ; No clock feeds this register's clock port. ;
; h2f_gp~FF_2988                                                                      ; No clock feeds this register's clock port. ;
; h2f_gp~FF_4007                                                                      ; No clock feeds this register's clock port. ;
; h2f_gp~FF_3002                                                                      ; No clock feeds this register's clock port. ;
; h2f_gp~FF_3005                                                                      ; No clock feeds this register's clock port. ;
; h2f_gp~FF_4000                                                                      ; No clock feeds this register's clock port. ;
; h2f_gp~FF_3000                                                                      ; No clock feeds this register's clock port. ;
; h2f_gp~FF_3007                                                                      ; No clock feeds this register's clock port. ;
; h2f_gp~FF_3969                                                                      ; No clock feeds this register's clock port. ;
; h2f_gp~FF_3006                                                                      ; No clock feeds this register's clock port. ;
; h2f_gp~FF_3001                                                                      ; No clock feeds this register's clock port. ;
; h2f_gp~FF_3004                                                                      ; No clock feeds this register's clock port. ;
; h2f_gp~FF_3003                                                                      ; No clock feeds this register's clock port. ;
; h2f_gp~FF_4025                                                                      ; No clock feeds this register's clock port. ;
; h2f_gp~FF_2997                                                                      ; No clock feeds this register's clock port. ;
; h2f_gp~FF_2994                                                                      ; No clock feeds this register's clock port. ;
; h2f_gp~FF_2999                                                                      ; No clock feeds this register's clock port. ;
; h2f_gp~FF_2992                                                                      ; No clock feeds this register's clock port. ;
; h2f_gp~FF_2993                                                                      ; No clock feeds this register's clock port. ;
; h2f_gp~FF_2998                                                                      ; No clock feeds this register's clock port. ;
; h2f_gp~FF_2995                                                                      ; No clock feeds this register's clock port. ;
; h2f_gp~FF_2996                                                                      ; No clock feeds this register's clock port. ;
; h2f_gp~FF_4016                                                                      ; No clock feeds this register's clock port. ;
; h2f_gp~FF_3976                                                                      ; No clock feeds this register's clock port. ;
; h2f_gp~FF_3977                                                                      ; No clock feeds this register's clock port. ;
; h2f_gp~FF_3991                                                                      ; No clock feeds this register's clock port. ;
; h2f_gp~FF_3973                                                                      ; No clock feeds this register's clock port. ;
; h2f_gp~FF_3974                                                                      ; No clock feeds this register's clock port. ;
; h2f_gp~FF_3970                                                                      ; No clock feeds this register's clock port. ;
; h2f_gp~FF_3971                                                                      ; No clock feeds this register's clock port. ;
; h2f_gp~FF_3998                                                                      ; No clock feeds this register's clock port. ;
; h2f_gp~FF_3989                                                                      ; No clock feeds this register's clock port. ;
; h2f_gp~FF_3980                                                                      ; No clock feeds this register's clock port. ;
; h2f_gp~FF_3987                                                                      ; No clock feeds this register's clock port. ;
; h2f_gp~FF_4076                                                                      ; No clock feeds this register's clock port. ;
; h2f_gp~FF_4077                                                                      ; No clock feeds this register's clock port. ;
; h2f_gp~FF_4078                                                                      ; No clock feeds this register's clock port. ;
; h2f_gp~FF_4079                                                                      ; No clock feeds this register's clock port. ;
; h2f_gp~FF_4072                                                                      ; No clock feeds this register's clock port. ;
; h2f_gp~FF_4073                                                                      ; No clock feeds this register's clock port. ;
; h2f_gp~FF_4074                                                                      ; No clock feeds this register's clock port. ;
; h2f_gp~FF_4075                                                                      ; No clock feeds this register's clock port. ;
; h2f_gp~FF_4068                                                                      ; No clock feeds this register's clock port. ;
; h2f_gp~FF_4069                                                                      ; No clock feeds this register's clock port. ;
; h2f_gp~FF_4070                                                                      ; No clock feeds this register's clock port. ;
; h2f_gp~FF_4071                                                                      ; No clock feeds this register's clock port. ;
; h2f_gp~FF_4064                                                                      ; No clock feeds this register's clock port. ;
; h2f_gp~FF_4065                                                                      ; No clock feeds this register's clock port. ;
; h2f_gp~FF_4066                                                                      ; No clock feeds this register's clock port. ;
; h2f_gp~FF_4067                                                                      ; No clock feeds this register's clock port. ;
; h2f_gp~FF_4092                                                                      ; No clock feeds this register's clock port. ;
; h2f_gp~FF_4093                                                                      ; No clock feeds this register's clock port. ;
; h2f_gp~FF_4094                                                                      ; No clock feeds this register's clock port. ;
; h2f_gp~FF_4095                                                                      ; No clock feeds this register's clock port. ;
; h2f_gp~FF_4088                                                                      ; No clock feeds this register's clock port. ;
; h2f_gp~FF_4089                                                                      ; No clock feeds this register's clock port. ;
; h2f_gp~FF_4090                                                                      ; No clock feeds this register's clock port. ;
; h2f_gp~FF_4091                                                                      ; No clock feeds this register's clock port. ;
; h2f_gp~FF_4084                                                                      ; No clock feeds this register's clock port. ;
; h2f_gp~FF_4085                                                                      ; No clock feeds this register's clock port. ;
; h2f_gp~FF_4086                                                                      ; No clock feeds this register's clock port. ;
; h2f_gp~FF_4087                                                                      ; No clock feeds this register's clock port. ;
; h2f_gp~FF_4080                                                                      ; No clock feeds this register's clock port. ;
; h2f_gp~FF_4081                                                                      ; No clock feeds this register's clock port. ;
; h2f_gp~FF_4082                                                                      ; No clock feeds this register's clock port. ;
; h2f_gp~FF_4044                                                                      ; No clock feeds this register's clock port. ;
; h2f_gp~FF_4046                                                                      ; No clock feeds this register's clock port. ;
; h2f_gp~FF_3010                                                                      ; No clock feeds this register's clock port. ;
; h2f_gp~FF_3008                                                                      ; No clock feeds this register's clock port. ;
; h2f_gp~FF_3009                                                                      ; No clock feeds this register's clock port. ;
; h2f_gp~FF_3011                                                                      ; No clock feeds this register's clock port. ;
; h2f_gp~FF_4063                                                                      ; No clock feeds this register's clock port. ;
; h2f_gp~FF_4034                                                                      ; No clock feeds this register's clock port. ;
; h2f_gp~FF_3028                                                                      ; No clock feeds this register's clock port. ;
; h2f_gp~FF_4037                                                                      ; No clock feeds this register's clock port. ;
; h2f_gp~FF_3029                                                                      ; No clock feeds this register's clock port. ;
; h2f_gp~FF_3030                                                                      ; No clock feeds this register's clock port. ;
; h2f_gp~FF_3031                                                                      ; No clock feeds this register's clock port. ;
; h2f_gp~FF_4052                                                                      ; No clock feeds this register's clock port. ;
; h2f_gp~FF_4043                                                                      ; No clock feeds this register's clock port. ;
; h2f_gp~FF_4055                                                                      ; No clock feeds this register's clock port. ;
; h2f_gp~FF_3027                                                                      ; No clock feeds this register's clock port. ;
; h2f_gp~FF_4049                                                                      ; No clock feeds this register's clock port. ;
; h2f_gp~FF_3628                                                                      ; No clock feeds this register's clock port. ;
; h2f_gp~FF_3629                                                                      ; No clock feeds this register's clock port. ;
; h2f_gp~FF_3630                                                                      ; No clock feeds this register's clock port. ;
; h2f_gp~FF_3631                                                                      ; No clock feeds this register's clock port. ;
; h2f_gp~FF_3624                                                                      ; No clock feeds this register's clock port. ;
; h2f_gp~FF_3625                                                                      ; No clock feeds this register's clock port. ;
; h2f_gp~FF_3626                                                                      ; No clock feeds this register's clock port. ;
; h2f_gp~FF_3627                                                                      ; No clock feeds this register's clock port. ;
; h2f_gp~FF_3620                                                                      ; No clock feeds this register's clock port. ;
; h2f_gp~FF_3621                                                                      ; No clock feeds this register's clock port. ;
; h2f_gp~FF_3622                                                                      ; No clock feeds this register's clock port. ;
; h2f_gp~FF_3623                                                                      ; No clock feeds this register's clock port. ;
; h2f_gp~FF_3616                                                                      ; No clock feeds this register's clock port. ;
; h2f_gp~FF_3617                                                                      ; No clock feeds this register's clock port. ;
; h2f_gp~FF_3618                                                                      ; No clock feeds this register's clock port. ;
; h2f_gp~FF_3619                                                                      ; No clock feeds this register's clock port. ;
; h2f_gp~FF_3645                                                                      ; No clock feeds this register's clock port. ;
; h2f_gp~FF_3647                                                                      ; No clock feeds this register's clock port. ;
; h2f_gp~FF_3640                                                                      ; No clock feeds this register's clock port. ;
; h2f_gp~FF_3642                                                                      ; No clock feeds this register's clock port. ;
; h2f_gp~FF_3636                                                                      ; No clock feeds this register's clock port. ;
; h2f_gp~FF_3637                                                                      ; No clock feeds this register's clock port. ;
; h2f_gp~FF_3638                                                                      ; No clock feeds this register's clock port. ;
; h2f_gp~FF_3632                                                                      ; No clock feeds this register's clock port. ;
; h2f_gp~FF_3633                                                                      ; No clock feeds this register's clock port. ;
; h2f_gp~FF_3634                                                                      ; No clock feeds this register's clock port. ;
; h2f_gp~FF_3635                                                                      ; No clock feeds this register's clock port. ;
; h2f_gp~FF_3592                                                                      ; No clock feeds this register's clock port. ;
; h2f_gp~FF_3594                                                                      ; No clock feeds this register's clock port. ;
; h2f_gp~FF_4713                                                                      ; No clock feeds this register's clock port. ;
; h2f_gp~FF_4717                                                                      ; No clock feeds this register's clock port. ;
; h2f_gp~FF_4716                                                                      ; No clock feeds this register's clock port. ;
; h2f_gp~FF_3612                                                                      ; No clock feeds this register's clock port. ;
; h2f_gp~FF_4712                                                                      ; No clock feeds this register's clock port. ;
; h2f_gp~FF_3613                                                                      ; No clock feeds this register's clock port. ;
; h2f_gp~FF_3614                                                                      ; No clock feeds this register's clock port. ;
; h2f_gp~FF_4714                                                                      ; No clock feeds this register's clock port. ;
; h2f_gp~FF_3615                                                                      ; No clock feeds this register's clock port. ;
; h2f_gp~FF_4706                                                                      ; No clock feeds this register's clock port. ;
; h2f_gp~FF_4709                                                                      ; No clock feeds this register's clock port. ;
; h2f_gp~FF_3608                                                                      ; No clock feeds this register's clock port. ;
; h2f_gp~FF_4704                                                                      ; No clock feeds this register's clock port. ;
; h2f_gp~FF_3609                                                                      ; No clock feeds this register's clock port. ;
; h2f_gp~FF_3610                                                                      ; No clock feeds this register's clock port. ;
; h2f_gp~FF_3611                                                                      ; No clock feeds this register's clock port. ;
; h2f_gp~FF_4705                                                                      ; No clock feeds this register's clock port. ;
; h2f_gp~FF_3604                                                                      ; No clock feeds this register's clock port. ;
; h2f_gp~FF_3605                                                                      ; No clock feeds this register's clock port. ;
; h2f_gp~FF_4707                                                                      ; No clock feeds this register's clock port. ;
; h2f_gp~FF_3606                                                                      ; No clock feeds this register's clock port. ;
; h2f_gp~FF_3607                                                                      ; No clock feeds this register's clock port. ;
; h2f_gp~FF_4392                                                                      ; No clock feeds this register's clock port. ;
; h2f_gp~FF_4731                                                                      ; No clock feeds this register's clock port. ;
; h2f_gp~FF_4733                                                                      ; No clock feeds this register's clock port. ;
; h2f_gp~FF_4728                                                                      ; No clock feeds this register's clock port. ;
; h2f_gp~FF_4735                                                                      ; No clock feeds this register's clock port. ;
; h2f_gp~FF_3695                                                                      ; No clock feeds this register's clock port. ;
; h2f_gp~FF_3688                                                                      ; No clock feeds this register's clock port. ;
; h2f_gp~FF_4724                                                                      ; No clock feeds this register's clock port. ;
; h2f_gp~FF_4727                                                                      ; No clock feeds this register's clock port. ;
; h2f_gp~FF_3684                                                                      ; No clock feeds this register's clock port. ;
; h2f_gp~FF_4720                                                                      ; No clock feeds this register's clock port. ;
; h2f_gp~FF_3685                                                                      ; No clock feeds this register's clock port. ;
; h2f_gp~FF_4723                                                                      ; No clock feeds this register's clock port. ;
; h2f_gp~FF_3686                                                                      ; No clock feeds this register's clock port. ;
; h2f_gp~FF_4725                                                                      ; No clock feeds this register's clock port. ;
; h2f_gp~FF_4722                                                                      ; No clock feeds this register's clock port. ;
; h2f_gp~FF_3680                                                                      ; No clock feeds this register's clock port. ;
; h2f_gp~FF_3682                                                                      ; No clock feeds this register's clock port. ;
; h2f_gp~FF_3683                                                                      ; No clock feeds this register's clock port. ;
; h2f_gp~FF_3708                                                                      ; No clock feeds this register's clock port. ;
; h2f_gp~FF_3709                                                                      ; No clock feeds this register's clock port. ;
; h2f_gp~FF_3707                                                                      ; No clock feeds this register's clock port. ;
; h2f_gp~FF_3705                                                                      ; No clock feeds this register's clock port. ;
; h2f_gp~FF_3696                                                                      ; No clock feeds this register's clock port. ;
; h2f_gp~FF_3697                                                                      ; No clock feeds this register's clock port. ;
; h2f_gp~FF_4703                                                                      ; No clock feeds this register's clock port. ;
; h2f_gp~FF_4702                                                                      ; No clock feeds this register's clock port. ;
; h2f_gp~FF_3660                                                                      ; No clock feeds this register's clock port. ;
; h2f_gp~FF_3661                                                                      ; No clock feeds this register's clock port. ;
; h2f_gp~FF_3663                                                                      ; No clock feeds this register's clock port. ;
; h2f_gp~FF_4384                                                                      ; No clock feeds this register's clock port. ;
; h2f_gp~FF_4697                                                                      ; No clock feeds this register's clock port. ;
; h2f_gp~FF_4387                                                                      ; No clock feeds this register's clock port. ;
; h2f_gp~FF_4698                                                                      ; No clock feeds this register's clock port. ;
; h2f_gp~FF_3657                                                                      ; No clock feeds this register's clock port. ;
; h2f_gp~FF_4699                                                                      ; No clock feeds this register's clock port. ;
; h2f_gp~FF_4696                                                                      ; No clock feeds this register's clock port. ;
; h2f_gp~FF_3659                                                                      ; No clock feeds this register's clock port. ;
; h2f_gp~FF_3652                                                                      ; No clock feeds this register's clock port. ;
; h2f_gp~FF_4701                                                                      ; No clock feeds this register's clock port. ;
; h2f_gp~FF_3654                                                                      ; No clock feeds this register's clock port. ;
; h2f_gp~FF_4700                                                                      ; No clock feeds this register's clock port. ;
; h2f_gp~FF_3655                                                                      ; No clock feeds this register's clock port. ;
; h2f_gp~FF_3648                                                                      ; No clock feeds this register's clock port. ;
; h2f_gp~FF_3649                                                                      ; No clock feeds this register's clock port. ;
; h2f_gp~FF_3650                                                                      ; No clock feeds this register's clock port. ;
; h2f_gp~FF_3651                                                                      ; No clock feeds this register's clock port. ;
; h2f_gp~FF_3676                                                                      ; No clock feeds this register's clock port. ;
; h2f_gp~FF_3678                                                                      ; No clock feeds this register's clock port. ;
; h2f_gp~FF_3672                                                                      ; No clock feeds this register's clock port. ;
; h2f_gp~FF_3674                                                                      ; No clock feeds this register's clock port. ;
; h2f_gp~FF_3668                                                                      ; No clock feeds this register's clock port. ;
; h2f_gp~FF_3670                                                                      ; No clock feeds this register's clock port. ;
; h2f_gp~FF_1712                                                                      ; No clock feeds this register's clock port. ;
; h2f_gp~FF_1705                                                                      ; No clock feeds this register's clock port. ;
; h2f_gp~FF_4797                                                                      ; No clock feeds this register's clock port. ;
; h2f_gp~FF_1707                                                                      ; No clock feeds this register's clock port. ;
; h2f_gp~FF_4799                                                                      ; No clock feeds this register's clock port. ;
; h2f_gp~FF_3666                                                                      ; No clock feeds this register's clock port. ;
; h2f_gp~FF_4798                                                                      ; No clock feeds this register's clock port. ;
; h2f_gp~FF_3667                                                                      ; No clock feeds this register's clock port. ;
; h2f_gp~FF_4792                                                                      ; No clock feeds this register's clock port. ;
; h2f_gp~FF_3759                                                                      ; No clock feeds this register's clock port. ;
; h2f_gp~FF_1697                                                                      ; No clock feeds this register's clock port. ;
; h2f_gp~FF_3758                                                                      ; No clock feeds this register's clock port. ;
; h2f_gp~FF_4789                                                                      ; No clock feeds this register's clock port. ;
; h2f_gp~FF_4788                                                                      ; No clock feeds this register's clock port. ;
; h2f_gp~FF_1699                                                                      ; No clock feeds this register's clock port. ;
; h2f_gp~FF_4791                                                                      ; No clock feeds this register's clock port. ;
; h2f_gp~FF_4790                                                                      ; No clock feeds this register's clock port. ;
; h2f_gp~FF_1701                                                                      ; No clock feeds this register's clock port. ;
; h2f_gp~FF_1703                                                                      ; No clock feeds this register's clock port. ;
; h2f_gp~FF_4787                                                                      ; No clock feeds this register's clock port. ;
; h2f_gp~FF_3744                                                                      ; No clock feeds this register's clock port. ;
; h2f_gp~FF_4747                                                                      ; No clock feeds this register's clock port. ;
; h2f_gp~FF_4749                                                                      ; No clock feeds this register's clock port. ;
; h2f_gp~FF_4759                                                                      ; No clock feeds this register's clock port. ;
; h2f_gp~FF_4751                                                                      ; No clock feeds this register's clock port. ;
; h2f_gp~FF_1709                                                                      ; No clock feeds this register's clock port. ;
; h2f_gp~FF_4737                                                                      ; No clock feeds this register's clock port. ;
; h2f_gp~FF_1711                                                                      ; No clock feeds this register's clock port. ;
; h2f_gp~FF_1710                                                                      ; No clock feeds this register's clock port. ;
; h2f_gp~FF_4738                                                                      ; No clock feeds this register's clock port. ;
; h2f_gp~FF_3720                                                                      ; No clock feeds this register's clock port. ;
; h2f_gp~FF_3727                                                                      ; No clock feeds this register's clock port. ;
; h2f_gp~FF_3721                                                                      ; No clock feeds this register's clock port. ;
; h2f_gp~FF_4754                                                                      ; No clock feeds this register's clock port. ;
; h2f_gp~FF_3722                                                                      ; No clock feeds this register's clock port. ;
; h2f_gp~FF_3716                                                                      ; No clock feeds this register's clock port. ;
; h2f_gp~FF_4757                                                                      ; No clock feeds this register's clock port. ;
; h2f_gp~FF_4752                                                                      ; No clock feeds this register's clock port. ;
; h2f_gp~FF_3717                                                                      ; No clock feeds this register's clock port. ;
; h2f_gp~FF_4766                                                                      ; No clock feeds this register's clock port. ;
; h2f_gp~FF_4765                                                                      ; No clock feeds this register's clock port. ;
; h2f_gp~FF_4755                                                                      ; No clock feeds this register's clock port. ;
; h2f_gp~FF_3718                                                                      ; No clock feeds this register's clock port. ;
; h2f_gp~FF_3719                                                                      ; No clock feeds this register's clock port. ;
; h2f_gp~FF_1693                                                                      ; No clock feeds this register's clock port. ;
; h2f_gp~FF_1695                                                                      ; No clock feeds this register's clock port. ;
; h2f_gp~FF_4837                                                                      ; No clock feeds this register's clock port. ;
; h2f_gp~FF_4836                                                                      ; No clock feeds this register's clock port. ;
; h2f_gp~FF_4838                                                                      ; No clock feeds this register's clock port. ;
; h2f_gp~FF_4832                                                                      ; No clock feeds this register's clock port. ;
; h2f_gp~FF_4834                                                                      ; No clock feeds this register's clock port. ;
; h2f_gp~FF_3735                                                                      ; No clock feeds this register's clock port. ;
; h2f_gp~FF_3728                                                                      ; No clock feeds this register's clock port. ;
; h2f_gp~FF_4839                                                                      ; No clock feeds this register's clock port. ;
; h2f_gp~FF_4813                                                                      ; No clock feeds this register's clock port. ;
; h2f_gp~FF_4809                                                                      ; No clock feeds this register's clock port. ;
; h2f_gp~FF_4812                                                                      ; No clock feeds this register's clock port. ;
; h2f_gp~FF_4811                                                                      ; No clock feeds this register's clock port. ;
; h2f_gp~FF_4804                                                                      ; No clock feeds this register's clock port. ;
; h2f_gp~FF_4807                                                                      ; No clock feeds this register's clock port. ;
; h2f_gp~FF_4801                                                                      ; No clock feeds this register's clock port. ;
; h2f_gp~FF_4806                                                                      ; No clock feeds this register's clock port. ;
; h2f_gp~FF_4802                                                                      ; No clock feeds this register's clock port. ;
; h2f_gp~FF_4828                                                                      ; No clock feeds this register's clock port. ;
; h2f_gp~FF_4830                                                                      ; No clock feeds this register's clock port. ;
; h2f_gp~FF_4831                                                                      ; No clock feeds this register's clock port. ;
; h2f_gp~FF_4826                                                                      ; No clock feeds this register's clock port. ;
; h2f_gp~FF_4817                                                                      ; No clock feeds this register's clock port. ;
; h2f_gp~FF_4820                                                                      ; No clock feeds this register's clock port. ;
; sysmem_lite:sysmem|sysmem_HPS_fpga_interfaces:fpga_interfaces|f2sdram~FF_4400       ; No clock feeds this register's clock port. ;
; sysmem_lite:sysmem|sysmem_HPS_fpga_interfaces:fpga_interfaces|f2sdram~FF_2353       ; No clock feeds this register's clock port. ;
; sysmem_lite:sysmem|sysmem_HPS_fpga_interfaces:fpga_interfaces|f2sdram~FF_4397       ; No clock feeds this register's clock port. ;
; sysmem_lite:sysmem|sysmem_HPS_fpga_interfaces:fpga_interfaces|f2sdram~FF_4413       ; No clock feeds this register's clock port. ;
; sysmem_lite:sysmem|sysmem_HPS_fpga_interfaces:fpga_interfaces|f2sdram~FF_2362       ; No clock feeds this register's clock port. ;
; sysmem_lite:sysmem|sysmem_HPS_fpga_interfaces:fpga_interfaces|f2sdram~FF_4396       ; No clock feeds this register's clock port. ;
; sysmem_lite:sysmem|sysmem_HPS_fpga_interfaces:fpga_interfaces|f2sdram~FF_4366       ; No clock feeds this register's clock port. ;
; sysmem_lite:sysmem|sysmem_HPS_fpga_interfaces:fpga_interfaces|f2sdram~FF_4367       ; No clock feeds this register's clock port. ;
; sysmem_lite:sysmem|sysmem_HPS_fpga_interfaces:fpga_interfaces|f2sdram~FF_4353       ; No clock feeds this register's clock port. ;
; sysmem_lite:sysmem|sysmem_HPS_fpga_interfaces:fpga_interfaces|f2sdram~FF_4354       ; No clock feeds this register's clock port. ;
; sysmem_lite:sysmem|sysmem_HPS_fpga_interfaces:fpga_interfaces|f2sdram~FF_4355       ; No clock feeds this register's clock port. ;
; sysmem_lite:sysmem|sysmem_HPS_fpga_interfaces:fpga_interfaces|f2sdram~FF_4386       ; No clock feeds this register's clock port. ;
; sysmem_lite:sysmem|sysmem_HPS_fpga_interfaces:fpga_interfaces|f2sdram~FF_4458       ; No clock feeds this register's clock port. ;
; sysmem_lite:sysmem|sysmem_HPS_fpga_interfaces:fpga_interfaces|f2sdram~FF_4459       ; No clock feeds this register's clock port. ;
; sysmem_lite:sysmem|sysmem_HPS_fpga_interfaces:fpga_interfaces|f2sdram~FF_4462       ; No clock feeds this register's clock port. ;
; sysmem_lite:sysmem|sysmem_HPS_fpga_interfaces:fpga_interfaces|f2sdram~FF_4463       ; No clock feeds this register's clock port. ;
; sysmem_lite:sysmem|sysmem_HPS_fpga_interfaces:fpga_interfaces|f2sdram~FF_4460       ; No clock feeds this register's clock port. ;
; sysmem_lite:sysmem|sysmem_HPS_fpga_interfaces:fpga_interfaces|f2sdram~FF_4461       ; No clock feeds this register's clock port. ;
; sysmem_lite:sysmem|sysmem_HPS_fpga_interfaces:fpga_interfaces|f2sdram~FF_4466       ; No clock feeds this register's clock port. ;
; sysmem_lite:sysmem|sysmem_HPS_fpga_interfaces:fpga_interfaces|f2sdram~FF_4467       ; No clock feeds this register's clock port. ;
; sysmem_lite:sysmem|sysmem_HPS_fpga_interfaces:fpga_interfaces|f2sdram~FF_4464       ; No clock feeds this register's clock port. ;
; sysmem_lite:sysmem|sysmem_HPS_fpga_interfaces:fpga_interfaces|f2sdram~FF_4465       ; No clock feeds this register's clock port. ;
; sysmem_lite:sysmem|sysmem_HPS_fpga_interfaces:fpga_interfaces|f2sdram~FF_4470       ; No clock feeds this register's clock port. ;
; sysmem_lite:sysmem|sysmem_HPS_fpga_interfaces:fpga_interfaces|f2sdram~FF_4471       ; No clock feeds this register's clock port. ;
; sysmem_lite:sysmem|sysmem_HPS_fpga_interfaces:fpga_interfaces|f2sdram~FF_4468       ; No clock feeds this register's clock port. ;
; sysmem_lite:sysmem|sysmem_HPS_fpga_interfaces:fpga_interfaces|f2sdram~FF_4469       ; No clock feeds this register's clock port. ;
; sysmem_lite:sysmem|sysmem_HPS_fpga_interfaces:fpga_interfaces|f2sdram~FF_4474       ; No clock feeds this register's clock port. ;
; sysmem_lite:sysmem|sysmem_HPS_fpga_interfaces:fpga_interfaces|f2sdram~FF_4475       ; No clock feeds this register's clock port. ;
; sysmem_lite:sysmem|sysmem_HPS_fpga_interfaces:fpga_interfaces|f2sdram~FF_4472       ; No clock feeds this register's clock port. ;
; sysmem_lite:sysmem|sysmem_HPS_fpga_interfaces:fpga_interfaces|f2sdram~FF_4473       ; No clock feeds this register's clock port. ;
; sysmem_lite:sysmem|sysmem_HPS_fpga_interfaces:fpga_interfaces|f2sdram~FF_4478       ; No clock feeds this register's clock port. ;
; sysmem_lite:sysmem|sysmem_HPS_fpga_interfaces:fpga_interfaces|f2sdram~FF_4479       ; No clock feeds this register's clock port. ;
; sysmem_lite:sysmem|sysmem_HPS_fpga_interfaces:fpga_interfaces|f2sdram~FF_4476       ; No clock feeds this register's clock port. ;
; sysmem_lite:sysmem|sysmem_HPS_fpga_interfaces:fpga_interfaces|f2sdram~FF_4370       ; No clock feeds this register's clock port. ;
; sysmem_lite:sysmem|sysmem_HPS_fpga_interfaces:fpga_interfaces|f2sdram~FF_4429       ; No clock feeds this register's clock port. ;
; sysmem_lite:sysmem|sysmem_HPS_fpga_interfaces:fpga_interfaces|f2sdram~FF_4477       ; No clock feeds this register's clock port. ;
; sysmem_lite:sysmem|sysmem_HPS_fpga_interfaces:fpga_interfaces|f2sdram~FF_2371       ; No clock feeds this register's clock port. ;
; sysmem_lite:sysmem|sysmem_HPS_fpga_interfaces:fpga_interfaces|f2sdram~FF_2380       ; No clock feeds this register's clock port. ;
; sysmem_lite:sysmem|sysmem_HPS_fpga_interfaces:fpga_interfaces|f2sdram~FF_4482       ; No clock feeds this register's clock port. ;
; sysmem_lite:sysmem|sysmem_HPS_fpga_interfaces:fpga_interfaces|f2sdram~FF_4483       ; No clock feeds this register's clock port. ;
; sysmem_lite:sysmem|sysmem_HPS_fpga_interfaces:fpga_interfaces|f2sdram~FF_4480       ; No clock feeds this register's clock port. ;
; sysmem_lite:sysmem|sysmem_HPS_fpga_interfaces:fpga_interfaces|f2sdram~FF_4481       ; No clock feeds this register's clock port. ;
; sysmem_lite:sysmem|sysmem_HPS_fpga_interfaces:fpga_interfaces|f2sdram~FF_4484       ; No clock feeds this register's clock port. ;
; sysmem_lite:sysmem|sysmem_HPS_fpga_interfaces:fpga_interfaces|f2sdram~FF_4485       ; No clock feeds this register's clock port. ;
; sysmem_lite:sysmem|sysmem_HPS_fpga_interfaces:fpga_interfaces|f2sdram~FF_4140       ; No clock feeds this register's clock port. ;
; sysmem_lite:sysmem|sysmem_HPS_fpga_interfaces:fpga_interfaces|f2sdram~FF_4141       ; No clock feeds this register's clock port. ;
; sysmem_lite:sysmem|sysmem_HPS_fpga_interfaces:fpga_interfaces|f2sdram~FF_4142       ; No clock feeds this register's clock port. ;
; sysmem_lite:sysmem|sysmem_HPS_fpga_interfaces:fpga_interfaces|f2sdram~FF_4143       ; No clock feeds this register's clock port. ;
; sysmem_lite:sysmem|sysmem_HPS_fpga_interfaces:fpga_interfaces|f2sdram~FF_4136       ; No clock feeds this register's clock port. ;
; sysmem_lite:sysmem|sysmem_HPS_fpga_interfaces:fpga_interfaces|f2sdram~FF_4138       ; No clock feeds this register's clock port. ;
; sysmem_lite:sysmem|sysmem_HPS_fpga_interfaces:fpga_interfaces|f2sdram~FF_4139       ; No clock feeds this register's clock port. ;
; sysmem_lite:sysmem|sysmem_HPS_fpga_interfaces:fpga_interfaces|f2sdram~FF_4132       ; No clock feeds this register's clock port. ;
; sysmem_lite:sysmem|sysmem_HPS_fpga_interfaces:fpga_interfaces|f2sdram~FF_4133       ; No clock feeds this register's clock port. ;
; sysmem_lite:sysmem|sysmem_HPS_fpga_interfaces:fpga_interfaces|f2sdram~FF_4135       ; No clock feeds this register's clock port. ;
; sysmem_lite:sysmem|sysmem_HPS_fpga_interfaces:fpga_interfaces|f2sdram~FF_4131       ; No clock feeds this register's clock port. ;
; sysmem_lite:sysmem|sysmem_HPS_fpga_interfaces:fpga_interfaces|f2sdram~FF_4156       ; No clock feeds this register's clock port. ;
; sysmem_lite:sysmem|sysmem_HPS_fpga_interfaces:fpga_interfaces|f2sdram~FF_4157       ; No clock feeds this register's clock port. ;
; sysmem_lite:sysmem|sysmem_HPS_fpga_interfaces:fpga_interfaces|f2sdram~FF_4158       ; No clock feeds this register's clock port. ;
; sysmem_lite:sysmem|sysmem_HPS_fpga_interfaces:fpga_interfaces|f2sdram~FF_4159       ; No clock feeds this register's clock port. ;
; sysmem_lite:sysmem|sysmem_HPS_fpga_interfaces:fpga_interfaces|f2sdram~FF_4152       ; No clock feeds this register's clock port. ;
; sysmem_lite:sysmem|sysmem_HPS_fpga_interfaces:fpga_interfaces|f2sdram~FF_4154       ; No clock feeds this register's clock port. ;
; sysmem_lite:sysmem|sysmem_HPS_fpga_interfaces:fpga_interfaces|f2sdram~FF_4155       ; No clock feeds this register's clock port. ;
; sysmem_lite:sysmem|sysmem_HPS_fpga_interfaces:fpga_interfaces|f2sdram~FF_4149       ; No clock feeds this register's clock port. ;
; sysmem_lite:sysmem|sysmem_HPS_fpga_interfaces:fpga_interfaces|f2sdram~FF_2108       ; No clock feeds this register's clock port. ;
; sysmem_lite:sysmem|sysmem_HPS_fpga_interfaces:fpga_interfaces|f2sdram~FF_4150       ; No clock feeds this register's clock port. ;
; sysmem_lite:sysmem|sysmem_HPS_fpga_interfaces:fpga_interfaces|f2sdram~FF_2109       ; No clock feeds this register's clock port. ;
; sysmem_lite:sysmem|sysmem_HPS_fpga_interfaces:fpga_interfaces|f2sdram~FF_4151       ; No clock feeds this register's clock port. ;
; sysmem_lite:sysmem|sysmem_HPS_fpga_interfaces:fpga_interfaces|f2sdram~FF_2110       ; No clock feeds this register's clock port. ;
; sysmem_lite:sysmem|sysmem_HPS_fpga_interfaces:fpga_interfaces|f2sdram~FF_4144       ; No clock feeds this register's clock port. ;
; sysmem_lite:sysmem|sysmem_HPS_fpga_interfaces:fpga_interfaces|f2sdram~FF_2111       ; No clock feeds this register's clock port. ;
; sysmem_lite:sysmem|sysmem_HPS_fpga_interfaces:fpga_interfaces|f2sdram~FF_2104       ; No clock feeds this register's clock port. ;
; sysmem_lite:sysmem|sysmem_HPS_fpga_interfaces:fpga_interfaces|f2sdram~FF_4146       ; No clock feeds this register's clock port. ;
; sysmem_lite:sysmem|sysmem_HPS_fpga_interfaces:fpga_interfaces|f2sdram~FF_2105       ; No clock feeds this register's clock port. ;
; sysmem_lite:sysmem|sysmem_HPS_fpga_interfaces:fpga_interfaces|f2sdram~FF_4147       ; No clock feeds this register's clock port. ;
; sysmem_lite:sysmem|sysmem_HPS_fpga_interfaces:fpga_interfaces|f2sdram~FF_2106       ; No clock feeds this register's clock port. ;
; sysmem_lite:sysmem|sysmem_HPS_fpga_interfaces:fpga_interfaces|f2sdram~FF_4108       ; No clock feeds this register's clock port. ;
; sysmem_lite:sysmem|sysmem_HPS_fpga_interfaces:fpga_interfaces|f2sdram~FF_2107       ; No clock feeds this register's clock port. ;
; sysmem_lite:sysmem|sysmem_HPS_fpga_interfaces:fpga_interfaces|f2sdram~FF_4109       ; No clock feeds this register's clock port. ;
; sysmem_lite:sysmem|sysmem_HPS_fpga_interfaces:fpga_interfaces|f2sdram~FF_2100       ; No clock feeds this register's clock port. ;
; sysmem_lite:sysmem|sysmem_HPS_fpga_interfaces:fpga_interfaces|f2sdram~FF_2101       ; No clock feeds this register's clock port. ;
; sysmem_lite:sysmem|sysmem_HPS_fpga_interfaces:fpga_interfaces|f2sdram~FF_4111       ; No clock feeds this register's clock port. ;
; sysmem_lite:sysmem|sysmem_HPS_fpga_interfaces:fpga_interfaces|f2sdram~FF_2102       ; No clock feeds this register's clock port. ;
; sysmem_lite:sysmem|sysmem_HPS_fpga_interfaces:fpga_interfaces|f2sdram~FF_4104       ; No clock feeds this register's clock port. ;
; sysmem_lite:sysmem|sysmem_HPS_fpga_interfaces:fpga_interfaces|f2sdram~FF_2103       ; No clock feeds this register's clock port. ;
; sysmem_lite:sysmem|sysmem_HPS_fpga_interfaces:fpga_interfaces|f2sdram~FF_4105       ; No clock feeds this register's clock port. ;
; sysmem_lite:sysmem|sysmem_HPS_fpga_interfaces:fpga_interfaces|f2sdram~FF_4106       ; No clock feeds this register's clock port. ;
; sysmem_lite:sysmem|sysmem_HPS_fpga_interfaces:fpga_interfaces|f2sdram~FF_4107       ; No clock feeds this register's clock port. ;
; sysmem_lite:sysmem|sysmem_HPS_fpga_interfaces:fpga_interfaces|f2sdram~FF_4100       ; No clock feeds this register's clock port. ;
; sysmem_lite:sysmem|sysmem_HPS_fpga_interfaces:fpga_interfaces|f2sdram~FF_4101       ; No clock feeds this register's clock port. ;
; sysmem_lite:sysmem|sysmem_HPS_fpga_interfaces:fpga_interfaces|f2sdram~FF_4102       ; No clock feeds this register's clock port. ;
; sysmem_lite:sysmem|sysmem_HPS_fpga_interfaces:fpga_interfaces|f2sdram~FF_4103       ; No clock feeds this register's clock port. ;
; sysmem_lite:sysmem|sysmem_HPS_fpga_interfaces:fpga_interfaces|f2sdram~FF_4096       ; No clock feeds this register's clock port. ;
; sysmem_lite:sysmem|sysmem_HPS_fpga_interfaces:fpga_interfaces|f2sdram~FF_4097       ; No clock feeds this register's clock port. ;
; sysmem_lite:sysmem|sysmem_HPS_fpga_interfaces:fpga_interfaces|f2sdram~FF_4098       ; No clock feeds this register's clock port. ;
; sysmem_lite:sysmem|sysmem_HPS_fpga_interfaces:fpga_interfaces|f2sdram~FF_4099       ; No clock feeds this register's clock port. ;
; sysmem_lite:sysmem|sysmem_HPS_fpga_interfaces:fpga_interfaces|f2sdram~FF_4125       ; No clock feeds this register's clock port. ;
; sysmem_lite:sysmem|sysmem_HPS_fpga_interfaces:fpga_interfaces|f2sdram~FF_4126       ; No clock feeds this register's clock port. ;
; sysmem_lite:sysmem|sysmem_HPS_fpga_interfaces:fpga_interfaces|f2sdram~FF_4127       ; No clock feeds this register's clock port. ;
; sysmem_lite:sysmem|sysmem_HPS_fpga_interfaces:fpga_interfaces|f2sdram~FF_4120       ; No clock feeds this register's clock port. ;
; sysmem_lite:sysmem|sysmem_HPS_fpga_interfaces:fpga_interfaces|f2sdram~FF_4122       ; No clock feeds this register's clock port. ;
; sysmem_lite:sysmem|sysmem_HPS_fpga_interfaces:fpga_interfaces|f2sdram~FF_4123       ; No clock feeds this register's clock port. ;
; sysmem_lite:sysmem|sysmem_HPS_fpga_interfaces:fpga_interfaces|f2sdram~FF_4116       ; No clock feeds this register's clock port. ;
; sysmem_lite:sysmem|sysmem_HPS_fpga_interfaces:fpga_interfaces|f2sdram~FF_4117       ; No clock feeds this register's clock port. ;
; sysmem_lite:sysmem|sysmem_HPS_fpga_interfaces:fpga_interfaces|f2sdram~FF_4119       ; No clock feeds this register's clock port. ;
; sysmem_lite:sysmem|sysmem_HPS_fpga_interfaces:fpga_interfaces|f2sdram~FF_4112       ; No clock feeds this register's clock port. ;
; sysmem_lite:sysmem|sysmem_HPS_fpga_interfaces:fpga_interfaces|f2sdram~FF_4113       ; No clock feeds this register's clock port. ;
; sysmem_lite:sysmem|sysmem_HPS_fpga_interfaces:fpga_interfaces|f2sdram~FF_4114       ; No clock feeds this register's clock port. ;
; sysmem_lite:sysmem|sysmem_HPS_fpga_interfaces:fpga_interfaces|f2sdram~FF_4205       ; No clock feeds this register's clock port. ;
; sysmem_lite:sysmem|sysmem_HPS_fpga_interfaces:fpga_interfaces|f2sdram~FF_4206       ; No clock feeds this register's clock port. ;
; sysmem_lite:sysmem|sysmem_HPS_fpga_interfaces:fpga_interfaces|f2sdram~FF_4369       ; No clock feeds this register's clock port. ;
; sysmem_lite:sysmem|sysmem_HPS_fpga_interfaces:fpga_interfaces|f2sdram~FF_4179       ; No clock feeds this register's clock port. ;
; sysmem_lite:sysmem|sysmem_HPS_fpga_interfaces:fpga_interfaces|f2sdram~FF_4207       ; No clock feeds this register's clock port. ;
; sysmem_lite:sysmem|sysmem_HPS_fpga_interfaces:fpga_interfaces|f2sdram~FF_4200       ; No clock feeds this register's clock port. ;
; sysmem_lite:sysmem|sysmem_HPS_fpga_interfaces:fpga_interfaces|f2sdram~FF_4203       ; No clock feeds this register's clock port. ;
; sysmem_lite:sysmem|sysmem_HPS_fpga_interfaces:fpga_interfaces|f2sdram~FF_4196       ; No clock feeds this register's clock port. ;
; sysmem_lite:sysmem|sysmem_HPS_fpga_interfaces:fpga_interfaces|f2sdram~FF_4197       ; No clock feeds this register's clock port. ;
; sysmem_lite:sysmem|sysmem_HPS_fpga_interfaces:fpga_interfaces|f2sdram~FF_4198       ; No clock feeds this register's clock port. ;
; sysmem_lite:sysmem|sysmem_HPS_fpga_interfaces:fpga_interfaces|f2sdram~FF_4199       ; No clock feeds this register's clock port. ;
; sysmem_lite:sysmem|sysmem_HPS_fpga_interfaces:fpga_interfaces|f2sdram~FF_4192       ; No clock feeds this register's clock port. ;
; sysmem_lite:sysmem|sysmem_HPS_fpga_interfaces:fpga_interfaces|f2sdram~FF_4193       ; No clock feeds this register's clock port. ;
; sysmem_lite:sysmem|sysmem_HPS_fpga_interfaces:fpga_interfaces|f2sdram~FF_4195       ; No clock feeds this register's clock port. ;
; sysmem_lite:sysmem|sysmem_HPS_fpga_interfaces:fpga_interfaces|f2sdram~FF_4162       ; No clock feeds this register's clock port. ;
; sysmem_lite:sysmem|sysmem_HPS_fpga_interfaces:fpga_interfaces|f2sdram~FF_4216       ; No clock feeds this register's clock port. ;
; sysmem_lite:sysmem|sysmem_HPS_fpga_interfaces:fpga_interfaces|f2sdram~FF_4213       ; No clock feeds this register's clock port. ;
; sysmem_lite:sysmem|sysmem_HPS_fpga_interfaces:fpga_interfaces|f2sdram~FF_4214       ; No clock feeds this register's clock port. ;
; sysmem_lite:sysmem|sysmem_HPS_fpga_interfaces:fpga_interfaces|f2sdram~FF_4215       ; No clock feeds this register's clock port. ;
; sysmem_lite:sysmem|sysmem_HPS_fpga_interfaces:fpga_interfaces|f2sdram~FF_4170       ; No clock feeds this register's clock port. ;
; sysmem_lite:sysmem|sysmem_HPS_fpga_interfaces:fpga_interfaces|f2sdram~FF_4208       ; No clock feeds this register's clock port. ;
; sysmem_lite:sysmem|sysmem_HPS_fpga_interfaces:fpga_interfaces|f2sdram~FF_4209       ; No clock feeds this register's clock port. ;
; sysmem_lite:sysmem|sysmem_HPS_fpga_interfaces:fpga_interfaces|f2sdram~FF_4210       ; No clock feeds this register's clock port. ;
; sysmem_lite:sysmem|sysmem_HPS_fpga_interfaces:fpga_interfaces|f2sdram~FF_4211       ; No clock feeds this register's clock port. ;
; sysmem_lite:sysmem|sysmem_HPS_fpga_interfaces:fpga_interfaces|f2sdram~FF_4174       ; No clock feeds this register's clock port. ;
; sysmem_lite:sysmem|sysmem_HPS_fpga_interfaces:fpga_interfaces|f2sdram~FF_4173       ; No clock feeds this register's clock port. ;
; sysmem_lite:sysmem|sysmem_HPS_fpga_interfaces:fpga_interfaces|f2sdram~FF_4175       ; No clock feeds this register's clock port. ;
; sysmem_lite:sysmem|sysmem_HPS_fpga_interfaces:fpga_interfaces|f2sdram~FF_4168       ; No clock feeds this register's clock port. ;
; sysmem_lite:sysmem|sysmem_HPS_fpga_interfaces:fpga_interfaces|f2sdram~FF_4169       ; No clock feeds this register's clock port. ;
; sysmem_lite:sysmem|sysmem_HPS_fpga_interfaces:fpga_interfaces|f2sdram~FF_4212       ; No clock feeds this register's clock port. ;
; sysmem_lite:sysmem|sysmem_HPS_fpga_interfaces:fpga_interfaces|f2sdram~FF_4171       ; No clock feeds this register's clock port. ;
; sysmem_lite:sysmem|sysmem_HPS_fpga_interfaces:fpga_interfaces|f2sdram~FF_4165       ; No clock feeds this register's clock port. ;
; sysmem_lite:sysmem|sysmem_HPS_fpga_interfaces:fpga_interfaces|f2sdram~FF_2124       ; No clock feeds this register's clock port. ;
; sysmem_lite:sysmem|sysmem_HPS_fpga_interfaces:fpga_interfaces|f2sdram~FF_4166       ; No clock feeds this register's clock port. ;
; sysmem_lite:sysmem|sysmem_HPS_fpga_interfaces:fpga_interfaces|f2sdram~FF_2125       ; No clock feeds this register's clock port. ;
; sysmem_lite:sysmem|sysmem_HPS_fpga_interfaces:fpga_interfaces|f2sdram~FF_4167       ; No clock feeds this register's clock port. ;
; sysmem_lite:sysmem|sysmem_HPS_fpga_interfaces:fpga_interfaces|f2sdram~FF_2126       ; No clock feeds this register's clock port. ;
; sysmem_lite:sysmem|sysmem_HPS_fpga_interfaces:fpga_interfaces|f2sdram~FF_4160       ; No clock feeds this register's clock port. ;
; sysmem_lite:sysmem|sysmem_HPS_fpga_interfaces:fpga_interfaces|f2sdram~FF_2127       ; No clock feeds this register's clock port. ;
; sysmem_lite:sysmem|sysmem_HPS_fpga_interfaces:fpga_interfaces|f2sdram~FF_2120       ; No clock feeds this register's clock port. ;
; sysmem_lite:sysmem|sysmem_HPS_fpga_interfaces:fpga_interfaces|f2sdram~FF_2121       ; No clock feeds this register's clock port. ;
; sysmem_lite:sysmem|sysmem_HPS_fpga_interfaces:fpga_interfaces|f2sdram~FF_4163       ; No clock feeds this register's clock port. ;
; sysmem_lite:sysmem|sysmem_HPS_fpga_interfaces:fpga_interfaces|f2sdram~FF_2122       ; No clock feeds this register's clock port. ;
; sysmem_lite:sysmem|sysmem_HPS_fpga_interfaces:fpga_interfaces|f2sdram~FF_4188       ; No clock feeds this register's clock port. ;
; sysmem_lite:sysmem|sysmem_HPS_fpga_interfaces:fpga_interfaces|f2sdram~FF_2123       ; No clock feeds this register's clock port. ;
; sysmem_lite:sysmem|sysmem_HPS_fpga_interfaces:fpga_interfaces|f2sdram~FF_4189       ; No clock feeds this register's clock port. ;
; sysmem_lite:sysmem|sysmem_HPS_fpga_interfaces:fpga_interfaces|f2sdram~FF_2116       ; No clock feeds this register's clock port. ;
; sysmem_lite:sysmem|sysmem_HPS_fpga_interfaces:fpga_interfaces|f2sdram~FF_4190       ; No clock feeds this register's clock port. ;
; sysmem_lite:sysmem|sysmem_HPS_fpga_interfaces:fpga_interfaces|f2sdram~FF_2117       ; No clock feeds this register's clock port. ;
; sysmem_lite:sysmem|sysmem_HPS_fpga_interfaces:fpga_interfaces|f2sdram~FF_4191       ; No clock feeds this register's clock port. ;
; sysmem_lite:sysmem|sysmem_HPS_fpga_interfaces:fpga_interfaces|f2sdram~FF_4194       ; No clock feeds this register's clock port. ;
; sysmem_lite:sysmem|sysmem_HPS_fpga_interfaces:fpga_interfaces|f2sdram~FF_2118       ; No clock feeds this register's clock port. ;
; sysmem_lite:sysmem|sysmem_HPS_fpga_interfaces:fpga_interfaces|f2sdram~FF_4184       ; No clock feeds this register's clock port. ;
; sysmem_lite:sysmem|sysmem_HPS_fpga_interfaces:fpga_interfaces|f2sdram~FF_2119       ; No clock feeds this register's clock port. ;
; sysmem_lite:sysmem|sysmem_HPS_fpga_interfaces:fpga_interfaces|f2sdram~FF_4185       ; No clock feeds this register's clock port. ;
; sysmem_lite:sysmem|sysmem_HPS_fpga_interfaces:fpga_interfaces|f2sdram~FF_2112       ; No clock feeds this register's clock port. ;
; sysmem_lite:sysmem|sysmem_HPS_fpga_interfaces:fpga_interfaces|f2sdram~FF_2113       ; No clock feeds this register's clock port. ;
; sysmem_lite:sysmem|sysmem_HPS_fpga_interfaces:fpga_interfaces|f2sdram~FF_4187       ; No clock feeds this register's clock port. ;
; sysmem_lite:sysmem|sysmem_HPS_fpga_interfaces:fpga_interfaces|f2sdram~FF_2114       ; No clock feeds this register's clock port. ;
; sysmem_lite:sysmem|sysmem_HPS_fpga_interfaces:fpga_interfaces|f2sdram~FF_4180       ; No clock feeds this register's clock port. ;
; sysmem_lite:sysmem|sysmem_HPS_fpga_interfaces:fpga_interfaces|f2sdram~FF_2115       ; No clock feeds this register's clock port. ;
; sysmem_lite:sysmem|sysmem_HPS_fpga_interfaces:fpga_interfaces|f2sdram~FF_4182       ; No clock feeds this register's clock port. ;
; sysmem_lite:sysmem|sysmem_HPS_fpga_interfaces:fpga_interfaces|f2sdram~FF_4183       ; No clock feeds this register's clock port. ;
; sysmem_lite:sysmem|sysmem_HPS_fpga_interfaces:fpga_interfaces|f2sdram~FF_4202       ; No clock feeds this register's clock port. ;
; sysmem_lite:sysmem|sysmem_HPS_fpga_interfaces:fpga_interfaces|f2sdram~FF_4177       ; No clock feeds this register's clock port. ;
; sysmem_lite:sysmem|sysmem_HPS_fpga_interfaces:fpga_interfaces|f2sdram~FF_2128       ; No clock feeds this register's clock port. ;
; sysmem_lite:sysmem|sysmem_HPS_fpga_interfaces:fpga_interfaces|f2sdram~FF_2129       ; No clock feeds this register's clock port. ;
; sysmem_lite:sysmem|sysmem_HPS_fpga_interfaces:fpga_interfaces|f2sdram~FF_2130       ; No clock feeds this register's clock port. ;
; sysmem_lite:sysmem|sysmem_HPS_fpga_interfaces:fpga_interfaces|f2sdram~FF_2131       ; No clock feeds this register's clock port. ;
; sysmem_lite:sysmem|sysmem_HPS_fpga_interfaces:fpga_interfaces|f2sdram~FF_4505       ; No clock feeds this register's clock port. ;
; sysmem_lite:sysmem|sysmem_HPS_fpga_interfaces:fpga_interfaces|f2sdram~FF_4495       ; No clock feeds this register's clock port. ;
; sysmem_lite:sysmem|sysmem_HPS_fpga_interfaces:fpga_interfaces|f2sdram~FF_4494       ; No clock feeds this register's clock port. ;
; sysmem_lite:sysmem|sysmem_HPS_fpga_interfaces:fpga_interfaces|f2sdram~FF_4868       ; No clock feeds this register's clock port. ;
; sysmem_lite:sysmem|sysmem_HPS_fpga_interfaces:fpga_interfaces|f2sdram~FF_4865       ; No clock feeds this register's clock port. ;
; sysmem_lite:sysmem|sysmem_HPS_fpga_interfaces:fpga_interfaces|f2sdram~FF_2989       ; No clock feeds this register's clock port. ;
; sysmem_lite:sysmem|sysmem_HPS_fpga_interfaces:fpga_interfaces|f2sdram~FF_4395       ; No clock feeds this register's clock port. ;
; sysmem_lite:sysmem|sysmem_HPS_fpga_interfaces:fpga_interfaces|f2sdram~FF_2986       ; No clock feeds this register's clock port. ;
; sysmem_lite:sysmem|sysmem_HPS_fpga_interfaces:fpga_interfaces|f2sdram~FF_2991       ; No clock feeds this register's clock port. ;
; sysmem_lite:sysmem|sysmem_HPS_fpga_interfaces:fpga_interfaces|f2sdram~FF_2984       ; No clock feeds this register's clock port. ;
; sysmem_lite:sysmem|sysmem_HPS_fpga_interfaces:fpga_interfaces|f2sdram~FF_2985       ; No clock feeds this register's clock port. ;
; sysmem_lite:sysmem|sysmem_HPS_fpga_interfaces:fpga_interfaces|f2sdram~FF_2990       ; No clock feeds this register's clock port. ;
; sysmem_lite:sysmem|sysmem_HPS_fpga_interfaces:fpga_interfaces|f2sdram~FF_2987       ; No clock feeds this register's clock port. ;
; sysmem_lite:sysmem|sysmem_HPS_fpga_interfaces:fpga_interfaces|f2sdram~FF_2988       ; No clock feeds this register's clock port. ;
; sysmem_lite:sysmem|sysmem_HPS_fpga_interfaces:fpga_interfaces|f2sdram~FF_3005       ; No clock feeds this register's clock port. ;
; sysmem_lite:sysmem|sysmem_HPS_fpga_interfaces:fpga_interfaces|f2sdram~FF_3002       ; No clock feeds this register's clock port. ;
; sysmem_lite:sysmem|sysmem_HPS_fpga_interfaces:fpga_interfaces|f2sdram~FF_3007       ; No clock feeds this register's clock port. ;
; sysmem_lite:sysmem|sysmem_HPS_fpga_interfaces:fpga_interfaces|f2sdram~FF_3000       ; No clock feeds this register's clock port. ;
; sysmem_lite:sysmem|sysmem_HPS_fpga_interfaces:fpga_interfaces|f2sdram~FF_3001       ; No clock feeds this register's clock port. ;
; sysmem_lite:sysmem|sysmem_HPS_fpga_interfaces:fpga_interfaces|f2sdram~FF_3006       ; No clock feeds this register's clock port. ;
; sysmem_lite:sysmem|sysmem_HPS_fpga_interfaces:fpga_interfaces|f2sdram~FF_3003       ; No clock feeds this register's clock port. ;
; sysmem_lite:sysmem|sysmem_HPS_fpga_interfaces:fpga_interfaces|f2sdram~FF_3004       ; No clock feeds this register's clock port. ;
; sysmem_lite:sysmem|sysmem_HPS_fpga_interfaces:fpga_interfaces|f2sdram~FF_2997       ; No clock feeds this register's clock port. ;
; sysmem_lite:sysmem|sysmem_HPS_fpga_interfaces:fpga_interfaces|f2sdram~FF_2994       ; No clock feeds this register's clock port. ;
; sysmem_lite:sysmem|sysmem_HPS_fpga_interfaces:fpga_interfaces|f2sdram~FF_2999       ; No clock feeds this register's clock port. ;
; sysmem_lite:sysmem|sysmem_HPS_fpga_interfaces:fpga_interfaces|f2sdram~FF_2992       ; No clock feeds this register's clock port. ;
; sysmem_lite:sysmem|sysmem_HPS_fpga_interfaces:fpga_interfaces|f2sdram~FF_2993       ; No clock feeds this register's clock port. ;
; sysmem_lite:sysmem|sysmem_HPS_fpga_interfaces:fpga_interfaces|f2sdram~FF_2998       ; No clock feeds this register's clock port. ;
; sysmem_lite:sysmem|sysmem_HPS_fpga_interfaces:fpga_interfaces|f2sdram~FF_2995       ; No clock feeds this register's clock port. ;
; sysmem_lite:sysmem|sysmem_HPS_fpga_interfaces:fpga_interfaces|f2sdram~FF_2996       ; No clock feeds this register's clock port. ;
; sysmem_lite:sysmem|sysmem_HPS_fpga_interfaces:fpga_interfaces|f2sdram~FF_3010       ; No clock feeds this register's clock port. ;
; sysmem_lite:sysmem|sysmem_HPS_fpga_interfaces:fpga_interfaces|f2sdram~FF_3008       ; No clock feeds this register's clock port. ;
; sysmem_lite:sysmem|sysmem_HPS_fpga_interfaces:fpga_interfaces|f2sdram~FF_3009       ; No clock feeds this register's clock port. ;
; sysmem_lite:sysmem|sysmem_HPS_fpga_interfaces:fpga_interfaces|f2sdram~FF_3011       ; No clock feeds this register's clock port. ;
; sysmem_lite:sysmem|sysmem_HPS_fpga_interfaces:fpga_interfaces|f2sdram~FF_3028       ; No clock feeds this register's clock port. ;
; sysmem_lite:sysmem|sysmem_HPS_fpga_interfaces:fpga_interfaces|f2sdram~FF_3029       ; No clock feeds this register's clock port. ;
; sysmem_lite:sysmem|sysmem_HPS_fpga_interfaces:fpga_interfaces|f2sdram~FF_3030       ; No clock feeds this register's clock port. ;
; sysmem_lite:sysmem|sysmem_HPS_fpga_interfaces:fpga_interfaces|f2sdram~FF_3031       ; No clock feeds this register's clock port. ;
; sysmem_lite:sysmem|sysmem_HPS_fpga_interfaces:fpga_interfaces|f2sdram~FF_3027       ; No clock feeds this register's clock port. ;
; sysmem_lite:sysmem|sysmem_HPS_fpga_interfaces:fpga_interfaces|f2sdram~FF_4717       ; No clock feeds this register's clock port. ;
; sysmem_lite:sysmem|sysmem_HPS_fpga_interfaces:fpga_interfaces|f2sdram~FF_4393       ; No clock feeds this register's clock port. ;
; sysmem_lite:sysmem|sysmem_HPS_fpga_interfaces:fpga_interfaces|f2sdram~FF_4713       ; No clock feeds this register's clock port. ;
; sysmem_lite:sysmem|sysmem_HPS_fpga_interfaces:fpga_interfaces|f2sdram~FF_4716       ; No clock feeds this register's clock port. ;
; sysmem_lite:sysmem|sysmem_HPS_fpga_interfaces:fpga_interfaces|f2sdram~FF_4712       ; No clock feeds this register's clock port. ;
; sysmem_lite:sysmem|sysmem_HPS_fpga_interfaces:fpga_interfaces|f2sdram~FF_4714       ; No clock feeds this register's clock port. ;
; sysmem_lite:sysmem|sysmem_HPS_fpga_interfaces:fpga_interfaces|f2sdram~FF_4709       ; No clock feeds this register's clock port. ;
; sysmem_lite:sysmem|sysmem_HPS_fpga_interfaces:fpga_interfaces|f2sdram~FF_4394       ; No clock feeds this register's clock port. ;
; sysmem_lite:sysmem|sysmem_HPS_fpga_interfaces:fpga_interfaces|f2sdram~FF_4706       ; No clock feeds this register's clock port. ;
; sysmem_lite:sysmem|sysmem_HPS_fpga_interfaces:fpga_interfaces|f2sdram~FF_4704       ; No clock feeds this register's clock port. ;
; sysmem_lite:sysmem|sysmem_HPS_fpga_interfaces:fpga_interfaces|f2sdram~FF_4705       ; No clock feeds this register's clock port. ;
; sysmem_lite:sysmem|sysmem_HPS_fpga_interfaces:fpga_interfaces|f2sdram~FF_4707       ; No clock feeds this register's clock port. ;
; sysmem_lite:sysmem|sysmem_HPS_fpga_interfaces:fpga_interfaces|f2sdram~FF_4392       ; No clock feeds this register's clock port. ;
; sysmem_lite:sysmem|sysmem_HPS_fpga_interfaces:fpga_interfaces|f2sdram~FF_4731       ; No clock feeds this register's clock port. ;
; sysmem_lite:sysmem|sysmem_HPS_fpga_interfaces:fpga_interfaces|f2sdram~FF_4728       ; No clock feeds this register's clock port. ;
; sysmem_lite:sysmem|sysmem_HPS_fpga_interfaces:fpga_interfaces|f2sdram~FF_4733       ; No clock feeds this register's clock port. ;
; sysmem_lite:sysmem|sysmem_HPS_fpga_interfaces:fpga_interfaces|f2sdram~FF_4735       ; No clock feeds this register's clock port. ;
; sysmem_lite:sysmem|sysmem_HPS_fpga_interfaces:fpga_interfaces|f2sdram~FF_4724       ; No clock feeds this register's clock port. ;
; sysmem_lite:sysmem|sysmem_HPS_fpga_interfaces:fpga_interfaces|f2sdram~FF_4727       ; No clock feeds this register's clock port. ;
; sysmem_lite:sysmem|sysmem_HPS_fpga_interfaces:fpga_interfaces|f2sdram~FF_4720       ; No clock feeds this register's clock port. ;
; sysmem_lite:sysmem|sysmem_HPS_fpga_interfaces:fpga_interfaces|f2sdram~FF_4723       ; No clock feeds this register's clock port. ;
; sysmem_lite:sysmem|sysmem_HPS_fpga_interfaces:fpga_interfaces|f2sdram~FF_4722       ; No clock feeds this register's clock port. ;
; sysmem_lite:sysmem|sysmem_HPS_fpga_interfaces:fpga_interfaces|f2sdram~FF_4725       ; No clock feeds this register's clock port. ;
; sysmem_lite:sysmem|sysmem_HPS_fpga_interfaces:fpga_interfaces|f2sdram~FF_4703       ; No clock feeds this register's clock port. ;
; sysmem_lite:sysmem|sysmem_HPS_fpga_interfaces:fpga_interfaces|f2sdram~FF_4702       ; No clock feeds this register's clock port. ;
; sysmem_lite:sysmem|sysmem_HPS_fpga_interfaces:fpga_interfaces|f2sdram~FF_4387       ; No clock feeds this register's clock port. ;
; sysmem_lite:sysmem|sysmem_HPS_fpga_interfaces:fpga_interfaces|f2sdram~FF_4698       ; No clock feeds this register's clock port. ;
; sysmem_lite:sysmem|sysmem_HPS_fpga_interfaces:fpga_interfaces|f2sdram~FF_4384       ; No clock feeds this register's clock port. ;
; sysmem_lite:sysmem|sysmem_HPS_fpga_interfaces:fpga_interfaces|f2sdram~FF_4697       ; No clock feeds this register's clock port. ;
; sysmem_lite:sysmem|sysmem_HPS_fpga_interfaces:fpga_interfaces|f2sdram~FF_4696       ; No clock feeds this register's clock port. ;
; sysmem_lite:sysmem|sysmem_HPS_fpga_interfaces:fpga_interfaces|f2sdram~FF_4699       ; No clock feeds this register's clock port. ;
; sysmem_lite:sysmem|sysmem_HPS_fpga_interfaces:fpga_interfaces|f2sdram~FF_4701       ; No clock feeds this register's clock port. ;
; sysmem_lite:sysmem|sysmem_HPS_fpga_interfaces:fpga_interfaces|f2sdram~FF_4700       ; No clock feeds this register's clock port. ;
; sysmem_lite:sysmem|sysmem_HPS_fpga_interfaces:fpga_interfaces|f2sdram~FF_4797       ; No clock feeds this register's clock port. ;
; sysmem_lite:sysmem|sysmem_HPS_fpga_interfaces:fpga_interfaces|f2sdram~FF_4799       ; No clock feeds this register's clock port. ;
; sysmem_lite:sysmem|sysmem_HPS_fpga_interfaces:fpga_interfaces|f2sdram~FF_4798       ; No clock feeds this register's clock port. ;
; sysmem_lite:sysmem|sysmem_HPS_fpga_interfaces:fpga_interfaces|f2sdram~FF_4792       ; No clock feeds this register's clock port. ;
; sysmem_lite:sysmem|sysmem_HPS_fpga_interfaces:fpga_interfaces|f2sdram~FF_4789       ; No clock feeds this register's clock port. ;
; sysmem_lite:sysmem|sysmem_HPS_fpga_interfaces:fpga_interfaces|f2sdram~FF_4788       ; No clock feeds this register's clock port. ;
; sysmem_lite:sysmem|sysmem_HPS_fpga_interfaces:fpga_interfaces|f2sdram~FF_4791       ; No clock feeds this register's clock port. ;
; sysmem_lite:sysmem|sysmem_HPS_fpga_interfaces:fpga_interfaces|f2sdram~FF_4790       ; No clock feeds this register's clock port. ;
; sysmem_lite:sysmem|sysmem_HPS_fpga_interfaces:fpga_interfaces|f2sdram~FF_4787       ; No clock feeds this register's clock port. ;
; sysmem_lite:sysmem|sysmem_HPS_fpga_interfaces:fpga_interfaces|f2sdram~FF_4747       ; No clock feeds this register's clock port. ;
; sysmem_lite:sysmem|sysmem_HPS_fpga_interfaces:fpga_interfaces|f2sdram~FF_4749       ; No clock feeds this register's clock port. ;
; sysmem_lite:sysmem|sysmem_HPS_fpga_interfaces:fpga_interfaces|f2sdram~FF_4401       ; No clock feeds this register's clock port. ;
; sysmem_lite:sysmem|sysmem_HPS_fpga_interfaces:fpga_interfaces|f2sdram~FF_4759       ; No clock feeds this register's clock port. ;
; sysmem_lite:sysmem|sysmem_HPS_fpga_interfaces:fpga_interfaces|f2sdram~FF_4751       ; No clock feeds this register's clock port. ;
; sysmem_lite:sysmem|sysmem_HPS_fpga_interfaces:fpga_interfaces|f2sdram~FF_4737       ; No clock feeds this register's clock port. ;
; sysmem_lite:sysmem|sysmem_HPS_fpga_interfaces:fpga_interfaces|f2sdram~FF_4738       ; No clock feeds this register's clock port. ;
; sysmem_lite:sysmem|sysmem_HPS_fpga_interfaces:fpga_interfaces|f2sdram~FF_4754       ; No clock feeds this register's clock port. ;
; sysmem_lite:sysmem|sysmem_HPS_fpga_interfaces:fpga_interfaces|f2sdram~FF_4752       ; No clock feeds this register's clock port. ;
; sysmem_lite:sysmem|sysmem_HPS_fpga_interfaces:fpga_interfaces|f2sdram~FF_4757       ; No clock feeds this register's clock port. ;
; sysmem_lite:sysmem|sysmem_HPS_fpga_interfaces:fpga_interfaces|f2sdram~FF_4755       ; No clock feeds this register's clock port. ;
; sysmem_lite:sysmem|sysmem_HPS_fpga_interfaces:fpga_interfaces|f2sdram~FF_4765       ; No clock feeds this register's clock port. ;
; sysmem_lite:sysmem|sysmem_HPS_fpga_interfaces:fpga_interfaces|f2sdram~FF_4766       ; No clock feeds this register's clock port. ;
; sysmem_lite:sysmem|sysmem_HPS_fpga_interfaces:fpga_interfaces|f2sdram~FF_4837       ; No clock feeds this register's clock port. ;
; sysmem_lite:sysmem|sysmem_HPS_fpga_interfaces:fpga_interfaces|f2sdram~FF_4836       ; No clock feeds this register's clock port. ;
; sysmem_lite:sysmem|sysmem_HPS_fpga_interfaces:fpga_interfaces|f2sdram~FF_4838       ; No clock feeds this register's clock port. ;
; sysmem_lite:sysmem|sysmem_HPS_fpga_interfaces:fpga_interfaces|f2sdram~FF_4832       ; No clock feeds this register's clock port. ;
; sysmem_lite:sysmem|sysmem_HPS_fpga_interfaces:fpga_interfaces|f2sdram~FF_4834       ; No clock feeds this register's clock port. ;
; sysmem_lite:sysmem|sysmem_HPS_fpga_interfaces:fpga_interfaces|f2sdram~FF_4839       ; No clock feeds this register's clock port. ;
; sysmem_lite:sysmem|sysmem_HPS_fpga_interfaces:fpga_interfaces|f2sdram~FF_4813       ; No clock feeds this register's clock port. ;
; sysmem_lite:sysmem|sysmem_HPS_fpga_interfaces:fpga_interfaces|f2sdram~FF_4809       ; No clock feeds this register's clock port. ;
; sysmem_lite:sysmem|sysmem_HPS_fpga_interfaces:fpga_interfaces|f2sdram~FF_4812       ; No clock feeds this register's clock port. ;
; sysmem_lite:sysmem|sysmem_HPS_fpga_interfaces:fpga_interfaces|f2sdram~FF_4811       ; No clock feeds this register's clock port. ;
; sysmem_lite:sysmem|sysmem_HPS_fpga_interfaces:fpga_interfaces|f2sdram~FF_4804       ; No clock feeds this register's clock port. ;
; sysmem_lite:sysmem|sysmem_HPS_fpga_interfaces:fpga_interfaces|f2sdram~FF_4807       ; No clock feeds this register's clock port. ;
; sysmem_lite:sysmem|sysmem_HPS_fpga_interfaces:fpga_interfaces|f2sdram~FF_4806       ; No clock feeds this register's clock port. ;
; sysmem_lite:sysmem|sysmem_HPS_fpga_interfaces:fpga_interfaces|f2sdram~FF_4801       ; No clock feeds this register's clock port. ;
; sysmem_lite:sysmem|sysmem_HPS_fpga_interfaces:fpga_interfaces|f2sdram~FF_4802       ; No clock feeds this register's clock port. ;
; sysmem_lite:sysmem|sysmem_HPS_fpga_interfaces:fpga_interfaces|f2sdram~FF_4828       ; No clock feeds this register's clock port. ;
; sysmem_lite:sysmem|sysmem_HPS_fpga_interfaces:fpga_interfaces|f2sdram~FF_4830       ; No clock feeds this register's clock port. ;
; sysmem_lite:sysmem|sysmem_HPS_fpga_interfaces:fpga_interfaces|f2sdram~FF_4831       ; No clock feeds this register's clock port. ;
; sysmem_lite:sysmem|sysmem_HPS_fpga_interfaces:fpga_interfaces|f2sdram~FF_4826       ; No clock feeds this register's clock port. ;
; sysmem_lite:sysmem|sysmem_HPS_fpga_interfaces:fpga_interfaces|f2sdram~FF_4817       ; No clock feeds this register's clock port. ;
; sysmem_lite:sysmem|sysmem_HPS_fpga_interfaces:fpga_interfaces|f2sdram~FF_4820       ; No clock feeds this register's clock port. ;
; sysmem_lite:sysmem|sysmem_HPS_fpga_interfaces:fpga_interfaces|f2sdram~FF_4818       ; No clock feeds this register's clock port. ;
; sysmem_lite:sysmem|sysmem_HPS_fpga_interfaces:fpga_interfaces|f2sdram~FF_3360       ; No clock feeds this register's clock port. ;
; sysmem_lite:sysmem|sysmem_HPS_fpga_interfaces:fpga_interfaces|f2sdram~FF_3389       ; No clock feeds this register's clock port. ;
; sysmem_lite:sysmem|sysmem_HPS_fpga_interfaces:fpga_interfaces|f2sdram~FF_3391       ; No clock feeds this register's clock port. ;
; sysmem_lite:sysmem|sysmem_HPS_fpga_interfaces:fpga_interfaces|f2sdram~FF_3390       ; No clock feeds this register's clock port. ;
; sysmem_lite:sysmem|sysmem_HPS_fpga_interfaces:fpga_interfaces|f2sdram~FF_4385       ; No clock feeds this register's clock port. ;
; sysmem_lite:sysmem|sysmem_HPS_fpga_interfaces:fpga_interfaces|f2sdram~FF_257        ; No clock feeds this register's clock port. ;
; sysmem_lite:sysmem|sysmem_HPS_fpga_interfaces:fpga_interfaces|f2sdram~FF_256        ; No clock feeds this register's clock port. ;
; sysmem_lite:sysmem|sysmem_HPS_fpga_interfaces:fpga_interfaces|f2sdram~FF_259        ; No clock feeds this register's clock port. ;
; sysmem_lite:sysmem|sysmem_HPS_fpga_interfaces:fpga_interfaces|f2sdram~FF_258        ; No clock feeds this register's clock port. ;
; sysmem_lite:sysmem|sysmem_HPS_fpga_interfaces:fpga_interfaces|f2sdram~FF_261        ; No clock feeds this register's clock port. ;
; sysmem_lite:sysmem|sysmem_HPS_fpga_interfaces:fpga_interfaces|f2sdram~FF_3340       ; No clock feeds this register's clock port. ;
; sysmem_lite:sysmem|sysmem_HPS_fpga_interfaces:fpga_interfaces|f2sdram~FF_260        ; No clock feeds this register's clock port. ;
; sysmem_lite:sysmem|sysmem_HPS_fpga_interfaces:fpga_interfaces|f2sdram~FF_263        ; No clock feeds this register's clock port. ;
; sysmem_lite:sysmem|sysmem_HPS_fpga_interfaces:fpga_interfaces|f2sdram~FF_262        ; No clock feeds this register's clock port. ;
; sysmem_lite:sysmem|sysmem_HPS_fpga_interfaces:fpga_interfaces|f2sdram~FF_265        ; No clock feeds this register's clock port. ;
; sysmem_lite:sysmem|sysmem_HPS_fpga_interfaces:fpga_interfaces|f2sdram~FF_264        ; No clock feeds this register's clock port. ;
; sysmem_lite:sysmem|sysmem_HPS_fpga_interfaces:fpga_interfaces|f2sdram~FF_266        ; No clock feeds this register's clock port. ;
; sysmem_lite:sysmem|sysmem_HPS_fpga_interfaces:fpga_interfaces|f2sdram~FF_3333       ; No clock feeds this register's clock port. ;
; sysmem_lite:sysmem|sysmem_HPS_fpga_interfaces:fpga_interfaces|f2sdram~FF_3348       ; No clock feeds this register's clock port. ;
; sysmem_lite:sysmem|sysmem_HPS_fpga_interfaces:fpga_interfaces|f2sdram~FF_3349       ; No clock feeds this register's clock port. ;
; sysmem_lite:sysmem|sysmem_HPS_fpga_interfaces:fpga_interfaces|f2sdram~FF_3358       ; No clock feeds this register's clock port. ;
; sysmem_lite:sysmem|sysmem_HPS_fpga_interfaces:fpga_interfaces|f2sdram~FF_3357       ; No clock feeds this register's clock port. ;
; sysmem_lite:sysmem|sysmem_HPS_fpga_interfaces:fpga_interfaces|f2sdram~FF_3453       ; No clock feeds this register's clock port. ;
; sysmem_lite:sysmem|sysmem_HPS_fpga_interfaces:fpga_interfaces|f2sdram~FF_3448       ; No clock feeds this register's clock port. ;
; sysmem_lite:sysmem|sysmem_HPS_fpga_interfaces:fpga_interfaces|f2sdram~FF_3396       ; No clock feeds this register's clock port. ;
; sysmem_lite:sysmem|sysmem_HPS_fpga_interfaces:fpga_interfaces|f2sdram~FF_3393       ; No clock feeds this register's clock port. ;
; sysmem_lite:sysmem|sysmem_HPS_fpga_interfaces:fpga_interfaces|f2sdram~FF_3392       ; No clock feeds this register's clock port. ;
; sysmem_lite:sysmem|sysmem_HPS_fpga_interfaces:fpga_interfaces|f2sdram~FF_3395       ; No clock feeds this register's clock port. ;
; sysmem_lite:sysmem|sysmem_HPS_fpga_interfaces:fpga_interfaces|f2sdram~FF_3394       ; No clock feeds this register's clock port. ;
; sysmem_lite:sysmem|sysmem_HPS_fpga_interfaces:fpga_interfaces|f2sdram~FF_3500       ; No clock feeds this register's clock port. ;
; sysmem_lite:sysmem|sysmem_HPS_fpga_interfaces:fpga_interfaces|f2sdram~FF_3501       ; No clock feeds this register's clock port. ;
; sysmem_lite:sysmem|sysmem_HPS_fpga_interfaces:fpga_interfaces|f2sdram~FF_3497       ; No clock feeds this register's clock port. ;
; sysmem_lite:sysmem|sysmem_HPS_fpga_interfaces:fpga_interfaces|f2sdram~FF_3499       ; No clock feeds this register's clock port. ;
; sysmem_lite:sysmem|sysmem_HPS_fpga_interfaces:fpga_interfaces|f2sdram~FF_3492       ; No clock feeds this register's clock port. ;
; sysmem_lite:sysmem|sysmem_HPS_fpga_interfaces:fpga_interfaces|f2sdram~FF_3494       ; No clock feeds this register's clock port. ;
; sysmem_lite:sysmem|sysmem_HPS_fpga_interfaces:fpga_interfaces|f2sdram~FF_3495       ; No clock feeds this register's clock port. ;
; sysmem_lite:sysmem|sysmem_HPS_fpga_interfaces:fpga_interfaces|f2sdram~FF_3490       ; No clock feeds this register's clock port. ;
; sysmem_lite:sysmem|sysmem_HPS_fpga_interfaces:fpga_interfaces|f2sdram~FF_3511       ; No clock feeds this register's clock port. ;
; sysmem_lite:sysmem|sysmem_HPS_fpga_interfaces:fpga_interfaces|f2sdram~FF_3469       ; No clock feeds this register's clock port. ;
; sysmem_lite:sysmem|sysmem_HPS_fpga_interfaces:fpga_interfaces|f2sdram~FF_3468       ; No clock feeds this register's clock port. ;
; sysmem_lite:sysmem|sysmem_HPS_fpga_interfaces:fpga_interfaces|f2sdram~FF_3471       ; No clock feeds this register's clock port. ;
; sysmem_lite:sysmem|sysmem_HPS_fpga_interfaces:fpga_interfaces|f2sdram~FF_3470       ; No clock feeds this register's clock port. ;
; sysmem_lite:sysmem|sysmem_HPS_fpga_interfaces:fpga_interfaces|f2sdram~FF_3467       ; No clock feeds this register's clock port. ;
; sysmem_lite:sysmem|sysmem_HPS_fpga_interfaces:fpga_interfaces|f2sdram~FF_3484       ; No clock feeds this register's clock port. ;
; sysmem_lite:sysmem|sysmem_HPS_fpga_interfaces:fpga_interfaces|f2sdram~FF_3485       ; No clock feeds this register's clock port. ;
; sysmem_lite:sysmem|sysmem_HPS_fpga_interfaces:fpga_interfaces|f2sdram~FF_3486       ; No clock feeds this register's clock port. ;
; sysmem_lite:sysmem|sysmem_HPS_fpga_interfaces:fpga_interfaces|f2sdram~FF_3481       ; No clock feeds this register's clock port. ;
; sysmem_lite:sysmem|sysmem_HPS_fpga_interfaces:fpga_interfaces|f2sdram~FF_3483       ; No clock feeds this register's clock port. ;
; sysmem_lite:sysmem|sysmem_HPS_fpga_interfaces:fpga_interfaces|f2sdram~FF_3477       ; No clock feeds this register's clock port. ;
; sysmem_lite:sysmem|sysmem_HPS_fpga_interfaces:fpga_interfaces|f2sdram~FF_3476       ; No clock feeds this register's clock port. ;
; sysmem_lite:sysmem|sysmem_HPS_fpga_interfaces:fpga_interfaces|f2sdram~FF_3478       ; No clock feeds this register's clock port. ;
; sysmem_lite:sysmem|sysmem_HPS_fpga_interfaces:fpga_interfaces|f2sdram~FF_3479       ; No clock feeds this register's clock port. ;
; sysmem_lite:sysmem|sysmem_HPS_fpga_interfaces:fpga_interfaces|f2sdram~FF_3472       ; No clock feeds this register's clock port. ;
; sysmem_lite:sysmem|sysmem_HPS_fpga_interfaces:fpga_interfaces|f2sdram~FF_3475       ; No clock feeds this register's clock port. ;
; sysmem_lite:sysmem|sysmem_HPS_fpga_interfaces:fpga_interfaces|f2sdram~FF_3562       ; No clock feeds this register's clock port. ;
; sysmem_lite:sysmem|sysmem_HPS_fpga_interfaces:fpga_interfaces|f2sdram~FF_3552       ; No clock feeds this register's clock port. ;
; sysmem_lite:sysmem|sysmem_HPS_fpga_interfaces:fpga_interfaces|f2sdram~FF_3582       ; No clock feeds this register's clock port. ;
; sysmem_lite:sysmem|sysmem_HPS_fpga_interfaces:fpga_interfaces|f2sdram~FF_3572       ; No clock feeds this register's clock port. ;
; sysmem_lite:sysmem|sysmem_HPS_fpga_interfaces:fpga_interfaces|f2sdram~FF_3532       ; No clock feeds this register's clock port. ;
; sysmem_lite:sysmem|sysmem_HPS_fpga_interfaces:fpga_interfaces|f2sdram~FF_3528       ; No clock feeds this register's clock port. ;
; sysmem_lite:sysmem|sysmem_HPS_fpga_interfaces:fpga_interfaces|f2sdram~FF_3530       ; No clock feeds this register's clock port. ;
; sysmem_lite:sysmem|sysmem_HPS_fpga_interfaces:fpga_interfaces|f2sdram~FF_3524       ; No clock feeds this register's clock port. ;
; sysmem_lite:sysmem|sysmem_HPS_fpga_interfaces:fpga_interfaces|f2sdram~FF_3526       ; No clock feeds this register's clock port. ;
; sysmem_lite:sysmem|sysmem_HPS_fpga_interfaces:fpga_interfaces|f2sdram~FF_3521       ; No clock feeds this register's clock port. ;
; sysmem_lite:sysmem|sysmem_HPS_fpga_interfaces:fpga_interfaces|f2sdram~FF_3522       ; No clock feeds this register's clock port. ;
; sysmem_lite:sysmem|sysmem_HPS_fpga_interfaces:fpga_interfaces|f2sdram~FF_3542       ; No clock feeds this register's clock port. ;
; sysmem_lite:sysmem|sysmem_HPS_fpga_interfaces:fpga_interfaces|f2sdram~FF_175        ; No clock feeds this register's clock port. ;
; sysmem_lite:sysmem|sysmem_HPS_fpga_interfaces:fpga_interfaces|f2sdram~FF_188        ; No clock feeds this register's clock port. ;
; sysmem_lite:sysmem|sysmem_HPS_fpga_interfaces:fpga_interfaces|f2sdram~FF_189        ; No clock feeds this register's clock port. ;
; sysmem_lite:sysmem|sysmem_HPS_fpga_interfaces:fpga_interfaces|f2sdram~FF_190        ; No clock feeds this register's clock port. ;
; sysmem_lite:sysmem|sysmem_HPS_fpga_interfaces:fpga_interfaces|f2sdram~FF_191        ; No clock feeds this register's clock port. ;
; sysmem_lite:sysmem|sysmem_HPS_fpga_interfaces:fpga_interfaces|f2sdram~FF_184        ; No clock feeds this register's clock port. ;
; sysmem_lite:sysmem|sysmem_HPS_fpga_interfaces:fpga_interfaces|f2sdram~FF_185        ; No clock feeds this register's clock port. ;
; sysmem_lite:sysmem|sysmem_HPS_fpga_interfaces:fpga_interfaces|f2sdram~FF_186        ; No clock feeds this register's clock port. ;
; sysmem_lite:sysmem|sysmem_HPS_fpga_interfaces:fpga_interfaces|f2sdram~FF_187        ; No clock feeds this register's clock port. ;
; sysmem_lite:sysmem|sysmem_HPS_fpga_interfaces:fpga_interfaces|f2sdram~FF_180        ; No clock feeds this register's clock port. ;
; sysmem_lite:sysmem|sysmem_HPS_fpga_interfaces:fpga_interfaces|f2sdram~FF_181        ; No clock feeds this register's clock port. ;
; sysmem_lite:sysmem|sysmem_HPS_fpga_interfaces:fpga_interfaces|f2sdram~FF_182        ; No clock feeds this register's clock port. ;
; sysmem_lite:sysmem|sysmem_HPS_fpga_interfaces:fpga_interfaces|f2sdram~FF_183        ; No clock feeds this register's clock port. ;
; sysmem_lite:sysmem|sysmem_HPS_fpga_interfaces:fpga_interfaces|f2sdram~FF_176        ; No clock feeds this register's clock port. ;
; sysmem_lite:sysmem|sysmem_HPS_fpga_interfaces:fpga_interfaces|f2sdram~FF_177        ; No clock feeds this register's clock port. ;
; sysmem_lite:sysmem|sysmem_HPS_fpga_interfaces:fpga_interfaces|f2sdram~FF_178        ; No clock feeds this register's clock port. ;
; sysmem_lite:sysmem|sysmem_HPS_fpga_interfaces:fpga_interfaces|f2sdram~FF_179        ; No clock feeds this register's clock port. ;
; sysmem_lite:sysmem|sysmem_HPS_fpga_interfaces:fpga_interfaces|f2sdram~FF_239        ; No clock feeds this register's clock port. ;
; sysmem_lite:sysmem|sysmem_HPS_fpga_interfaces:fpga_interfaces|f2sdram~FF_241        ; No clock feeds this register's clock port. ;
; sysmem_lite:sysmem|sysmem_HPS_fpga_interfaces:fpga_interfaces|f2sdram~FF_240        ; No clock feeds this register's clock port. ;
; sysmem_lite:sysmem|sysmem_HPS_fpga_interfaces:fpga_interfaces|f2sdram~FF_243        ; No clock feeds this register's clock port. ;
; sysmem_lite:sysmem|sysmem_HPS_fpga_interfaces:fpga_interfaces|f2sdram~FF_242        ; No clock feeds this register's clock port. ;
; sysmem_lite:sysmem|sysmem_HPS_fpga_interfaces:fpga_interfaces|f2sdram~FF_245        ; No clock feeds this register's clock port. ;
; sysmem_lite:sysmem|sysmem_HPS_fpga_interfaces:fpga_interfaces|f2sdram~FF_244        ; No clock feeds this register's clock port. ;
; sysmem_lite:sysmem|sysmem_HPS_fpga_interfaces:fpga_interfaces|f2sdram~FF_247        ; No clock feeds this register's clock port. ;
; sysmem_lite:sysmem|sysmem_HPS_fpga_interfaces:fpga_interfaces|f2sdram~FF_246        ; No clock feeds this register's clock port. ;
; sysmem_lite:sysmem|sysmem_HPS_fpga_interfaces:fpga_interfaces|f2sdram~FF_249        ; No clock feeds this register's clock port. ;
; sysmem_lite:sysmem|sysmem_HPS_fpga_interfaces:fpga_interfaces|f2sdram~FF_248        ; No clock feeds this register's clock port. ;
; sysmem_lite:sysmem|sysmem_HPS_fpga_interfaces:fpga_interfaces|f2sdram~FF_251        ; No clock feeds this register's clock port. ;
; sysmem_lite:sysmem|sysmem_HPS_fpga_interfaces:fpga_interfaces|f2sdram~FF_250        ; No clock feeds this register's clock port. ;
; sysmem_lite:sysmem|sysmem_HPS_fpga_interfaces:fpga_interfaces|f2sdram~FF_3325       ; No clock feeds this register's clock port. ;
; sysmem_lite:sysmem|sysmem_HPS_fpga_interfaces:fpga_interfaces|f2sdram~FF_3326       ; No clock feeds this register's clock port. ;
; sysmem_lite:sysmem|sysmem_HPS_fpga_interfaces:fpga_interfaces|f2sdram~FF_253        ; No clock feeds this register's clock port. ;
; sysmem_lite:sysmem|sysmem_HPS_fpga_interfaces:fpga_interfaces|f2sdram~FF_252        ; No clock feeds this register's clock port. ;
; sysmem_lite:sysmem|sysmem_HPS_fpga_interfaces:fpga_interfaces|f2sdram~FF_255        ; No clock feeds this register's clock port. ;
; sysmem_lite:sysmem|sysmem_HPS_fpga_interfaces:fpga_interfaces|f2sdram~FF_254        ; No clock feeds this register's clock port. ;
; sysmem_lite:sysmem|sysmem_HPS_fpga_interfaces:fpga_interfaces|f2sdram~FF_204        ; No clock feeds this register's clock port. ;
; sysmem_lite:sysmem|sysmem_HPS_fpga_interfaces:fpga_interfaces|f2sdram~FF_205        ; No clock feeds this register's clock port. ;
; sysmem_lite:sysmem|sysmem_HPS_fpga_interfaces:fpga_interfaces|f2sdram~FF_206        ; No clock feeds this register's clock port. ;
; sysmem_lite:sysmem|sysmem_HPS_fpga_interfaces:fpga_interfaces|f2sdram~FF_200        ; No clock feeds this register's clock port. ;
; sysmem_lite:sysmem|sysmem_HPS_fpga_interfaces:fpga_interfaces|f2sdram~FF_201        ; No clock feeds this register's clock port. ;
; sysmem_lite:sysmem|sysmem_HPS_fpga_interfaces:fpga_interfaces|f2sdram~FF_202        ; No clock feeds this register's clock port. ;
; sysmem_lite:sysmem|sysmem_HPS_fpga_interfaces:fpga_interfaces|f2sdram~FF_203        ; No clock feeds this register's clock port. ;
; sysmem_lite:sysmem|sysmem_HPS_fpga_interfaces:fpga_interfaces|f2sdram~FF_196        ; No clock feeds this register's clock port. ;
; sysmem_lite:sysmem|sysmem_HPS_fpga_interfaces:fpga_interfaces|f2sdram~FF_197        ; No clock feeds this register's clock port. ;
; sysmem_lite:sysmem|sysmem_HPS_fpga_interfaces:fpga_interfaces|f2sdram~FF_198        ; No clock feeds this register's clock port. ;
; sysmem_lite:sysmem|sysmem_HPS_fpga_interfaces:fpga_interfaces|f2sdram~FF_199        ; No clock feeds this register's clock port. ;
; sysmem_lite:sysmem|sysmem_HPS_fpga_interfaces:fpga_interfaces|f2sdram~FF_192        ; No clock feeds this register's clock port. ;
; sysmem_lite:sysmem|sysmem_HPS_fpga_interfaces:fpga_interfaces|f2sdram~FF_193        ; No clock feeds this register's clock port. ;
; sysmem_lite:sysmem|sysmem_HPS_fpga_interfaces:fpga_interfaces|f2sdram~FF_194        ; No clock feeds this register's clock port. ;
; sysmem_lite:sysmem|sysmem_HPS_fpga_interfaces:fpga_interfaces|f2sdram~FF_195        ; No clock feeds this register's clock port. ;
; sysmem_lite:sysmem|sysmem_HPS_fpga_interfaces:fpga_interfaces|f2sdram~FF_3901       ; No clock feeds this register's clock port. ;
; sysmem_lite:sysmem|sysmem_HPS_fpga_interfaces:fpga_interfaces|f2sdram~FF_3896       ; No clock feeds this register's clock port. ;
; sysmem_lite:sysmem|sysmem_HPS_fpga_interfaces:fpga_interfaces|f2sdram~FF_3899       ; No clock feeds this register's clock port. ;
; sysmem_lite:sysmem|sysmem_HPS_fpga_interfaces:fpga_interfaces|f2sdram~FF_3893       ; No clock feeds this register's clock port. ;
; sysmem_lite:sysmem|sysmem_HPS_fpga_interfaces:fpga_interfaces|f2sdram~FF_3892       ; No clock feeds this register's clock port. ;
; sysmem_lite:sysmem|sysmem_HPS_fpga_interfaces:fpga_interfaces|f2sdram~FF_3895       ; No clock feeds this register's clock port. ;
; sysmem_lite:sysmem|sysmem_HPS_fpga_interfaces:fpga_interfaces|f2sdram~FF_3894       ; No clock feeds this register's clock port. ;
; sysmem_lite:sysmem|sysmem_HPS_fpga_interfaces:fpga_interfaces|f2sdram~FF_3891       ; No clock feeds this register's clock port. ;
; sysmem_lite:sysmem|sysmem_HPS_fpga_interfaces:fpga_interfaces|f2sdram~FF_3865       ; No clock feeds this register's clock port. ;
; sysmem_lite:sysmem|sysmem_HPS_fpga_interfaces:fpga_interfaces|f2sdram~FF_3867       ; No clock feeds this register's clock port. ;
; sysmem_lite:sysmem|sysmem_HPS_fpga_interfaces:fpga_interfaces|f2sdram~FF_3921       ; No clock feeds this register's clock port. ;
; sysmem_lite:sysmem|sysmem_HPS_fpga_interfaces:fpga_interfaces|f2sdram~FF_3949       ; No clock feeds this register's clock port. ;
; sysmem_lite:sysmem|sysmem_HPS_fpga_interfaces:fpga_interfaces|f2sdram~FF_3950       ; No clock feeds this register's clock port. ;
; sysmem_lite:sysmem|sysmem_HPS_fpga_interfaces:fpga_interfaces|f2sdram~FF_3925       ; No clock feeds this register's clock port. ;
; sysmem_lite:sysmem|sysmem_HPS_fpga_interfaces:fpga_interfaces|f2sdram~FF_3944       ; No clock feeds this register's clock port. ;
; sysmem_lite:sysmem|sysmem_HPS_fpga_interfaces:fpga_interfaces|f2sdram~FF_3946       ; No clock feeds this register's clock port. ;
; sysmem_lite:sysmem|sysmem_HPS_fpga_interfaces:fpga_interfaces|f2sdram~FF_3947       ; No clock feeds this register's clock port. ;
; sysmem_lite:sysmem|sysmem_HPS_fpga_interfaces:fpga_interfaces|f2sdram~FF_3940       ; No clock feeds this register's clock port. ;
; sysmem_lite:sysmem|sysmem_HPS_fpga_interfaces:fpga_interfaces|f2sdram~FF_3941       ; No clock feeds this register's clock port. ;
; sysmem_lite:sysmem|sysmem_HPS_fpga_interfaces:fpga_interfaces|f2sdram~FF_3942       ; No clock feeds this register's clock port. ;
; sysmem_lite:sysmem|sysmem_HPS_fpga_interfaces:fpga_interfaces|f2sdram~FF_3943       ; No clock feeds this register's clock port. ;
; sysmem_lite:sysmem|sysmem_HPS_fpga_interfaces:fpga_interfaces|f2sdram~FF_4368       ; No clock feeds this register's clock port. ;
; sysmem_lite:sysmem|sysmem_HPS_fpga_interfaces:fpga_interfaces|f2sdram~FF_3933       ; No clock feeds this register's clock port. ;
; sysmem_lite:sysmem|sysmem_HPS_fpga_interfaces:fpga_interfaces|f2sdram~FF_3939       ; No clock feeds this register's clock port. ;
; sysmem_lite:sysmem|sysmem_HPS_fpga_interfaces:fpga_interfaces|f2sdram~FF_3967       ; No clock feeds this register's clock port. ;
; sysmem_lite:sysmem|sysmem_HPS_fpga_interfaces:fpga_interfaces|f2sdram~FF_3957       ; No clock feeds this register's clock port. ;
; sysmem_lite:sysmem|sysmem_HPS_fpga_interfaces:fpga_interfaces|f2sdram~FF_3958       ; No clock feeds this register's clock port. ;
; sysmem_lite:sysmem|sysmem_HPS_fpga_interfaces:fpga_interfaces|f2sdram~FF_3917       ; No clock feeds this register's clock port. ;
; sysmem_lite:sysmem|sysmem_HPS_fpga_interfaces:fpga_interfaces|f2sdram~FF_3953       ; No clock feeds this register's clock port. ;
; sysmem_lite:sysmem|sysmem_HPS_fpga_interfaces:fpga_interfaces|f2sdram~FF_3954       ; No clock feeds this register's clock port. ;
; sysmem_lite:sysmem|sysmem_HPS_fpga_interfaces:fpga_interfaces|f2sdram~FF_3952       ; No clock feeds this register's clock port. ;
; sysmem_lite:sysmem|sysmem_HPS_fpga_interfaces:fpga_interfaces|f2sdram~FF_3918       ; No clock feeds this register's clock port. ;
; sysmem_lite:sysmem|sysmem_HPS_fpga_interfaces:fpga_interfaces|f2sdram~FF_3919       ; No clock feeds this register's clock port. ;
; sysmem_lite:sysmem|sysmem_HPS_fpga_interfaces:fpga_interfaces|f2sdram~FF_3912       ; No clock feeds this register's clock port. ;
; sysmem_lite:sysmem|sysmem_HPS_fpga_interfaces:fpga_interfaces|f2sdram~FF_3956       ; No clock feeds this register's clock port. ;
; sysmem_lite:sysmem|sysmem_HPS_fpga_interfaces:fpga_interfaces|f2sdram~FF_3913       ; No clock feeds this register's clock port. ;
; sysmem_lite:sysmem|sysmem_HPS_fpga_interfaces:fpga_interfaces|f2sdram~FF_3914       ; No clock feeds this register's clock port. ;
; sysmem_lite:sysmem|sysmem_HPS_fpga_interfaces:fpga_interfaces|f2sdram~FF_3915       ; No clock feeds this register's clock port. ;
; sysmem_lite:sysmem|sysmem_HPS_fpga_interfaces:fpga_interfaces|f2sdram~FF_3908       ; No clock feeds this register's clock port. ;
; sysmem_lite:sysmem|sysmem_HPS_fpga_interfaces:fpga_interfaces|f2sdram~FF_3909       ; No clock feeds this register's clock port. ;
; sysmem_lite:sysmem|sysmem_HPS_fpga_interfaces:fpga_interfaces|f2sdram~FF_3910       ; No clock feeds this register's clock port. ;
; sysmem_lite:sysmem|sysmem_HPS_fpga_interfaces:fpga_interfaces|f2sdram~FF_3905       ; No clock feeds this register's clock port. ;
; sysmem_lite:sysmem|sysmem_HPS_fpga_interfaces:fpga_interfaces|f2sdram~FF_3904       ; No clock feeds this register's clock port. ;
; sysmem_lite:sysmem|sysmem_HPS_fpga_interfaces:fpga_interfaces|f2sdram~FF_3906       ; No clock feeds this register's clock port. ;
; sysmem_lite:sysmem|sysmem_HPS_fpga_interfaces:fpga_interfaces|f2sdram~FF_3907       ; No clock feeds this register's clock port. ;
; sysmem_lite:sysmem|sysmem_HPS_fpga_interfaces:fpga_interfaces|f2sdram~FF_3938       ; No clock feeds this register's clock port. ;
; sysmem_lite:sysmem|sysmem_HPS_fpga_interfaces:fpga_interfaces|f2sdram~FF_3934       ; No clock feeds this register's clock port. ;
; sysmem_lite:sysmem|sysmem_HPS_fpga_interfaces:fpga_interfaces|f2sdram~FF_3935       ; No clock feeds this register's clock port. ;
; sysmem_lite:sysmem|sysmem_HPS_fpga_interfaces:fpga_interfaces|f2sdram~FF_3928       ; No clock feeds this register's clock port. ;
; sysmem_lite:sysmem|sysmem_HPS_fpga_interfaces:fpga_interfaces|f2sdram~FF_3930       ; No clock feeds this register's clock port. ;
; sysmem_lite:sysmem|sysmem_HPS_fpga_interfaces:fpga_interfaces|f2sdram~FF_3926       ; No clock feeds this register's clock port. ;
; sysmem_lite:sysmem|sysmem_HPS_fpga_interfaces:fpga_interfaces|f2sdram~FF_3927       ; No clock feeds this register's clock port. ;
; sysmem_lite:sysmem|sysmem_HPS_fpga_interfaces:fpga_interfaces|f2sdram~FF_3922       ; No clock feeds this register's clock port. ;
; sysmem_lite:sysmem|sysmem_HPS_fpga_interfaces:fpga_interfaces|f2sdram~FF_3923       ; No clock feeds this register's clock port. ;
; sysmem_lite:sysmem|sysmem_HPS_fpga_interfaces:fpga_interfaces|f2sdram~FF_4007       ; No clock feeds this register's clock port. ;
; sysmem_lite:sysmem|sysmem_HPS_fpga_interfaces:fpga_interfaces|f2sdram~FF_4000       ; No clock feeds this register's clock port. ;
; sysmem_lite:sysmem|sysmem_HPS_fpga_interfaces:fpga_interfaces|f2sdram~FF_3969       ; No clock feeds this register's clock port. ;
; sysmem_lite:sysmem|sysmem_HPS_fpga_interfaces:fpga_interfaces|f2sdram~FF_4025       ; No clock feeds this register's clock port. ;
; sysmem_lite:sysmem|sysmem_HPS_fpga_interfaces:fpga_interfaces|f2sdram~FF_4016       ; No clock feeds this register's clock port. ;
; sysmem_lite:sysmem|sysmem_HPS_fpga_interfaces:fpga_interfaces|f2sdram~FF_3976       ; No clock feeds this register's clock port. ;
; sysmem_lite:sysmem|sysmem_HPS_fpga_interfaces:fpga_interfaces|f2sdram~FF_3977       ; No clock feeds this register's clock port. ;
; sysmem_lite:sysmem|sysmem_HPS_fpga_interfaces:fpga_interfaces|f2sdram~FF_3991       ; No clock feeds this register's clock port. ;
; sysmem_lite:sysmem|sysmem_HPS_fpga_interfaces:fpga_interfaces|f2sdram~FF_3973       ; No clock feeds this register's clock port. ;
; sysmem_lite:sysmem|sysmem_HPS_fpga_interfaces:fpga_interfaces|f2sdram~FF_3974       ; No clock feeds this register's clock port. ;
; sysmem_lite:sysmem|sysmem_HPS_fpga_interfaces:fpga_interfaces|f2sdram~FF_3970       ; No clock feeds this register's clock port. ;
; sysmem_lite:sysmem|sysmem_HPS_fpga_interfaces:fpga_interfaces|f2sdram~FF_3971       ; No clock feeds this register's clock port. ;
; sysmem_lite:sysmem|sysmem_HPS_fpga_interfaces:fpga_interfaces|f2sdram~FF_3998       ; No clock feeds this register's clock port. ;
; sysmem_lite:sysmem|sysmem_HPS_fpga_interfaces:fpga_interfaces|f2sdram~FF_3989       ; No clock feeds this register's clock port. ;
; sysmem_lite:sysmem|sysmem_HPS_fpga_interfaces:fpga_interfaces|f2sdram~FF_3980       ; No clock feeds this register's clock port. ;
; sysmem_lite:sysmem|sysmem_HPS_fpga_interfaces:fpga_interfaces|f2sdram~FF_3987       ; No clock feeds this register's clock port. ;
; sysmem_lite:sysmem|sysmem_HPS_fpga_interfaces:fpga_interfaces|f2sdram~FF_4076       ; No clock feeds this register's clock port. ;
; sysmem_lite:sysmem|sysmem_HPS_fpga_interfaces:fpga_interfaces|f2sdram~FF_4077       ; No clock feeds this register's clock port. ;
; sysmem_lite:sysmem|sysmem_HPS_fpga_interfaces:fpga_interfaces|f2sdram~FF_4078       ; No clock feeds this register's clock port. ;
; sysmem_lite:sysmem|sysmem_HPS_fpga_interfaces:fpga_interfaces|f2sdram~FF_4079       ; No clock feeds this register's clock port. ;
; sysmem_lite:sysmem|sysmem_HPS_fpga_interfaces:fpga_interfaces|f2sdram~FF_4072       ; No clock feeds this register's clock port. ;
; sysmem_lite:sysmem|sysmem_HPS_fpga_interfaces:fpga_interfaces|f2sdram~FF_4073       ; No clock feeds this register's clock port. ;
; sysmem_lite:sysmem|sysmem_HPS_fpga_interfaces:fpga_interfaces|f2sdram~FF_4074       ; No clock feeds this register's clock port. ;
; sysmem_lite:sysmem|sysmem_HPS_fpga_interfaces:fpga_interfaces|f2sdram~FF_4075       ; No clock feeds this register's clock port. ;
; sysmem_lite:sysmem|sysmem_HPS_fpga_interfaces:fpga_interfaces|f2sdram~FF_4068       ; No clock feeds this register's clock port. ;
; sysmem_lite:sysmem|sysmem_HPS_fpga_interfaces:fpga_interfaces|f2sdram~FF_4069       ; No clock feeds this register's clock port. ;
; sysmem_lite:sysmem|sysmem_HPS_fpga_interfaces:fpga_interfaces|f2sdram~FF_4070       ; No clock feeds this register's clock port. ;
; sysmem_lite:sysmem|sysmem_HPS_fpga_interfaces:fpga_interfaces|f2sdram~FF_4071       ; No clock feeds this register's clock port. ;
; sysmem_lite:sysmem|sysmem_HPS_fpga_interfaces:fpga_interfaces|f2sdram~FF_4064       ; No clock feeds this register's clock port. ;
; sysmem_lite:sysmem|sysmem_HPS_fpga_interfaces:fpga_interfaces|f2sdram~FF_4065       ; No clock feeds this register's clock port. ;
; sysmem_lite:sysmem|sysmem_HPS_fpga_interfaces:fpga_interfaces|f2sdram~FF_4066       ; No clock feeds this register's clock port. ;
; sysmem_lite:sysmem|sysmem_HPS_fpga_interfaces:fpga_interfaces|f2sdram~FF_4067       ; No clock feeds this register's clock port. ;
; sysmem_lite:sysmem|sysmem_HPS_fpga_interfaces:fpga_interfaces|f2sdram~FF_4092       ; No clock feeds this register's clock port. ;
; sysmem_lite:sysmem|sysmem_HPS_fpga_interfaces:fpga_interfaces|f2sdram~FF_4093       ; No clock feeds this register's clock port. ;
; sysmem_lite:sysmem|sysmem_HPS_fpga_interfaces:fpga_interfaces|f2sdram~FF_4094       ; No clock feeds this register's clock port. ;
; sysmem_lite:sysmem|sysmem_HPS_fpga_interfaces:fpga_interfaces|f2sdram~FF_4095       ; No clock feeds this register's clock port. ;
; sysmem_lite:sysmem|sysmem_HPS_fpga_interfaces:fpga_interfaces|f2sdram~FF_4088       ; No clock feeds this register's clock port. ;
; sysmem_lite:sysmem|sysmem_HPS_fpga_interfaces:fpga_interfaces|f2sdram~FF_4089       ; No clock feeds this register's clock port. ;
; sysmem_lite:sysmem|sysmem_HPS_fpga_interfaces:fpga_interfaces|f2sdram~FF_4090       ; No clock feeds this register's clock port. ;
; sysmem_lite:sysmem|sysmem_HPS_fpga_interfaces:fpga_interfaces|f2sdram~FF_4091       ; No clock feeds this register's clock port. ;
; sysmem_lite:sysmem|sysmem_HPS_fpga_interfaces:fpga_interfaces|f2sdram~FF_4084       ; No clock feeds this register's clock port. ;
; sysmem_lite:sysmem|sysmem_HPS_fpga_interfaces:fpga_interfaces|f2sdram~FF_4085       ; No clock feeds this register's clock port. ;
; sysmem_lite:sysmem|sysmem_HPS_fpga_interfaces:fpga_interfaces|f2sdram~FF_4086       ; No clock feeds this register's clock port. ;
; sysmem_lite:sysmem|sysmem_HPS_fpga_interfaces:fpga_interfaces|f2sdram~FF_4087       ; No clock feeds this register's clock port. ;
; sysmem_lite:sysmem|sysmem_HPS_fpga_interfaces:fpga_interfaces|f2sdram~FF_4080       ; No clock feeds this register's clock port. ;
; sysmem_lite:sysmem|sysmem_HPS_fpga_interfaces:fpga_interfaces|f2sdram~FF_4081       ; No clock feeds this register's clock port. ;
; sysmem_lite:sysmem|sysmem_HPS_fpga_interfaces:fpga_interfaces|f2sdram~FF_4082       ; No clock feeds this register's clock port. ;
; sysmem_lite:sysmem|sysmem_HPS_fpga_interfaces:fpga_interfaces|f2sdram~FF_4044       ; No clock feeds this register's clock port. ;
; sysmem_lite:sysmem|sysmem_HPS_fpga_interfaces:fpga_interfaces|f2sdram~FF_4046       ; No clock feeds this register's clock port. ;
; sysmem_lite:sysmem|sysmem_HPS_fpga_interfaces:fpga_interfaces|f2sdram~FF_4063       ; No clock feeds this register's clock port. ;
; sysmem_lite:sysmem|sysmem_HPS_fpga_interfaces:fpga_interfaces|f2sdram~FF_4034       ; No clock feeds this register's clock port. ;
; sysmem_lite:sysmem|sysmem_HPS_fpga_interfaces:fpga_interfaces|f2sdram~FF_4037       ; No clock feeds this register's clock port. ;
; sysmem_lite:sysmem|sysmem_HPS_fpga_interfaces:fpga_interfaces|f2sdram~FF_4052       ; No clock feeds this register's clock port. ;
; sysmem_lite:sysmem|sysmem_HPS_fpga_interfaces:fpga_interfaces|f2sdram~FF_4043       ; No clock feeds this register's clock port. ;
; sysmem_lite:sysmem|sysmem_HPS_fpga_interfaces:fpga_interfaces|f2sdram~FF_4055       ; No clock feeds this register's clock port. ;
; sysmem_lite:sysmem|sysmem_HPS_fpga_interfaces:fpga_interfaces|f2sdram~FF_4049       ; No clock feeds this register's clock port. ;
; sysmem_lite:sysmem|sysmem_HPS_fpga_interfaces:fpga_interfaces|f2sdram~FF_3628       ; No clock feeds this register's clock port. ;
; sysmem_lite:sysmem|sysmem_HPS_fpga_interfaces:fpga_interfaces|f2sdram~FF_3629       ; No clock feeds this register's clock port. ;
; sysmem_lite:sysmem|sysmem_HPS_fpga_interfaces:fpga_interfaces|f2sdram~FF_3630       ; No clock feeds this register's clock port. ;
; sysmem_lite:sysmem|sysmem_HPS_fpga_interfaces:fpga_interfaces|f2sdram~FF_3631       ; No clock feeds this register's clock port. ;
; sysmem_lite:sysmem|sysmem_HPS_fpga_interfaces:fpga_interfaces|f2sdram~FF_3624       ; No clock feeds this register's clock port. ;
; sysmem_lite:sysmem|sysmem_HPS_fpga_interfaces:fpga_interfaces|f2sdram~FF_3625       ; No clock feeds this register's clock port. ;
; sysmem_lite:sysmem|sysmem_HPS_fpga_interfaces:fpga_interfaces|f2sdram~FF_3626       ; No clock feeds this register's clock port. ;
; sysmem_lite:sysmem|sysmem_HPS_fpga_interfaces:fpga_interfaces|f2sdram~FF_3627       ; No clock feeds this register's clock port. ;
; sysmem_lite:sysmem|sysmem_HPS_fpga_interfaces:fpga_interfaces|f2sdram~FF_3620       ; No clock feeds this register's clock port. ;
; sysmem_lite:sysmem|sysmem_HPS_fpga_interfaces:fpga_interfaces|f2sdram~FF_3621       ; No clock feeds this register's clock port. ;
; sysmem_lite:sysmem|sysmem_HPS_fpga_interfaces:fpga_interfaces|f2sdram~FF_3622       ; No clock feeds this register's clock port. ;
; sysmem_lite:sysmem|sysmem_HPS_fpga_interfaces:fpga_interfaces|f2sdram~FF_3623       ; No clock feeds this register's clock port. ;
; sysmem_lite:sysmem|sysmem_HPS_fpga_interfaces:fpga_interfaces|f2sdram~FF_3616       ; No clock feeds this register's clock port. ;
; sysmem_lite:sysmem|sysmem_HPS_fpga_interfaces:fpga_interfaces|f2sdram~FF_3617       ; No clock feeds this register's clock port. ;
; sysmem_lite:sysmem|sysmem_HPS_fpga_interfaces:fpga_interfaces|f2sdram~FF_3618       ; No clock feeds this register's clock port. ;
; sysmem_lite:sysmem|sysmem_HPS_fpga_interfaces:fpga_interfaces|f2sdram~FF_3619       ; No clock feeds this register's clock port. ;
; sysmem_lite:sysmem|sysmem_HPS_fpga_interfaces:fpga_interfaces|f2sdram~FF_3645       ; No clock feeds this register's clock port. ;
; sysmem_lite:sysmem|sysmem_HPS_fpga_interfaces:fpga_interfaces|f2sdram~FF_3647       ; No clock feeds this register's clock port. ;
; sysmem_lite:sysmem|sysmem_HPS_fpga_interfaces:fpga_interfaces|f2sdram~FF_3640       ; No clock feeds this register's clock port. ;
; sysmem_lite:sysmem|sysmem_HPS_fpga_interfaces:fpga_interfaces|f2sdram~FF_3642       ; No clock feeds this register's clock port. ;
; sysmem_lite:sysmem|sysmem_HPS_fpga_interfaces:fpga_interfaces|f2sdram~FF_3636       ; No clock feeds this register's clock port. ;
; sysmem_lite:sysmem|sysmem_HPS_fpga_interfaces:fpga_interfaces|f2sdram~FF_3637       ; No clock feeds this register's clock port. ;
; sysmem_lite:sysmem|sysmem_HPS_fpga_interfaces:fpga_interfaces|f2sdram~FF_3638       ; No clock feeds this register's clock port. ;
; sysmem_lite:sysmem|sysmem_HPS_fpga_interfaces:fpga_interfaces|f2sdram~FF_3632       ; No clock feeds this register's clock port. ;
; sysmem_lite:sysmem|sysmem_HPS_fpga_interfaces:fpga_interfaces|f2sdram~FF_3633       ; No clock feeds this register's clock port. ;
; sysmem_lite:sysmem|sysmem_HPS_fpga_interfaces:fpga_interfaces|f2sdram~FF_3634       ; No clock feeds this register's clock port. ;
; sysmem_lite:sysmem|sysmem_HPS_fpga_interfaces:fpga_interfaces|f2sdram~FF_3635       ; No clock feeds this register's clock port. ;
; sysmem_lite:sysmem|sysmem_HPS_fpga_interfaces:fpga_interfaces|f2sdram~FF_3592       ; No clock feeds this register's clock port. ;
; sysmem_lite:sysmem|sysmem_HPS_fpga_interfaces:fpga_interfaces|f2sdram~FF_3594       ; No clock feeds this register's clock port. ;
; sysmem_lite:sysmem|sysmem_HPS_fpga_interfaces:fpga_interfaces|f2sdram~FF_3612       ; No clock feeds this register's clock port. ;
; sysmem_lite:sysmem|sysmem_HPS_fpga_interfaces:fpga_interfaces|f2sdram~FF_3613       ; No clock feeds this register's clock port. ;
; sysmem_lite:sysmem|sysmem_HPS_fpga_interfaces:fpga_interfaces|f2sdram~FF_3614       ; No clock feeds this register's clock port. ;
; sysmem_lite:sysmem|sysmem_HPS_fpga_interfaces:fpga_interfaces|f2sdram~FF_3615       ; No clock feeds this register's clock port. ;
; sysmem_lite:sysmem|sysmem_HPS_fpga_interfaces:fpga_interfaces|f2sdram~FF_3608       ; No clock feeds this register's clock port. ;
; sysmem_lite:sysmem|sysmem_HPS_fpga_interfaces:fpga_interfaces|f2sdram~FF_3609       ; No clock feeds this register's clock port. ;
; sysmem_lite:sysmem|sysmem_HPS_fpga_interfaces:fpga_interfaces|f2sdram~FF_3610       ; No clock feeds this register's clock port. ;
; sysmem_lite:sysmem|sysmem_HPS_fpga_interfaces:fpga_interfaces|f2sdram~FF_3611       ; No clock feeds this register's clock port. ;
; sysmem_lite:sysmem|sysmem_HPS_fpga_interfaces:fpga_interfaces|f2sdram~FF_3604       ; No clock feeds this register's clock port. ;
; sysmem_lite:sysmem|sysmem_HPS_fpga_interfaces:fpga_interfaces|f2sdram~FF_3605       ; No clock feeds this register's clock port. ;
; sysmem_lite:sysmem|sysmem_HPS_fpga_interfaces:fpga_interfaces|f2sdram~FF_3606       ; No clock feeds this register's clock port. ;
; sysmem_lite:sysmem|sysmem_HPS_fpga_interfaces:fpga_interfaces|f2sdram~FF_3607       ; No clock feeds this register's clock port. ;
; sysmem_lite:sysmem|sysmem_HPS_fpga_interfaces:fpga_interfaces|f2sdram~FF_3695       ; No clock feeds this register's clock port. ;
; sysmem_lite:sysmem|sysmem_HPS_fpga_interfaces:fpga_interfaces|f2sdram~FF_3688       ; No clock feeds this register's clock port. ;
; sysmem_lite:sysmem|sysmem_HPS_fpga_interfaces:fpga_interfaces|f2sdram~FF_3684       ; No clock feeds this register's clock port. ;
; sysmem_lite:sysmem|sysmem_HPS_fpga_interfaces:fpga_interfaces|f2sdram~FF_3685       ; No clock feeds this register's clock port. ;
; sysmem_lite:sysmem|sysmem_HPS_fpga_interfaces:fpga_interfaces|f2sdram~FF_3686       ; No clock feeds this register's clock port. ;
; sysmem_lite:sysmem|sysmem_HPS_fpga_interfaces:fpga_interfaces|f2sdram~FF_3680       ; No clock feeds this register's clock port. ;
; sysmem_lite:sysmem|sysmem_HPS_fpga_interfaces:fpga_interfaces|f2sdram~FF_3682       ; No clock feeds this register's clock port. ;
; sysmem_lite:sysmem|sysmem_HPS_fpga_interfaces:fpga_interfaces|f2sdram~FF_3683       ; No clock feeds this register's clock port. ;
; sysmem_lite:sysmem|sysmem_HPS_fpga_interfaces:fpga_interfaces|f2sdram~FF_3708       ; No clock feeds this register's clock port. ;
; sysmem_lite:sysmem|sysmem_HPS_fpga_interfaces:fpga_interfaces|f2sdram~FF_3709       ; No clock feeds this register's clock port. ;
; sysmem_lite:sysmem|sysmem_HPS_fpga_interfaces:fpga_interfaces|f2sdram~FF_3707       ; No clock feeds this register's clock port. ;
; sysmem_lite:sysmem|sysmem_HPS_fpga_interfaces:fpga_interfaces|f2sdram~FF_3705       ; No clock feeds this register's clock port. ;
; sysmem_lite:sysmem|sysmem_HPS_fpga_interfaces:fpga_interfaces|f2sdram~FF_3696       ; No clock feeds this register's clock port. ;
; sysmem_lite:sysmem|sysmem_HPS_fpga_interfaces:fpga_interfaces|f2sdram~FF_3697       ; No clock feeds this register's clock port. ;
; sysmem_lite:sysmem|sysmem_HPS_fpga_interfaces:fpga_interfaces|f2sdram~FF_3660       ; No clock feeds this register's clock port. ;
; sysmem_lite:sysmem|sysmem_HPS_fpga_interfaces:fpga_interfaces|f2sdram~FF_3661       ; No clock feeds this register's clock port. ;
; sysmem_lite:sysmem|sysmem_HPS_fpga_interfaces:fpga_interfaces|f2sdram~FF_3663       ; No clock feeds this register's clock port. ;
; sysmem_lite:sysmem|sysmem_HPS_fpga_interfaces:fpga_interfaces|f2sdram~FF_3657       ; No clock feeds this register's clock port. ;
; sysmem_lite:sysmem|sysmem_HPS_fpga_interfaces:fpga_interfaces|f2sdram~FF_3659       ; No clock feeds this register's clock port. ;
; sysmem_lite:sysmem|sysmem_HPS_fpga_interfaces:fpga_interfaces|f2sdram~FF_3652       ; No clock feeds this register's clock port. ;
; sysmem_lite:sysmem|sysmem_HPS_fpga_interfaces:fpga_interfaces|f2sdram~FF_3654       ; No clock feeds this register's clock port. ;
; sysmem_lite:sysmem|sysmem_HPS_fpga_interfaces:fpga_interfaces|f2sdram~FF_3655       ; No clock feeds this register's clock port. ;
; sysmem_lite:sysmem|sysmem_HPS_fpga_interfaces:fpga_interfaces|f2sdram~FF_3648       ; No clock feeds this register's clock port. ;
; sysmem_lite:sysmem|sysmem_HPS_fpga_interfaces:fpga_interfaces|f2sdram~FF_3649       ; No clock feeds this register's clock port. ;
; sysmem_lite:sysmem|sysmem_HPS_fpga_interfaces:fpga_interfaces|f2sdram~FF_3650       ; No clock feeds this register's clock port. ;
; sysmem_lite:sysmem|sysmem_HPS_fpga_interfaces:fpga_interfaces|f2sdram~FF_3651       ; No clock feeds this register's clock port. ;
; sysmem_lite:sysmem|sysmem_HPS_fpga_interfaces:fpga_interfaces|f2sdram~FF_3676       ; No clock feeds this register's clock port. ;
; sysmem_lite:sysmem|sysmem_HPS_fpga_interfaces:fpga_interfaces|f2sdram~FF_3678       ; No clock feeds this register's clock port. ;
; sysmem_lite:sysmem|sysmem_HPS_fpga_interfaces:fpga_interfaces|f2sdram~FF_3672       ; No clock feeds this register's clock port. ;
; sysmem_lite:sysmem|sysmem_HPS_fpga_interfaces:fpga_interfaces|f2sdram~FF_3674       ; No clock feeds this register's clock port. ;
; sysmem_lite:sysmem|sysmem_HPS_fpga_interfaces:fpga_interfaces|f2sdram~FF_3668       ; No clock feeds this register's clock port. ;
; sysmem_lite:sysmem|sysmem_HPS_fpga_interfaces:fpga_interfaces|f2sdram~FF_3670       ; No clock feeds this register's clock port. ;
; sysmem_lite:sysmem|sysmem_HPS_fpga_interfaces:fpga_interfaces|f2sdram~FF_3666       ; No clock feeds this register's clock port. ;
; sysmem_lite:sysmem|sysmem_HPS_fpga_interfaces:fpga_interfaces|f2sdram~FF_3667       ; No clock feeds this register's clock port. ;
; sysmem_lite:sysmem|sysmem_HPS_fpga_interfaces:fpga_interfaces|f2sdram~FF_3759       ; No clock feeds this register's clock port. ;
; sysmem_lite:sysmem|sysmem_HPS_fpga_interfaces:fpga_interfaces|f2sdram~FF_3758       ; No clock feeds this register's clock port. ;
; sysmem_lite:sysmem|sysmem_HPS_fpga_interfaces:fpga_interfaces|f2sdram~FF_3744       ; No clock feeds this register's clock port. ;
; sysmem_lite:sysmem|sysmem_HPS_fpga_interfaces:fpga_interfaces|f2sdram~FF_3720       ; No clock feeds this register's clock port. ;
; sysmem_lite:sysmem|sysmem_HPS_fpga_interfaces:fpga_interfaces|f2sdram~FF_3727       ; No clock feeds this register's clock port. ;
; sysmem_lite:sysmem|sysmem_HPS_fpga_interfaces:fpga_interfaces|f2sdram~FF_3721       ; No clock feeds this register's clock port. ;
; sysmem_lite:sysmem|sysmem_HPS_fpga_interfaces:fpga_interfaces|f2sdram~FF_3722       ; No clock feeds this register's clock port. ;
; sysmem_lite:sysmem|sysmem_HPS_fpga_interfaces:fpga_interfaces|f2sdram~FF_3716       ; No clock feeds this register's clock port. ;
; sysmem_lite:sysmem|sysmem_HPS_fpga_interfaces:fpga_interfaces|f2sdram~FF_3717       ; No clock feeds this register's clock port. ;
; sysmem_lite:sysmem|sysmem_HPS_fpga_interfaces:fpga_interfaces|f2sdram~FF_3718       ; No clock feeds this register's clock port. ;
; sysmem_lite:sysmem|sysmem_HPS_fpga_interfaces:fpga_interfaces|f2sdram~FF_3719       ; No clock feeds this register's clock port. ;
; sysmem_lite:sysmem|sysmem_HPS_fpga_interfaces:fpga_interfaces|f2sdram~FF_3735       ; No clock feeds this register's clock port. ;
; sysmem_lite:sysmem|sysmem_HPS_fpga_interfaces:fpga_interfaces|f2sdram~FF_3728       ; No clock feeds this register's clock port. ;
; sysmem_lite:sysmem|sysmem_HPS_fpga_interfaces:fpga_interfaces|f2sdram~FF_3787       ; No clock feeds this register's clock port. ;
; sysmem_lite:sysmem|sysmem_HPS_fpga_interfaces:fpga_interfaces|f2sdram~FF_1712       ; No clock feeds this register's clock port. ;
; sysmem_lite:sysmem|sysmem_HPS_fpga_interfaces:fpga_interfaces|f2sdram~FF_1705       ; No clock feeds this register's clock port. ;
; sysmem_lite:sysmem|sysmem_HPS_fpga_interfaces:fpga_interfaces|f2sdram~FF_1707       ; No clock feeds this register's clock port. ;
; sysmem_lite:sysmem|sysmem_HPS_fpga_interfaces:fpga_interfaces|f2sdram~FF_1697       ; No clock feeds this register's clock port. ;
; sysmem_lite:sysmem|sysmem_HPS_fpga_interfaces:fpga_interfaces|f2sdram~FF_1699       ; No clock feeds this register's clock port. ;
; sysmem_lite:sysmem|sysmem_HPS_fpga_interfaces:fpga_interfaces|f2sdram~FF_1701       ; No clock feeds this register's clock port. ;
; sysmem_lite:sysmem|sysmem_HPS_fpga_interfaces:fpga_interfaces|f2sdram~FF_1703       ; No clock feeds this register's clock port. ;
; sysmem_lite:sysmem|sysmem_HPS_fpga_interfaces:fpga_interfaces|f2sdram~FF_1709       ; No clock feeds this register's clock port. ;
; sysmem_lite:sysmem|sysmem_HPS_fpga_interfaces:fpga_interfaces|f2sdram~FF_1711       ; No clock feeds this register's clock port. ;
; sysmem_lite:sysmem|sysmem_HPS_fpga_interfaces:fpga_interfaces|f2sdram~FF_1710       ; No clock feeds this register's clock port. ;
; sysmem_lite:sysmem|sysmem_HPS_fpga_interfaces:fpga_interfaces|f2sdram~FF_1693       ; No clock feeds this register's clock port. ;
; sysmem_lite:sysmem|sysmem_HPS_fpga_interfaces:fpga_interfaces|f2sdram~FF_1695       ; No clock feeds this register's clock port. ;
; hdmi_i2c~FF_4400                                                                    ; No clock feeds this register's clock port. ;
; hdmi_i2c~FF_2362                                                                    ; No clock feeds this register's clock port. ;
; hdmi_i2c~FF_4396                                                                    ; No clock feeds this register's clock port. ;
; hdmi_i2c~FF_3901                                                                    ; No clock feeds this register's clock port. ;
; hdmi_i2c~FF_4397                                                                    ; No clock feeds this register's clock port. ;
; hdmi_i2c~FF_3896                                                                    ; No clock feeds this register's clock port. ;
; hdmi_i2c~FF_3899                                                                    ; No clock feeds this register's clock port. ;
; hdmi_i2c~FF_3893                                                                    ; No clock feeds this register's clock port. ;
; hdmi_i2c~FF_3892                                                                    ; No clock feeds this register's clock port. ;
; hdmi_i2c~FF_4413                                                                    ; No clock feeds this register's clock port. ;
; hdmi_i2c~FF_3895                                                                    ; No clock feeds this register's clock port. ;
; hdmi_i2c~FF_3894                                                                    ; No clock feeds this register's clock port. ;
; hdmi_i2c~FF_3891                                                                    ; No clock feeds this register's clock port. ;
; hdmi_i2c~FF_4366                                                                    ; No clock feeds this register's clock port. ;
; hdmi_i2c~FF_4367                                                                    ; No clock feeds this register's clock port. ;
; hdmi_i2c~FF_3865                                                                    ; No clock feeds this register's clock port. ;
; hdmi_i2c~FF_3867                                                                    ; No clock feeds this register's clock port. ;
; hdmi_i2c~FF_4353                                                                    ; No clock feeds this register's clock port. ;
; hdmi_i2c~FF_4354                                                                    ; No clock feeds this register's clock port. ;
; hdmi_i2c~FF_4355                                                                    ; No clock feeds this register's clock port. ;
; hdmi_i2c~FF_4369                                                                    ; No clock feeds this register's clock port. ;
; hdmi_i2c~FF_3921                                                                    ; No clock feeds this register's clock port. ;
; hdmi_i2c~FF_3949                                                                    ; No clock feeds this register's clock port. ;
; hdmi_i2c~FF_3950                                                                    ; No clock feeds this register's clock port. ;
; hdmi_i2c~FF_3925                                                                    ; No clock feeds this register's clock port. ;
; hdmi_i2c~FF_3944                                                                    ; No clock feeds this register's clock port. ;
; hdmi_i2c~FF_3946                                                                    ; No clock feeds this register's clock port. ;
; hdmi_i2c~FF_3947                                                                    ; No clock feeds this register's clock port. ;
; hdmi_i2c~FF_3940                                                                    ; No clock feeds this register's clock port. ;
; hdmi_i2c~FF_4717                                                                    ; No clock feeds this register's clock port. ;
; hdmi_i2c~FF_4393                                                                    ; No clock feeds this register's clock port. ;
; hdmi_i2c~FF_4713                                                                    ; No clock feeds this register's clock port. ;
; hdmi_i2c~FF_3941                                                                    ; No clock feeds this register's clock port. ;
; hdmi_i2c~FF_4716                                                                    ; No clock feeds this register's clock port. ;
; hdmi_i2c~FF_3942                                                                    ; No clock feeds this register's clock port. ;
; hdmi_i2c~FF_3943                                                                    ; No clock feeds this register's clock port. ;
; hdmi_i2c~FF_4368                                                                    ; No clock feeds this register's clock port. ;
; hdmi_i2c~FF_3933                                                                    ; No clock feeds this register's clock port. ;
; hdmi_i2c~FF_4712                                                                    ; No clock feeds this register's clock port. ;
; hdmi_i2c~FF_3939                                                                    ; No clock feeds this register's clock port. ;
; hdmi_i2c~FF_4714                                                                    ; No clock feeds this register's clock port. ;
; hdmi_i2c~FF_4709                                                                    ; No clock feeds this register's clock port. ;
; hdmi_i2c~FF_4394                                                                    ; No clock feeds this register's clock port. ;
; hdmi_i2c~FF_4706                                                                    ; No clock feeds this register's clock port. ;
; hdmi_i2c~FF_4704                                                                    ; No clock feeds this register's clock port. ;
; hdmi_i2c~FF_4386                                                                    ; No clock feeds this register's clock port. ;
; hdmi_i2c~FF_4458                                                                    ; No clock feeds this register's clock port. ;
; hdmi_i2c~FF_3967                                                                    ; No clock feeds this register's clock port. ;
; hdmi_i2c~FF_4459                                                                    ; No clock feeds this register's clock port. ;
; hdmi_i2c~FF_4705                                                                    ; No clock feeds this register's clock port. ;
; hdmi_i2c~FF_4462                                                                    ; No clock feeds this register's clock port. ;
; hdmi_i2c~FF_4707                                                                    ; No clock feeds this register's clock port. ;
; hdmi_i2c~FF_4463                                                                    ; No clock feeds this register's clock port. ;
; hdmi_i2c~FF_4460                                                                    ; No clock feeds this register's clock port. ;
; hdmi_i2c~FF_3957                                                                    ; No clock feeds this register's clock port. ;
; hdmi_i2c~FF_4461                                                                    ; No clock feeds this register's clock port. ;
; hdmi_i2c~FF_3958                                                                    ; No clock feeds this register's clock port. ;
; hdmi_i2c~FF_4466                                                                    ; No clock feeds this register's clock port. ;
; hdmi_i2c~FF_4467                                                                    ; No clock feeds this register's clock port. ;
; hdmi_i2c~FF_4392                                                                    ; No clock feeds this register's clock port. ;
; hdmi_i2c~FF_4731                                                                    ; No clock feeds this register's clock port. ;
; hdmi_i2c~FF_3917                                                                    ; No clock feeds this register's clock port. ;
; hdmi_i2c~FF_4464                                                                    ; No clock feeds this register's clock port. ;
; hdmi_i2c~FF_3953                                                                    ; No clock feeds this register's clock port. ;
; hdmi_i2c~FF_4465                                                                    ; No clock feeds this register's clock port. ;
; hdmi_i2c~FF_4728                                                                    ; No clock feeds this register's clock port. ;
; hdmi_i2c~FF_4733                                                                    ; No clock feeds this register's clock port. ;
; hdmi_i2c~FF_3954                                                                    ; No clock feeds this register's clock port. ;
; hdmi_i2c~FF_4470                                                                    ; No clock feeds this register's clock port. ;
; hdmi_i2c~FF_4471                                                                    ; No clock feeds this register's clock port. ;
; hdmi_i2c~FF_4735                                                                    ; No clock feeds this register's clock port. ;
; hdmi_i2c~FF_3952                                                                    ; No clock feeds this register's clock port. ;
; hdmi_i2c~FF_4468                                                                    ; No clock feeds this register's clock port. ;
; hdmi_i2c~FF_4469                                                                    ; No clock feeds this register's clock port. ;
; hdmi_i2c~FF_4724                                                                    ; No clock feeds this register's clock port. ;
; hdmi_i2c~FF_3918                                                                    ; No clock feeds this register's clock port. ;
; hdmi_i2c~FF_4474                                                                    ; No clock feeds this register's clock port. ;
; hdmi_i2c~FF_4727                                                                    ; No clock feeds this register's clock port. ;
; hdmi_i2c~FF_3919                                                                    ; No clock feeds this register's clock port. ;
; hdmi_i2c~FF_4475                                                                    ; No clock feeds this register's clock port. ;
; hdmi_i2c~FF_3912                                                                    ; No clock feeds this register's clock port. ;
; hdmi_i2c~FF_3956                                                                    ; No clock feeds this register's clock port. ;
; hdmi_i2c~FF_4472                                                                    ; No clock feeds this register's clock port. ;
; hdmi_i2c~FF_3913                                                                    ; No clock feeds this register's clock port. ;
; hdmi_i2c~FF_4473                                                                    ; No clock feeds this register's clock port. ;
; hdmi_i2c~FF_4720                                                                    ; No clock feeds this register's clock port. ;
; hdmi_i2c~FF_3914                                                                    ; No clock feeds this register's clock port. ;
; hdmi_i2c~FF_4478                                                                    ; No clock feeds this register's clock port. ;
; hdmi_i2c~FF_4723                                                                    ; No clock feeds this register's clock port. ;
; hdmi_i2c~FF_3915                                                                    ; No clock feeds this register's clock port. ;
; hdmi_i2c~FF_4479                                                                    ; No clock feeds this register's clock port. ;
; hdmi_i2c~FF_4722                                                                    ; No clock feeds this register's clock port. ;
; hdmi_i2c~FF_4725                                                                    ; No clock feeds this register's clock port. ;
; hdmi_i2c~FF_3908                                                                    ; No clock feeds this register's clock port. ;
; hdmi_i2c~FF_4476                                                                    ; No clock feeds this register's clock port. ;
; hdmi_i2c~FF_3909                                                                    ; No clock feeds this register's clock port. ;
; hdmi_i2c~FF_4477                                                                    ; No clock feeds this register's clock port. ;
; hdmi_i2c~FF_4370                                                                    ; No clock feeds this register's clock port. ;
; hdmi_i2c~FF_4429                                                                    ; No clock feeds this register's clock port. ;
; hdmi_i2c~FF_3910                                                                    ; No clock feeds this register's clock port. ;
; hdmi_i2c~FF_3905                                                                    ; No clock feeds this register's clock port. ;
; hdmi_i2c~FF_3904                                                                    ; No clock feeds this register's clock port. ;
; hdmi_i2c~FF_3906                                                                    ; No clock feeds this register's clock port. ;
; hdmi_i2c~FF_3907                                                                    ; No clock feeds this register's clock port. ;
; hdmi_i2c~FF_3934                                                                    ; No clock feeds this register's clock port. ;
; hdmi_i2c~FF_3938                                                                    ; No clock feeds this register's clock port. ;
; hdmi_i2c~FF_3935                                                                    ; No clock feeds this register's clock port. ;
; hdmi_i2c~FF_3928                                                                    ; No clock feeds this register's clock port. ;
; hdmi_i2c~FF_2371                                                                    ; No clock feeds this register's clock port. ;
; hdmi_i2c~FF_3930                                                                    ; No clock feeds this register's clock port. ;
; hdmi_i2c~FF_3926                                                                    ; No clock feeds this register's clock port. ;
; hdmi_i2c~FF_4703                                                                    ; No clock feeds this register's clock port. ;
; hdmi_i2c~FF_3927                                                                    ; No clock feeds this register's clock port. ;
; hdmi_i2c~FF_4702                                                                    ; No clock feeds this register's clock port. ;
; hdmi_i2c~FF_2380                                                                    ; No clock feeds this register's clock port. ;
; hdmi_i2c~FF_3922                                                                    ; No clock feeds this register's clock port. ;
; hdmi_i2c~FF_3923                                                                    ; No clock feeds this register's clock port. ;
; hdmi_i2c~FF_4384                                                                    ; No clock feeds this register's clock port. ;
; hdmi_i2c~FF_4697                                                                    ; No clock feeds this register's clock port. ;
; hdmi_i2c~FF_4387                                                                    ; No clock feeds this register's clock port. ;
; hdmi_i2c~FF_4698                                                                    ; No clock feeds this register's clock port. ;
; hdmi_i2c~FF_4699                                                                    ; No clock feeds this register's clock port. ;
; hdmi_i2c~FF_4696                                                                    ; No clock feeds this register's clock port. ;
; hdmi_i2c~FF_4701                                                                    ; No clock feeds this register's clock port. ;
; hdmi_i2c~FF_4700                                                                    ; No clock feeds this register's clock port. ;
; hdmi_i2c~FF_4007                                                                    ; No clock feeds this register's clock port. ;
; hdmi_i2c~FF_4000                                                                    ; No clock feeds this register's clock port. ;
; hdmi_i2c~FF_3969                                                                    ; No clock feeds this register's clock port. ;
; hdmi_i2c~FF_4025                                                                    ; No clock feeds this register's clock port. ;
; hdmi_i2c~FF_4797                                                                    ; No clock feeds this register's clock port. ;
; hdmi_i2c~FF_4799                                                                    ; No clock feeds this register's clock port. ;
; hdmi_i2c~FF_3392                                                                    ; No clock feeds this register's clock port. ;
; hdmi_i2c~FF_4798                                                                    ; No clock feeds this register's clock port. ;
; hdmi_i2c~FF_4016                                                                    ; No clock feeds this register's clock port. ;
; hdmi_i2c~FF_3393                                                                    ; No clock feeds this register's clock port. ;
; hdmi_i2c~FF_4792                                                                    ; No clock feeds this register's clock port. ;
; hdmi_i2c~FF_4789                                                                    ; No clock feeds this register's clock port. ;
; hdmi_i2c~FF_4788                                                                    ; No clock feeds this register's clock port. ;
; hdmi_i2c~FF_4791                                                                    ; No clock feeds this register's clock port. ;
; hdmi_i2c~FF_4790                                                                    ; No clock feeds this register's clock port. ;
; hdmi_i2c~FF_3976                                                                    ; No clock feeds this register's clock port. ;
; hdmi_i2c~FF_3977                                                                    ; No clock feeds this register's clock port. ;
; hdmi_i2c~FF_3991                                                                    ; No clock feeds this register's clock port. ;
; hdmi_i2c~FF_4787                                                                    ; No clock feeds this register's clock port. ;
; hdmi_i2c~FF_3973                                                                    ; No clock feeds this register's clock port. ;
; hdmi_i2c~FF_3974                                                                    ; No clock feeds this register's clock port. ;
; hdmi_i2c~FF_4482                                                                    ; No clock feeds this register's clock port. ;
; hdmi_i2c~FF_4483                                                                    ; No clock feeds this register's clock port. ;
; hdmi_i2c~FF_4747                                                                    ; No clock feeds this register's clock port. ;
; hdmi_i2c~FF_4480                                                                    ; No clock feeds this register's clock port. ;
; hdmi_i2c~FF_4481                                                                    ; No clock feeds this register's clock port. ;
; hdmi_i2c~FF_4749                                                                    ; No clock feeds this register's clock port. ;
; hdmi_i2c~FF_3970                                                                    ; No clock feeds this register's clock port. ;
; hdmi_i2c~FF_4401                                                                    ; No clock feeds this register's clock port. ;
; hdmi_i2c~FF_4759                                                                    ; No clock feeds this register's clock port. ;
; hdmi_i2c~FF_3971                                                                    ; No clock feeds this register's clock port. ;
; hdmi_i2c~FF_4751                                                                    ; No clock feeds this register's clock port. ;
; hdmi_i2c~FF_4484                                                                    ; No clock feeds this register's clock port. ;
; hdmi_i2c~FF_4485                                                                    ; No clock feeds this register's clock port. ;
; hdmi_i2c~FF_3998                                                                    ; No clock feeds this register's clock port. ;
; hdmi_i2c~FF_4737                                                                    ; No clock feeds this register's clock port. ;
; hdmi_i2c~FF_4738                                                                    ; No clock feeds this register's clock port. ;
; hdmi_i2c~FF_3989                                                                    ; No clock feeds this register's clock port. ;
; hdmi_i2c~FF_3980                                                                    ; No clock feeds this register's clock port. ;
; hdmi_i2c~FF_3987                                                                    ; No clock feeds this register's clock port. ;
; hdmi_i2c~FF_4076                                                                    ; No clock feeds this register's clock port. ;
; hdmi_i2c~FF_4077                                                                    ; No clock feeds this register's clock port. ;
; hdmi_i2c~FF_4078                                                                    ; No clock feeds this register's clock port. ;
; hdmi_i2c~FF_4079                                                                    ; No clock feeds this register's clock port. ;
; hdmi_i2c~FF_4754                                                                    ; No clock feeds this register's clock port. ;
; hdmi_i2c~FF_4072                                                                    ; No clock feeds this register's clock port. ;
; hdmi_i2c~FF_4073                                                                    ; No clock feeds this register's clock port. ;
; hdmi_i2c~FF_4752                                                                    ; No clock feeds this register's clock port. ;
; hdmi_i2c~FF_4074                                                                    ; No clock feeds this register's clock port. ;
; hdmi_i2c~FF_4757                                                                    ; No clock feeds this register's clock port. ;
; hdmi_i2c~FF_4755                                                                    ; No clock feeds this register's clock port. ;
; hdmi_i2c~FF_4075                                                                    ; No clock feeds this register's clock port. ;
; hdmi_i2c~FF_4766                                                                    ; No clock feeds this register's clock port. ;
; hdmi_i2c~FF_4765                                                                    ; No clock feeds this register's clock port. ;
; hdmi_i2c~FF_4068                                                                    ; No clock feeds this register's clock port. ;
; hdmi_i2c~FF_4069                                                                    ; No clock feeds this register's clock port. ;
; hdmi_i2c~FF_4070                                                                    ; No clock feeds this register's clock port. ;
; hdmi_i2c~FF_4071                                                                    ; No clock feeds this register's clock port. ;
; hdmi_i2c~FF_4064                                                                    ; No clock feeds this register's clock port. ;
; hdmi_i2c~FF_4065                                                                    ; No clock feeds this register's clock port. ;
; hdmi_i2c~FF_4066                                                                    ; No clock feeds this register's clock port. ;
; hdmi_i2c~FF_4067                                                                    ; No clock feeds this register's clock port. ;
; hdmi_i2c~FF_4092                                                                    ; No clock feeds this register's clock port. ;
; hdmi_i2c~FF_4837                                                                    ; No clock feeds this register's clock port. ;
; hdmi_i2c~FF_4093                                                                    ; No clock feeds this register's clock port. ;
; hdmi_i2c~FF_4836                                                                    ; No clock feeds this register's clock port. ;
; hdmi_i2c~FF_4094                                                                    ; No clock feeds this register's clock port. ;
; hdmi_i2c~FF_4095                                                                    ; No clock feeds this register's clock port. ;
; hdmi_i2c~FF_4838                                                                    ; No clock feeds this register's clock port. ;
; hdmi_i2c~FF_4088                                                                    ; No clock feeds this register's clock port. ;
; hdmi_i2c~FF_4089                                                                    ; No clock feeds this register's clock port. ;
; hdmi_i2c~FF_4832                                                                    ; No clock feeds this register's clock port. ;
; hdmi_i2c~FF_4090                                                                    ; No clock feeds this register's clock port. ;
; hdmi_i2c~FF_4091                                                                    ; No clock feeds this register's clock port. ;
; hdmi_i2c~FF_4834                                                                    ; No clock feeds this register's clock port. ;
; hdmi_i2c~FF_4084                                                                    ; No clock feeds this register's clock port. ;
; hdmi_i2c~FF_4085                                                                    ; No clock feeds this register's clock port. ;
; hdmi_i2c~FF_4086                                                                    ; No clock feeds this register's clock port. ;
; hdmi_i2c~FF_4087                                                                    ; No clock feeds this register's clock port. ;
; hdmi_i2c~FF_4080                                                                    ; No clock feeds this register's clock port. ;
; hdmi_i2c~FF_4081                                                                    ; No clock feeds this register's clock port. ;
; hdmi_i2c~FF_4082                                                                    ; No clock feeds this register's clock port. ;
; hdmi_i2c~FF_4839                                                                    ; No clock feeds this register's clock port. ;
; hdmi_i2c~FF_4044                                                                    ; No clock feeds this register's clock port. ;
; hdmi_i2c~FF_4046                                                                    ; No clock feeds this register's clock port. ;
; hdmi_i2c~FF_4813                                                                    ; No clock feeds this register's clock port. ;
; hdmi_i2c~FF_4809                                                                    ; No clock feeds this register's clock port. ;
; hdmi_i2c~FF_4063                                                                    ; No clock feeds this register's clock port. ;
; hdmi_i2c~FF_4812                                                                    ; No clock feeds this register's clock port. ;
; hdmi_i2c~FF_4034                                                                    ; No clock feeds this register's clock port. ;
; hdmi_i2c~FF_4811                                                                    ; No clock feeds this register's clock port. ;
; hdmi_i2c~FF_4804                                                                    ; No clock feeds this register's clock port. ;
; hdmi_i2c~FF_4807                                                                    ; No clock feeds this register's clock port. ;
; hdmi_i2c~FF_4806                                                                    ; No clock feeds this register's clock port. ;
; hdmi_i2c~FF_4801                                                                    ; No clock feeds this register's clock port. ;
; hdmi_i2c~FF_4037                                                                    ; No clock feeds this register's clock port. ;
; hdmi_i2c~FF_4802                                                                    ; No clock feeds this register's clock port. ;
; hdmi_i2c~FF_4052                                                                    ; No clock feeds this register's clock port. ;
; hdmi_i2c~FF_4043                                                                    ; No clock feeds this register's clock port. ;
; hdmi_i2c~FF_4828                                                                    ; No clock feeds this register's clock port. ;
; hdmi_i2c~FF_4055                                                                    ; No clock feeds this register's clock port. ;
; hdmi_i2c~FF_4830                                                                    ; No clock feeds this register's clock port. ;
; hdmi_i2c~FF_4049                                                                    ; No clock feeds this register's clock port. ;
; hdmi_i2c~FF_4831                                                                    ; No clock feeds this register's clock port. ;
; hdmi_i2c~FF_4826                                                                    ; No clock feeds this register's clock port. ;
; hdmi_i2c~FF_3628                                                                    ; No clock feeds this register's clock port. ;
; hdmi_i2c~FF_4817                                                                    ; No clock feeds this register's clock port. ;
; hdmi_i2c~FF_3629                                                                    ; No clock feeds this register's clock port. ;
; hdmi_i2c~FF_4820                                                                    ; No clock feeds this register's clock port. ;
; hdmi_i2c~FF_3630                                                                    ; No clock feeds this register's clock port. ;
; hdmi_i2c~FF_3631                                                                    ; No clock feeds this register's clock port. ;
; hdmi_i2c~FF_3360                                                                    ; No clock feeds this register's clock port. ;
; hdmi_i2c~FF_3624                                                                    ; No clock feeds this register's clock port. ;
; hdmi_i2c~FF_3625                                                                    ; No clock feeds this register's clock port. ;
; hdmi_i2c~FF_3626                                                                    ; No clock feeds this register's clock port. ;
; hdmi_i2c~FF_3627                                                                    ; No clock feeds this register's clock port. ;
; hdmi_i2c~FF_4818                                                                    ; No clock feeds this register's clock port. ;
; hdmi_i2c~FF_3620                                                                    ; No clock feeds this register's clock port. ;
; hdmi_i2c~FF_3621                                                                    ; No clock feeds this register's clock port. ;
; hdmi_i2c~FF_4140                                                                    ; No clock feeds this register's clock port. ;
; hdmi_i2c~FF_3622                                                                    ; No clock feeds this register's clock port. ;
; hdmi_i2c~FF_4141                                                                    ; No clock feeds this register's clock port. ;
; hdmi_i2c~FF_3623                                                                    ; No clock feeds this register's clock port. ;
; hdmi_i2c~FF_4142                                                                    ; No clock feeds this register's clock port. ;
; hdmi_i2c~FF_3616                                                                    ; No clock feeds this register's clock port. ;
; hdmi_i2c~FF_4143                                                                    ; No clock feeds this register's clock port. ;
; hdmi_i2c~FF_3617                                                                    ; No clock feeds this register's clock port. ;
; hdmi_i2c~FF_4136                                                                    ; No clock feeds this register's clock port. ;
; hdmi_i2c~FF_3618                                                                    ; No clock feeds this register's clock port. ;
; hdmi_i2c~FF_3619                                                                    ; No clock feeds this register's clock port. ;
; hdmi_i2c~FF_4138                                                                    ; No clock feeds this register's clock port. ;
; hdmi_i2c~FF_3389                                                                    ; No clock feeds this register's clock port. ;
; hdmi_i2c~FF_4139                                                                    ; No clock feeds this register's clock port. ;
; hdmi_i2c~FF_3645                                                                    ; No clock feeds this register's clock port. ;
; hdmi_i2c~FF_4132                                                                    ; No clock feeds this register's clock port. ;
; hdmi_i2c~FF_2108                                                                    ; No clock feeds this register's clock port. ;
; hdmi_i2c~FF_3391                                                                    ; No clock feeds this register's clock port. ;
; hdmi_i2c~FF_4133                                                                    ; No clock feeds this register's clock port. ;
; hdmi_i2c~FF_3647                                                                    ; No clock feeds this register's clock port. ;
; hdmi_i2c~FF_2109                                                                    ; No clock feeds this register's clock port. ;
; hdmi_i2c~FF_3390                                                                    ; No clock feeds this register's clock port. ;
; hdmi_i2c~FF_3640                                                                    ; No clock feeds this register's clock port. ;
; hdmi_i2c~FF_2110                                                                    ; No clock feeds this register's clock port. ;
; hdmi_i2c~FF_4135                                                                    ; No clock feeds this register's clock port. ;
; hdmi_i2c~FF_2111                                                                    ; No clock feeds this register's clock port. ;
; hdmi_i2c~FF_3642                                                                    ; No clock feeds this register's clock port. ;
; hdmi_i2c~FF_2104                                                                    ; No clock feeds this register's clock port. ;
; hdmi_i2c~FF_2105                                                                    ; No clock feeds this register's clock port. ;
; hdmi_i2c~FF_3636                                                                    ; No clock feeds this register's clock port. ;
; hdmi_i2c~FF_2106                                                                    ; No clock feeds this register's clock port. ;
; hdmi_i2c~FF_4131                                                                    ; No clock feeds this register's clock port. ;
; hdmi_i2c~FF_3637                                                                    ; No clock feeds this register's clock port. ;
; hdmi_i2c~FF_2107                                                                    ; No clock feeds this register's clock port. ;
; hdmi_i2c~FF_3638                                                                    ; No clock feeds this register's clock port. ;
; hdmi_i2c~FF_2100                                                                    ; No clock feeds this register's clock port. ;
; hdmi_i2c~FF_4156                                                                    ; No clock feeds this register's clock port. ;
; hdmi_i2c~FF_2101                                                                    ; No clock feeds this register's clock port. ;
; hdmi_i2c~FF_4157                                                                    ; No clock feeds this register's clock port. ;
; hdmi_i2c~FF_3632                                                                    ; No clock feeds this register's clock port. ;
; hdmi_i2c~FF_2102                                                                    ; No clock feeds this register's clock port. ;
; hdmi_i2c~FF_4158                                                                    ; No clock feeds this register's clock port. ;
; hdmi_i2c~FF_3633                                                                    ; No clock feeds this register's clock port. ;
; hdmi_i2c~FF_2103                                                                    ; No clock feeds this register's clock port. ;
; hdmi_i2c~FF_4159                                                                    ; No clock feeds this register's clock port. ;
; hdmi_i2c~FF_3634                                                                    ; No clock feeds this register's clock port. ;
; hdmi_i2c~FF_4152                                                                    ; No clock feeds this register's clock port. ;
; hdmi_i2c~FF_3635                                                                    ; No clock feeds this register's clock port. ;
; hdmi_i2c~FF_4154                                                                    ; No clock feeds this register's clock port. ;
; hdmi_i2c~FF_4155                                                                    ; No clock feeds this register's clock port. ;
; hdmi_i2c~FF_3340                                                                    ; No clock feeds this register's clock port. ;
; hdmi_i2c~FF_4149                                                                    ; No clock feeds this register's clock port. ;
; hdmi_i2c~FF_3592                                                                    ; No clock feeds this register's clock port. ;
; hdmi_i2c~FF_4150                                                                    ; No clock feeds this register's clock port. ;
; hdmi_i2c~FF_4151                                                                    ; No clock feeds this register's clock port. ;
; hdmi_i2c~FF_4385                                                                    ; No clock feeds this register's clock port. ;
; hdmi_i2c~FF_257                                                                     ; No clock feeds this register's clock port. ;
; hdmi_i2c~FF_4144                                                                    ; No clock feeds this register's clock port. ;
; hdmi_i2c~FF_3594                                                                    ; No clock feeds this register's clock port. ;
; hdmi_i2c~FF_256                                                                     ; No clock feeds this register's clock port. ;
; hdmi_i2c~FF_259                                                                     ; No clock feeds this register's clock port. ;
; hdmi_i2c~FF_4146                                                                    ; No clock feeds this register's clock port. ;
; hdmi_i2c~FF_258                                                                     ; No clock feeds this register's clock port. ;
; hdmi_i2c~FF_4147                                                                    ; No clock feeds this register's clock port. ;
; hdmi_i2c~FF_261                                                                     ; No clock feeds this register's clock port. ;
; hdmi_i2c~FF_4108                                                                    ; No clock feeds this register's clock port. ;
; hdmi_i2c~FF_3333                                                                    ; No clock feeds this register's clock port. ;
; hdmi_i2c~FF_260                                                                     ; No clock feeds this register's clock port. ;
; hdmi_i2c~FF_4109                                                                    ; No clock feeds this register's clock port. ;
; hdmi_i2c~FF_263                                                                     ; No clock feeds this register's clock port. ;
; hdmi_i2c~FF_262                                                                     ; No clock feeds this register's clock port. ;
; hdmi_i2c~FF_4111                                                                    ; No clock feeds this register's clock port. ;
; hdmi_i2c~FF_265                                                                     ; No clock feeds this register's clock port. ;
; hdmi_i2c~FF_4104                                                                    ; No clock feeds this register's clock port. ;
; hdmi_i2c~FF_264                                                                     ; No clock feeds this register's clock port. ;
; hdmi_i2c~FF_4105                                                                    ; No clock feeds this register's clock port. ;
; hdmi_i2c~FF_4106                                                                    ; No clock feeds this register's clock port. ;
; hdmi_i2c~FF_3612                                                                    ; No clock feeds this register's clock port. ;
; hdmi_i2c~FF_266                                                                     ; No clock feeds this register's clock port. ;
; hdmi_i2c~FF_4107                                                                    ; No clock feeds this register's clock port. ;
; hdmi_i2c~FF_3613                                                                    ; No clock feeds this register's clock port. ;
; hdmi_i2c~FF_4100                                                                    ; No clock feeds this register's clock port. ;
; hdmi_i2c~FF_3614                                                                    ; No clock feeds this register's clock port. ;
; hdmi_i2c~FF_4101                                                                    ; No clock feeds this register's clock port. ;
; hdmi_i2c~FF_3615                                                                    ; No clock feeds this register's clock port. ;
; hdmi_i2c~FF_4102                                                                    ; No clock feeds this register's clock port. ;
; hdmi_i2c~FF_3608                                                                    ; No clock feeds this register's clock port. ;
; hdmi_i2c~FF_4103                                                                    ; No clock feeds this register's clock port. ;
; hdmi_i2c~FF_3609                                                                    ; No clock feeds this register's clock port. ;
; hdmi_i2c~FF_4096                                                                    ; No clock feeds this register's clock port. ;
; hdmi_i2c~FF_3610                                                                    ; No clock feeds this register's clock port. ;
; hdmi_i2c~FF_4097                                                                    ; No clock feeds this register's clock port. ;
; hdmi_i2c~FF_3611                                                                    ; No clock feeds this register's clock port. ;
; hdmi_i2c~FF_4098                                                                    ; No clock feeds this register's clock port. ;
; hdmi_i2c~FF_3604                                                                    ; No clock feeds this register's clock port. ;
; hdmi_i2c~FF_4099                                                                    ; No clock feeds this register's clock port. ;
; hdmi_i2c~FF_3605                                                                    ; No clock feeds this register's clock port. ;
; hdmi_i2c~FF_3348                                                                    ; No clock feeds this register's clock port. ;
; hdmi_i2c~FF_3606                                                                    ; No clock feeds this register's clock port. ;
; hdmi_i2c~FF_3349                                                                    ; No clock feeds this register's clock port. ;
; hdmi_i2c~FF_4125                                                                    ; No clock feeds this register's clock port. ;
; hdmi_i2c~FF_3607                                                                    ; No clock feeds this register's clock port. ;
; hdmi_i2c~FF_4126                                                                    ; No clock feeds this register's clock port. ;
; hdmi_i2c~FF_4127                                                                    ; No clock feeds this register's clock port. ;
; hdmi_i2c~FF_3358                                                                    ; No clock feeds this register's clock port. ;
; hdmi_i2c~FF_4120                                                                    ; No clock feeds this register's clock port. ;
; hdmi_i2c~FF_4122                                                                    ; No clock feeds this register's clock port. ;
; hdmi_i2c~FF_3357                                                                    ; No clock feeds this register's clock port. ;
; hdmi_i2c~FF_4123                                                                    ; No clock feeds this register's clock port. ;
; hdmi_i2c~FF_4116                                                                    ; No clock feeds this register's clock port. ;
; hdmi_i2c~FF_3695                                                                    ; No clock feeds this register's clock port. ;
; hdmi_i2c~FF_4117                                                                    ; No clock feeds this register's clock port. ;
; hdmi_i2c~FF_3688                                                                    ; No clock feeds this register's clock port. ;
; hdmi_i2c~FF_4119                                                                    ; No clock feeds this register's clock port. ;
; hdmi_i2c~FF_4112                                                                    ; No clock feeds this register's clock port. ;
; hdmi_i2c~FF_4113                                                                    ; No clock feeds this register's clock port. ;
; hdmi_i2c~FF_3684                                                                    ; No clock feeds this register's clock port. ;
; hdmi_i2c~FF_4114                                                                    ; No clock feeds this register's clock port. ;
; hdmi_i2c~FF_3685                                                                    ; No clock feeds this register's clock port. ;
; hdmi_i2c~FF_3686                                                                    ; No clock feeds this register's clock port. ;
; hdmi_i2c~FF_4205                                                                    ; No clock feeds this register's clock port. ;
; hdmi_i2c~FF_3680                                                                    ; No clock feeds this register's clock port. ;
; hdmi_i2c~FF_4179                                                                    ; No clock feeds this register's clock port. ;
; hdmi_i2c~FF_4206                                                                    ; No clock feeds this register's clock port. ;
; hdmi_i2c~FF_4207                                                                    ; No clock feeds this register's clock port. ;
; hdmi_i2c~FF_3682                                                                    ; No clock feeds this register's clock port. ;
; hdmi_i2c~FF_4200                                                                    ; No clock feeds this register's clock port. ;
; hdmi_i2c~FF_3683                                                                    ; No clock feeds this register's clock port. ;
; hdmi_i2c~FF_3708                                                                    ; No clock feeds this register's clock port. ;
; hdmi_i2c~FF_3709                                                                    ; No clock feeds this register's clock port. ;
; hdmi_i2c~FF_4203                                                                    ; No clock feeds this register's clock port. ;
; hdmi_i2c~FF_4196                                                                    ; No clock feeds this register's clock port. ;
; hdmi_i2c~FF_3453                                                                    ; No clock feeds this register's clock port. ;
; hdmi_i2c~FF_4197                                                                    ; No clock feeds this register's clock port. ;
; hdmi_i2c~FF_4198                                                                    ; No clock feeds this register's clock port. ;
; hdmi_i2c~FF_4199                                                                    ; No clock feeds this register's clock port. ;
; hdmi_i2c~FF_3448                                                                    ; No clock feeds this register's clock port. ;
; hdmi_i2c~FF_4192                                                                    ; No clock feeds this register's clock port. ;
; hdmi_i2c~FF_3707                                                                    ; No clock feeds this register's clock port. ;
; hdmi_i2c~FF_4193                                                                    ; No clock feeds this register's clock port. ;
; hdmi_i2c~FF_4195                                                                    ; No clock feeds this register's clock port. ;
; hdmi_i2c~FF_3705                                                                    ; No clock feeds this register's clock port. ;
; hdmi_i2c~FF_3696                                                                    ; No clock feeds this register's clock port. ;
; hdmi_i2c~FF_3697                                                                    ; No clock feeds this register's clock port. ;
; hdmi_i2c~FF_4162                                                                    ; No clock feeds this register's clock port. ;
; hdmi_i2c~FF_4216                                                                    ; No clock feeds this register's clock port. ;
; hdmi_i2c~FF_3660                                                                    ; No clock feeds this register's clock port. ;
; hdmi_i2c~FF_3661                                                                    ; No clock feeds this register's clock port. ;
; hdmi_i2c~FF_2124                                                                    ; No clock feeds this register's clock port. ;
; hdmi_i2c~FF_3663                                                                    ; No clock feeds this register's clock port. ;
; hdmi_i2c~FF_2125                                                                    ; No clock feeds this register's clock port. ;
; hdmi_i2c~FF_4213                                                                    ; No clock feeds this register's clock port. ;
; hdmi_i2c~FF_2126                                                                    ; No clock feeds this register's clock port. ;
; hdmi_i2c~FF_4214                                                                    ; No clock feeds this register's clock port. ;
; hdmi_i2c~FF_3657                                                                    ; No clock feeds this register's clock port. ;
; hdmi_i2c~FF_2127                                                                    ; No clock feeds this register's clock port. ;
; hdmi_i2c~FF_4215                                                                    ; No clock feeds this register's clock port. ;
; hdmi_i2c~FF_4170                                                                    ; No clock feeds this register's clock port. ;
; hdmi_i2c~FF_2120                                                                    ; No clock feeds this register's clock port. ;
; hdmi_i2c~FF_4208                                                                    ; No clock feeds this register's clock port. ;
; hdmi_i2c~FF_3659                                                                    ; No clock feeds this register's clock port. ;
; hdmi_i2c~FF_2121                                                                    ; No clock feeds this register's clock port. ;
; hdmi_i2c~FF_4209                                                                    ; No clock feeds this register's clock port. ;
; hdmi_i2c~FF_3652                                                                    ; No clock feeds this register's clock port. ;
; hdmi_i2c~FF_2122                                                                    ; No clock feeds this register's clock port. ;
; hdmi_i2c~FF_4210                                                                    ; No clock feeds this register's clock port. ;
; hdmi_i2c~FF_2123                                                                    ; No clock feeds this register's clock port. ;
; hdmi_i2c~FF_4211                                                                    ; No clock feeds this register's clock port. ;
; hdmi_i2c~FF_4174                                                                    ; No clock feeds this register's clock port. ;
; hdmi_i2c~FF_3396                                                                    ; No clock feeds this register's clock port. ;
; hdmi_i2c~FF_3654                                                                    ; No clock feeds this register's clock port. ;
; hdmi_i2c~FF_2116                                                                    ; No clock feeds this register's clock port. ;
; hdmi_i2c~FF_3655                                                                    ; No clock feeds this register's clock port. ;
; hdmi_i2c~FF_2117                                                                    ; No clock feeds this register's clock port. ;
; hdmi_i2c~FF_4173                                                                    ; No clock feeds this register's clock port. ;
; hdmi_i2c~FF_3648                                                                    ; No clock feeds this register's clock port. ;
; hdmi_i2c~FF_2118                                                                    ; No clock feeds this register's clock port. ;
; hdmi_i2c~FF_3649                                                                    ; No clock feeds this register's clock port. ;
; hdmi_i2c~FF_2119                                                                    ; No clock feeds this register's clock port. ;
; hdmi_i2c~FF_4175                                                                    ; No clock feeds this register's clock port. ;
; hdmi_i2c~FF_3650                                                                    ; No clock feeds this register's clock port. ;
; hdmi_i2c~FF_2112                                                                    ; No clock feeds this register's clock port. ;
; hdmi_i2c~FF_4168                                                                    ; No clock feeds this register's clock port. ;
; hdmi_i2c~FF_3395                                                                    ; No clock feeds this register's clock port. ;
; hdmi_i2c~FF_3651                                                                    ; No clock feeds this register's clock port. ;
; hdmi_i2c~FF_2113                                                                    ; No clock feeds this register's clock port. ;
; hdmi_i2c~FF_4212                                                                    ; No clock feeds this register's clock port. ;
; hdmi_i2c~FF_4169                                                                    ; No clock feeds this register's clock port. ;
; hdmi_i2c~FF_3394                                                                    ; No clock feeds this register's clock port. ;
; hdmi_i2c~FF_3676                                                                    ; No clock feeds this register's clock port. ;
; hdmi_i2c~FF_2114                                                                    ; No clock feeds this register's clock port. ;
; hdmi_i2c~FF_2115                                                                    ; No clock feeds this register's clock port. ;
; hdmi_i2c~FF_4171                                                                    ; No clock feeds this register's clock port. ;
; hdmi_i2c~FF_3678                                                                    ; No clock feeds this register's clock port. ;
; hdmi_i2c~FF_4165                                                                    ; No clock feeds this register's clock port. ;
; hdmi_i2c~FF_3672                                                                    ; No clock feeds this register's clock port. ;
; hdmi_i2c~FF_4166                                                                    ; No clock feeds this register's clock port. ;
; hdmi_i2c~FF_4167                                                                    ; No clock feeds this register's clock port. ;
; hdmi_i2c~FF_3674                                                                    ; No clock feeds this register's clock port. ;
; hdmi_i2c~FF_4160                                                                    ; No clock feeds this register's clock port. ;
; hdmi_i2c~FF_3668                                                                    ; No clock feeds this register's clock port. ;
; hdmi_i2c~FF_4163                                                                    ; No clock feeds this register's clock port. ;
; hdmi_i2c~FF_3670                                                                    ; No clock feeds this register's clock port. ;
; hdmi_i2c~FF_4188                                                                    ; No clock feeds this register's clock port. ;
; hdmi_i2c~FF_4189                                                                    ; No clock feeds this register's clock port. ;
; hdmi_i2c~FF_4190                                                                    ; No clock feeds this register's clock port. ;
; hdmi_i2c~FF_4194                                                                    ; No clock feeds this register's clock port. ;
; hdmi_i2c~FF_4191                                                                    ; No clock feeds this register's clock port. ;
; hdmi_i2c~FF_3666                                                                    ; No clock feeds this register's clock port. ;
; hdmi_i2c~FF_2128                                                                    ; No clock feeds this register's clock port. ;
; hdmi_i2c~FF_4184                                                                    ; No clock feeds this register's clock port. ;
; hdmi_i2c~FF_3667                                                                    ; No clock feeds this register's clock port. ;
; hdmi_i2c~FF_2129                                                                    ; No clock feeds this register's clock port. ;
; hdmi_i2c~FF_4185                                                                    ; No clock feeds this register's clock port. ;
; hdmi_i2c~FF_2130                                                                    ; No clock feeds this register's clock port. ;
; hdmi_i2c~FF_2131                                                                    ; No clock feeds this register's clock port. ;
; hdmi_i2c~FF_4187                                                                    ; No clock feeds this register's clock port. ;
; hdmi_i2c~FF_3500                                                                    ; No clock feeds this register's clock port. ;
; hdmi_i2c~FF_3759                                                                    ; No clock feeds this register's clock port. ;
; hdmi_i2c~FF_4180                                                                    ; No clock feeds this register's clock port. ;
; hdmi_i2c~FF_3501                                                                    ; No clock feeds this register's clock port. ;
; hdmi_i2c~FF_3758                                                                    ; No clock feeds this register's clock port. ;
; hdmi_i2c~FF_4182                                                                    ; No clock feeds this register's clock port. ;
; hdmi_i2c~FF_4202                                                                    ; No clock feeds this register's clock port. ;
; hdmi_i2c~FF_4183                                                                    ; No clock feeds this register's clock port. ;
; hdmi_i2c~FF_3497                                                                    ; No clock feeds this register's clock port. ;
; hdmi_i2c~FF_4177                                                                    ; No clock feeds this register's clock port. ;
; hdmi_i2c~FF_3499                                                                    ; No clock feeds this register's clock port. ;
; hdmi_i2c~FF_3492                                                                    ; No clock feeds this register's clock port. ;
; hdmi_i2c~FF_3494                                                                    ; No clock feeds this register's clock port. ;
; hdmi_i2c~FF_3744                                                                    ; No clock feeds this register's clock port. ;
; hdmi_i2c~FF_3495                                                                    ; No clock feeds this register's clock port. ;
; hdmi_i2c~FF_3490                                                                    ; No clock feeds this register's clock port. ;
; hdmi_i2c~FF_3511                                                                    ; No clock feeds this register's clock port. ;
; hdmi_i2c~FF_3469                                                                    ; No clock feeds this register's clock port. ;
; hdmi_i2c~FF_3720                                                                    ; No clock feeds this register's clock port. ;
; hdmi_i2c~FF_3468                                                                    ; No clock feeds this register's clock port. ;
; hdmi_i2c~FF_3471                                                                    ; No clock feeds this register's clock port. ;
; hdmi_i2c~FF_3727                                                                    ; No clock feeds this register's clock port. ;
; hdmi_i2c~FF_3470                                                                    ; No clock feeds this register's clock port. ;
; hdmi_i2c~FF_3721                                                                    ; No clock feeds this register's clock port. ;
; hdmi_i2c~FF_3722                                                                    ; No clock feeds this register's clock port. ;
; hdmi_i2c~FF_3467                                                                    ; No clock feeds this register's clock port. ;
; hdmi_i2c~FF_3716                                                                    ; No clock feeds this register's clock port. ;
; hdmi_i2c~FF_3717                                                                    ; No clock feeds this register's clock port. ;
; hdmi_i2c~FF_3718                                                                    ; No clock feeds this register's clock port. ;
; hdmi_i2c~FF_3719                                                                    ; No clock feeds this register's clock port. ;
; hdmi_i2c~FF_3484                                                                    ; No clock feeds this register's clock port. ;
; hdmi_i2c~FF_3485                                                                    ; No clock feeds this register's clock port. ;
; hdmi_i2c~FF_3486                                                                    ; No clock feeds this register's clock port. ;
; hdmi_i2c~FF_3481                                                                    ; No clock feeds this register's clock port. ;
; hdmi_i2c~FF_3483                                                                    ; No clock feeds this register's clock port. ;
; hdmi_i2c~FF_3477                                                                    ; No clock feeds this register's clock port. ;
; hdmi_i2c~FF_3476                                                                    ; No clock feeds this register's clock port. ;
; hdmi_i2c~FF_3735                                                                    ; No clock feeds this register's clock port. ;
; hdmi_i2c~FF_3478                                                                    ; No clock feeds this register's clock port. ;
; hdmi_i2c~FF_3728                                                                    ; No clock feeds this register's clock port. ;
; hdmi_i2c~FF_3479                                                                    ; No clock feeds this register's clock port. ;
; hdmi_i2c~FF_3472                                                                    ; No clock feeds this register's clock port. ;
; hdmi_i2c~FF_3475                                                                    ; No clock feeds this register's clock port. ;
; hdmi_i2c~FF_3562                                                                    ; No clock feeds this register's clock port. ;
; hdmi_i2c~FF_3552                                                                    ; No clock feeds this register's clock port. ;
; hdmi_i2c~FF_3582                                                                    ; No clock feeds this register's clock port. ;
; hdmi_i2c~FF_3572                                                                    ; No clock feeds this register's clock port. ;
; hdmi_i2c~FF_3532                                                                    ; No clock feeds this register's clock port. ;
; hdmi_i2c~FF_3528                                                                    ; No clock feeds this register's clock port. ;
; hdmi_i2c~FF_3530                                                                    ; No clock feeds this register's clock port. ;
; hdmi_i2c~FF_3524                                                                    ; No clock feeds this register's clock port. ;
; hdmi_i2c~FF_3526                                                                    ; No clock feeds this register's clock port. ;
; hdmi_i2c~FF_3521                                                                    ; No clock feeds this register's clock port. ;
; hdmi_i2c~FF_3522                                                                    ; No clock feeds this register's clock port. ;
; hdmi_i2c~FF_3787                                                                    ; No clock feeds this register's clock port. ;
; hdmi_i2c~FF_3542                                                                    ; No clock feeds this register's clock port. ;
; hdmi_i2c~FF_4868                                                                    ; No clock feeds this register's clock port. ;
; hdmi_i2c~FF_4865                                                                    ; No clock feeds this register's clock port. ;
; hdmi_i2c~FF_4395                                                                    ; No clock feeds this register's clock port. ;
; hdmi_i2c~FF_2986                                                                    ; No clock feeds this register's clock port. ;
; hdmi_i2c~FF_2989                                                                    ; No clock feeds this register's clock port. ;
; hdmi_i2c~FF_1712                                                                    ; No clock feeds this register's clock port. ;
; hdmi_i2c~FF_1705                                                                    ; No clock feeds this register's clock port. ;
; hdmi_i2c~FF_2984                                                                    ; No clock feeds this register's clock port. ;
; hdmi_i2c~FF_2991                                                                    ; No clock feeds this register's clock port. ;
; hdmi_i2c~FF_1707                                                                    ; No clock feeds this register's clock port. ;
; hdmi_i2c~FF_2990                                                                    ; No clock feeds this register's clock port. ;
; hdmi_i2c~FF_2985                                                                    ; No clock feeds this register's clock port. ;
; hdmi_i2c~FF_175                                                                     ; No clock feeds this register's clock port. ;
; hdmi_i2c~FF_2988                                                                    ; No clock feeds this register's clock port. ;
; hdmi_i2c~FF_2987                                                                    ; No clock feeds this register's clock port. ;
; hdmi_i2c~FF_1697                                                                    ; No clock feeds this register's clock port. ;
; hdmi_i2c~FF_1699                                                                    ; No clock feeds this register's clock port. ;
; hdmi_i2c~FF_1701                                                                    ; No clock feeds this register's clock port. ;
; hdmi_i2c~FF_1703                                                                    ; No clock feeds this register's clock port. ;
; hdmi_i2c~FF_3002                                                                    ; No clock feeds this register's clock port. ;
; hdmi_i2c~FF_3005                                                                    ; No clock feeds this register's clock port. ;
; hdmi_i2c~FF_188                                                                     ; No clock feeds this register's clock port. ;
; hdmi_i2c~FF_3000                                                                    ; No clock feeds this register's clock port. ;
; hdmi_i2c~FF_3007                                                                    ; No clock feeds this register's clock port. ;
; hdmi_i2c~FF_189                                                                     ; No clock feeds this register's clock port. ;
; hdmi_i2c~FF_190                                                                     ; No clock feeds this register's clock port. ;
; hdmi_i2c~FF_3006                                                                    ; No clock feeds this register's clock port. ;
; hdmi_i2c~FF_3001                                                                    ; No clock feeds this register's clock port. ;
; hdmi_i2c~FF_191                                                                     ; No clock feeds this register's clock port. ;
; hdmi_i2c~FF_184                                                                     ; No clock feeds this register's clock port. ;
; hdmi_i2c~FF_3004                                                                    ; No clock feeds this register's clock port. ;
; hdmi_i2c~FF_3003                                                                    ; No clock feeds this register's clock port. ;
; hdmi_i2c~FF_185                                                                     ; No clock feeds this register's clock port. ;
; hdmi_i2c~FF_186                                                                     ; No clock feeds this register's clock port. ;
; hdmi_i2c~FF_2994                                                                    ; No clock feeds this register's clock port. ;
; hdmi_i2c~FF_2997                                                                    ; No clock feeds this register's clock port. ;
; hdmi_i2c~FF_187                                                                     ; No clock feeds this register's clock port. ;
; hdmi_i2c~FF_180                                                                     ; No clock feeds this register's clock port. ;
; hdmi_i2c~FF_2992                                                                    ; No clock feeds this register's clock port. ;
; hdmi_i2c~FF_2999                                                                    ; No clock feeds this register's clock port. ;
; hdmi_i2c~FF_181                                                                     ; No clock feeds this register's clock port. ;
; hdmi_i2c~FF_1709                                                                    ; No clock feeds this register's clock port. ;
; hdmi_i2c~FF_182                                                                     ; No clock feeds this register's clock port. ;
; hdmi_i2c~FF_2998                                                                    ; No clock feeds this register's clock port. ;
; hdmi_i2c~FF_2993                                                                    ; No clock feeds this register's clock port. ;
; hdmi_i2c~FF_183                                                                     ; No clock feeds this register's clock port. ;
; hdmi_i2c~FF_1711                                                                    ; No clock feeds this register's clock port. ;
; hdmi_i2c~FF_176                                                                     ; No clock feeds this register's clock port. ;
; hdmi_i2c~FF_2996                                                                    ; No clock feeds this register's clock port. ;
; hdmi_i2c~FF_2995                                                                    ; No clock feeds this register's clock port. ;
; hdmi_i2c~FF_1710                                                                    ; No clock feeds this register's clock port. ;
; hdmi_i2c~FF_177                                                                     ; No clock feeds this register's clock port. ;
; hdmi_i2c~FF_178                                                                     ; No clock feeds this register's clock port. ;
; hdmi_i2c~FF_179                                                                     ; No clock feeds this register's clock port. ;
; hdmi_i2c~FF_1693                                                                    ; No clock feeds this register's clock port. ;
; hdmi_i2c~FF_1695                                                                    ; No clock feeds this register's clock port. ;
; hdmi_i2c~FF_239                                                                     ; No clock feeds this register's clock port. ;
; hdmi_i2c~FF_241                                                                     ; No clock feeds this register's clock port. ;
; hdmi_i2c~FF_240                                                                     ; No clock feeds this register's clock port. ;
; hdmi_i2c~FF_243                                                                     ; No clock feeds this register's clock port. ;
; hdmi_i2c~FF_242                                                                     ; No clock feeds this register's clock port. ;
; hdmi_i2c~FF_3325                                                                    ; No clock feeds this register's clock port. ;
; hdmi_i2c~FF_3326                                                                    ; No clock feeds this register's clock port. ;
; hdmi_i2c~FF_245                                                                     ; No clock feeds this register's clock port. ;
; hdmi_i2c~FF_244                                                                     ; No clock feeds this register's clock port. ;
; hdmi_i2c~FF_247                                                                     ; No clock feeds this register's clock port. ;
; hdmi_i2c~FF_246                                                                     ; No clock feeds this register's clock port. ;
; hdmi_i2c~FF_249                                                                     ; No clock feeds this register's clock port. ;
; hdmi_i2c~FF_248                                                                     ; No clock feeds this register's clock port. ;
; hdmi_i2c~FF_251                                                                     ; No clock feeds this register's clock port. ;
; hdmi_i2c~FF_250                                                                     ; No clock feeds this register's clock port. ;
; hdmi_i2c~FF_253                                                                     ; No clock feeds this register's clock port. ;
; hdmi_i2c~FF_252                                                                     ; No clock feeds this register's clock port. ;
; hdmi_i2c~FF_255                                                                     ; No clock feeds this register's clock port. ;
; hdmi_i2c~FF_254                                                                     ; No clock feeds this register's clock port. ;
; hdmi_i2c~FF_204                                                                     ; No clock feeds this register's clock port. ;
; hdmi_i2c~FF_205                                                                     ; No clock feeds this register's clock port. ;
; hdmi_i2c~FF_206                                                                     ; No clock feeds this register's clock port. ;
; hdmi_i2c~FF_200                                                                     ; No clock feeds this register's clock port. ;
; hdmi_i2c~FF_201                                                                     ; No clock feeds this register's clock port. ;
; hdmi_i2c~FF_3010                                                                    ; No clock feeds this register's clock port. ;
; hdmi_i2c~FF_202                                                                     ; No clock feeds this register's clock port. ;
; hdmi_i2c~FF_203                                                                     ; No clock feeds this register's clock port. ;
; hdmi_i2c~FF_3008                                                                    ; No clock feeds this register's clock port. ;
; hdmi_i2c~FF_196                                                                     ; No clock feeds this register's clock port. ;
; hdmi_i2c~FF_197                                                                     ; No clock feeds this register's clock port. ;
; hdmi_i2c~FF_3009                                                                    ; No clock feeds this register's clock port. ;
; hdmi_i2c~FF_198                                                                     ; No clock feeds this register's clock port. ;
; hdmi_i2c~FF_199                                                                     ; No clock feeds this register's clock port. ;
; hdmi_i2c~FF_3011                                                                    ; No clock feeds this register's clock port. ;
; hdmi_i2c~FF_192                                                                     ; No clock feeds this register's clock port. ;
; hdmi_i2c~FF_193                                                                     ; No clock feeds this register's clock port. ;
; hdmi_i2c~FF_194                                                                     ; No clock feeds this register's clock port. ;
; hdmi_i2c~FF_195                                                                     ; No clock feeds this register's clock port. ;
; hdmi_i2c~FF_3028                                                                    ; No clock feeds this register's clock port. ;
; hdmi_i2c~FF_3029                                                                    ; No clock feeds this register's clock port. ;
; hdmi_i2c~FF_3030                                                                    ; No clock feeds this register's clock port. ;
; hdmi_i2c~FF_3031                                                                    ; No clock feeds this register's clock port. ;
; hdmi_i2c~FF_3027                                                                    ; No clock feeds this register's clock port. ;
; hdmi_i2c~FF_2353                                                                    ; No clock feeds this register's clock port. ;
+-------------------------------------------------------------------------------------+--------------------------------------------+

+---------------------------------------------------------------------------------------------------------------------------------+
; Multiple Clock                                                                                                                  ;
+-------------------------------------------------------------------------+-------------------------------------------------------+
; Port or Register                                                        ; Reason                                                ;
+-------------------------------------------------------------------------+-------------------------------------------------------+
; hdmi_out_vs~_Duplicate_1                                                ; More than one clock feeds this register's clock port. ;
; vs                                                                      ; More than one clock feeds this register's clock port. ;
; hdmi_dv_vs                                                              ; More than one clock feeds this register's clock port. ;
; altddio_out:hdmiclk_ddr|ddio_out_b2j:auto_generated|ddio_outa[0]~DFFHI0 ; More than one clock feeds this register's clock port. ;
; altddio_out:hdmiclk_ddr|ddio_out_b2j:auto_generated|ddio_outa[0]~DFFLO  ; More than one clock feeds this register's clock port. ;
; de                                                                      ; More than one clock feeds this register's clock port. ;
; hdmi_dv_de                                                              ; More than one clock feeds this register's clock port. ;
; d[0]                                                                    ; More than one clock feeds this register's clock port. ;
; hdmi_dv_data[0]                                                         ; More than one clock feeds this register's clock port. ;
; d[1]                                                                    ; More than one clock feeds this register's clock port. ;
; hdmi_dv_data[1]                                                         ; More than one clock feeds this register's clock port. ;
; d[2]                                                                    ; More than one clock feeds this register's clock port. ;
; hdmi_dv_data[2]                                                         ; More than one clock feeds this register's clock port. ;
; d[3]                                                                    ; More than one clock feeds this register's clock port. ;
; hdmi_dv_data[3]                                                         ; More than one clock feeds this register's clock port. ;
; d[4]                                                                    ; More than one clock feeds this register's clock port. ;
; hdmi_dv_data[4]                                                         ; More than one clock feeds this register's clock port. ;
; d[5]                                                                    ; More than one clock feeds this register's clock port. ;
; hdmi_dv_data[5]                                                         ; More than one clock feeds this register's clock port. ;
; d[6]                                                                    ; More than one clock feeds this register's clock port. ;
; hdmi_dv_data[6]                                                         ; More than one clock feeds this register's clock port. ;
; d[7]                                                                    ; More than one clock feeds this register's clock port. ;
; hdmi_dv_data[7]                                                         ; More than one clock feeds this register's clock port. ;
; d[8]                                                                    ; More than one clock feeds this register's clock port. ;
; hdmi_dv_data[8]                                                         ; More than one clock feeds this register's clock port. ;
; d[9]                                                                    ; More than one clock feeds this register's clock port. ;
; hdmi_dv_data[9]                                                         ; More than one clock feeds this register's clock port. ;
; d[10]                                                                   ; More than one clock feeds this register's clock port. ;
; hdmi_dv_data[10]                                                        ; More than one clock feeds this register's clock port. ;
; d[11]                                                                   ; More than one clock feeds this register's clock port. ;
; hdmi_dv_data[11]                                                        ; More than one clock feeds this register's clock port. ;
; d[12]                                                                   ; More than one clock feeds this register's clock port. ;
; hdmi_dv_data[12]                                                        ; More than one clock feeds this register's clock port. ;
; d[13]                                                                   ; More than one clock feeds this register's clock port. ;
; hdmi_dv_data[13]                                                        ; More than one clock feeds this register's clock port. ;
; d[14]                                                                   ; More than one clock feeds this register's clock port. ;
; hdmi_dv_data[14]                                                        ; More than one clock feeds this register's clock port. ;
; d[15]                                                                   ; More than one clock feeds this register's clock port. ;
; hdmi_dv_data[15]                                                        ; More than one clock feeds this register's clock port. ;
; d[16]                                                                   ; More than one clock feeds this register's clock port. ;
; hdmi_dv_data[16]                                                        ; More than one clock feeds this register's clock port. ;
; d[17]                                                                   ; More than one clock feeds this register's clock port. ;
; hdmi_dv_data[17]                                                        ; More than one clock feeds this register's clock port. ;
; d[18]                                                                   ; More than one clock feeds this register's clock port. ;
; hdmi_dv_data[18]                                                        ; More than one clock feeds this register's clock port. ;
; d[19]                                                                   ; More than one clock feeds this register's clock port. ;
; hdmi_dv_data[19]                                                        ; More than one clock feeds this register's clock port. ;
; d[20]                                                                   ; More than one clock feeds this register's clock port. ;
; hdmi_dv_data[20]                                                        ; More than one clock feeds this register's clock port. ;
; d[21]                                                                   ; More than one clock feeds this register's clock port. ;
; hdmi_dv_data[21]                                                        ; More than one clock feeds this register's clock port. ;
; d[22]                                                                   ; More than one clock feeds this register's clock port. ;
; hdmi_dv_data[22]                                                        ; More than one clock feeds this register's clock port. ;
; d[23]                                                                   ; More than one clock feeds this register's clock port. ;
; hdmi_dv_data[23]                                                        ; More than one clock feeds this register's clock port. ;
; altddio_out:vgaclk_ddr|ddio_out_1oj:auto_generated|ddio_outa[0]~DFFLO   ; More than one clock feeds this register's clock port. ;
; altddio_out:vgaclk_ddr|ddio_out_1oj:auto_generated|ddio_outa[0]~DFFHI0  ; More than one clock feeds this register's clock port. ;
; hdmi_out_de                                                             ; More than one clock feeds this register's clock port. ;
; hdmi_out_d[0]                                                           ; More than one clock feeds this register's clock port. ;
; hdmi_out_d[1]                                                           ; More than one clock feeds this register's clock port. ;
; hdmi_out_d[2]                                                           ; More than one clock feeds this register's clock port. ;
; hdmi_out_d[3]                                                           ; More than one clock feeds this register's clock port. ;
; hdmi_out_d[4]                                                           ; More than one clock feeds this register's clock port. ;
; hdmi_out_d[5]                                                           ; More than one clock feeds this register's clock port. ;
; hdmi_out_d[6]                                                           ; More than one clock feeds this register's clock port. ;
; hdmi_out_d[7]                                                           ; More than one clock feeds this register's clock port. ;
; hdmi_out_d[8]                                                           ; More than one clock feeds this register's clock port. ;
; hdmi_out_d[9]                                                           ; More than one clock feeds this register's clock port. ;
; hdmi_out_d[10]                                                          ; More than one clock feeds this register's clock port. ;
; hdmi_out_d[11]                                                          ; More than one clock feeds this register's clock port. ;
; hdmi_out_d[12]                                                          ; More than one clock feeds this register's clock port. ;
; hdmi_out_d[13]                                                          ; More than one clock feeds this register's clock port. ;
; hdmi_out_d[14]                                                          ; More than one clock feeds this register's clock port. ;
; hdmi_out_d[15]                                                          ; More than one clock feeds this register's clock port. ;
; hdmi_out_d[16]                                                          ; More than one clock feeds this register's clock port. ;
; hdmi_out_d[17]                                                          ; More than one clock feeds this register's clock port. ;
; hdmi_out_d[18]                                                          ; More than one clock feeds this register's clock port. ;
; hdmi_out_d[19]                                                          ; More than one clock feeds this register's clock port. ;
; hdmi_out_d[20]                                                          ; More than one clock feeds this register's clock port. ;
; hdmi_out_d[21]                                                          ; More than one clock feeds this register's clock port. ;
; hdmi_out_d[22]                                                          ; More than one clock feeds this register's clock port. ;
; hdmi_out_d[23]                                                          ; More than one clock feeds this register's clock port. ;
; hdmi_out_hs                                                             ; More than one clock feeds this register's clock port. ;
; hs                                                                      ; More than one clock feeds this register's clock port. ;
; hdmi_dv_hs                                                              ; More than one clock feeds this register's clock port. ;
; hdmi_out_vs                                                             ; More than one clock feeds this register's clock port. ;
+-------------------------------------------------------------------------+-------------------------------------------------------+

+-------------------------------------+
; Virtual Clock                       ;
+-------+-----------------------------+
; Clock ; Reason                      ;
+-------+-----------------------------+
;       ; No virtual clock was found. ;
+-------+-----------------------------+

+------------------------------------------------------+
; No Input Delay                                       ;
+--------------+---------------------------------------+
; Port         ; Reason                                ;
+--------------+---------------------------------------+
; IO_SDA       ; No input delay was set on input port. ;
; BTN_RESET    ; No input delay was set on input port. ;
; BTN_USER     ; No input delay was set on input port. ;
; BTN_OSD      ; No input delay was set on input port. ;
; VGA_EN       ; No input delay was set on input port. ;
; SW[3]        ; No input delay was set on input port. ;
; KEY[1]       ; No input delay was set on input port. ;
; HDMI_TX_INT  ; No input delay was set on input port. ;
; KEY[0]       ; No input delay was set on input port. ;
; HDMI_I2C_SDA ; No input delay was set on input port. ;
; SW[2]        ; No input delay was set on input port. ;
; SDCD_SPDIF   ; No input delay was set on input port. ;
; SW[0]        ; No input delay was set on input port. ;
; SW[1]        ; No input delay was set on input port. ;
+--------------+---------------------------------------+

+---------------------------------------------------------+
; No Output Delay                                         ;
+---------------+-----------------------------------------+
; Port          ; Reason                                  ;
+---------------+-----------------------------------------+
; IO_SDA        ; No output delay was set on output port. ;
; HDMI_I2C_SDA  ; No output delay was set on output port. ;
; VGA_R[0]      ; No output delay was set on output port. ;
; VGA_R[1]      ; No output delay was set on output port. ;
; VGA_R[2]      ; No output delay was set on output port. ;
; VGA_R[3]      ; No output delay was set on output port. ;
; VGA_R[4]      ; No output delay was set on output port. ;
; VGA_R[5]      ; No output delay was set on output port. ;
; VGA_G[0]      ; No output delay was set on output port. ;
; VGA_G[1]      ; No output delay was set on output port. ;
; VGA_G[2]      ; No output delay was set on output port. ;
; VGA_G[3]      ; No output delay was set on output port. ;
; VGA_G[4]      ; No output delay was set on output port. ;
; VGA_G[5]      ; No output delay was set on output port. ;
; VGA_B[0]      ; No output delay was set on output port. ;
; VGA_B[1]      ; No output delay was set on output port. ;
; VGA_B[2]      ; No output delay was set on output port. ;
; VGA_B[3]      ; No output delay was set on output port. ;
; VGA_B[4]      ; No output delay was set on output port. ;
; VGA_B[5]      ; No output delay was set on output port. ;
; VGA_VS        ; No output delay was set on output port. ;
; SDIO_CLK      ; No output delay was set on output port. ;
; SDCD_SPDIF    ; No output delay was set on output port. ;
; LED_USER      ; No output delay was set on output port. ;
; LED_HDD       ; No output delay was set on output port. ;
; LED_POWER     ; No output delay was set on output port. ;
; SD_SPI_CS     ; No output delay was set on output port. ;
; SD_SPI_CLK    ; No output delay was set on output port. ;
; SD_SPI_MOSI   ; No output delay was set on output port. ;
; IO_SCL        ; No output delay was set on output port. ;
; AUDIO_L       ; No output delay was set on output port. ;
; AUDIO_R       ; No output delay was set on output port. ;
; AUDIO_SPDIF   ; No output delay was set on output port. ;
; HDMI_I2C_SCL  ; No output delay was set on output port. ;
; SDRAM_A[0]    ; No output delay was set on output port. ;
; SDRAM_A[1]    ; No output delay was set on output port. ;
; SDRAM_A[2]    ; No output delay was set on output port. ;
; SDRAM_A[3]    ; No output delay was set on output port. ;
; SDRAM_A[4]    ; No output delay was set on output port. ;
; SDRAM_A[5]    ; No output delay was set on output port. ;
; SDRAM_A[6]    ; No output delay was set on output port. ;
; SDRAM_A[7]    ; No output delay was set on output port. ;
; SDRAM_A[8]    ; No output delay was set on output port. ;
; SDRAM_A[9]    ; No output delay was set on output port. ;
; SDRAM_A[10]   ; No output delay was set on output port. ;
; SDRAM_A[11]   ; No output delay was set on output port. ;
; SDRAM_A[12]   ; No output delay was set on output port. ;
; SDRAM_DQML    ; No output delay was set on output port. ;
; SDRAM_DQMH    ; No output delay was set on output port. ;
; SDRAM_nWE     ; No output delay was set on output port. ;
; SDRAM_nCAS    ; No output delay was set on output port. ;
; SDRAM_nRAS    ; No output delay was set on output port. ;
; SDRAM_nCS     ; No output delay was set on output port. ;
; SDRAM_BA[0]   ; No output delay was set on output port. ;
; SDRAM_BA[1]   ; No output delay was set on output port. ;
; SDRAM_CLK     ; No output delay was set on output port. ;
; SDRAM_CKE     ; No output delay was set on output port. ;
; ADC_SCK       ; No output delay was set on output port. ;
; ADC_SDI       ; No output delay was set on output port. ;
; ADC_CONVST    ; No output delay was set on output port. ;
; VGA_HS        ; No output delay was set on output port. ;
; SDIO_DAT[0]   ; No output delay was set on output port. ;
; SDIO_DAT[1]   ; No output delay was set on output port. ;
; SDIO_DAT[2]   ; No output delay was set on output port. ;
; SDIO_DAT[3]   ; No output delay was set on output port. ;
; SDIO_CMD      ; No output delay was set on output port. ;
; USER_IO[2]    ; No output delay was set on output port. ;
; USER_IO[4]    ; No output delay was set on output port. ;
; USER_IO[5]    ; No output delay was set on output port. ;
; SDRAM_DQ[0]   ; No output delay was set on output port. ;
; SDRAM_DQ[1]   ; No output delay was set on output port. ;
; SDRAM_DQ[2]   ; No output delay was set on output port. ;
; SDRAM_DQ[3]   ; No output delay was set on output port. ;
; SDRAM_DQ[4]   ; No output delay was set on output port. ;
; SDRAM_DQ[5]   ; No output delay was set on output port. ;
; SDRAM_DQ[6]   ; No output delay was set on output port. ;
; SDRAM_DQ[7]   ; No output delay was set on output port. ;
; SDRAM_DQ[8]   ; No output delay was set on output port. ;
; SDRAM_DQ[9]   ; No output delay was set on output port. ;
; SDRAM_DQ[10]  ; No output delay was set on output port. ;
; SDRAM_DQ[11]  ; No output delay was set on output port. ;
; SDRAM_DQ[12]  ; No output delay was set on output port. ;
; SDRAM_DQ[13]  ; No output delay was set on output port. ;
; SDRAM_DQ[14]  ; No output delay was set on output port. ;
; SDRAM_DQ[15]  ; No output delay was set on output port. ;
; USER_IO[0]    ; No output delay was set on output port. ;
; USER_IO[1]    ; No output delay was set on output port. ;
; USER_IO[3]    ; No output delay was set on output port. ;
; USER_IO[6]    ; No output delay was set on output port. ;
; HDMI_TX_CLK   ; No output delay was set on output port. ;
; HDMI_TX_DE    ; No output delay was set on output port. ;
; HDMI_TX_D[0]  ; No output delay was set on output port. ;
; HDMI_TX_D[1]  ; No output delay was set on output port. ;
; HDMI_TX_D[2]  ; No output delay was set on output port. ;
; HDMI_TX_D[3]  ; No output delay was set on output port. ;
; HDMI_TX_D[4]  ; No output delay was set on output port. ;
; HDMI_TX_D[5]  ; No output delay was set on output port. ;
; HDMI_TX_D[6]  ; No output delay was set on output port. ;
; HDMI_TX_D[7]  ; No output delay was set on output port. ;
; HDMI_TX_D[8]  ; No output delay was set on output port. ;
; HDMI_TX_D[9]  ; No output delay was set on output port. ;
; HDMI_TX_D[10] ; No output delay was set on output port. ;
; HDMI_TX_D[11] ; No output delay was set on output port. ;
; HDMI_TX_D[12] ; No output delay was set on output port. ;
; HDMI_TX_D[13] ; No output delay was set on output port. ;
; HDMI_TX_D[14] ; No output delay was set on output port. ;
; HDMI_TX_D[15] ; No output delay was set on output port. ;
; HDMI_TX_D[16] ; No output delay was set on output port. ;
; HDMI_TX_D[17] ; No output delay was set on output port. ;
; HDMI_TX_D[18] ; No output delay was set on output port. ;
; HDMI_TX_D[19] ; No output delay was set on output port. ;
; HDMI_TX_D[20] ; No output delay was set on output port. ;
; HDMI_TX_D[21] ; No output delay was set on output port. ;
; HDMI_TX_D[22] ; No output delay was set on output port. ;
; HDMI_TX_D[23] ; No output delay was set on output port. ;
; HDMI_TX_HS    ; No output delay was set on output port. ;
; HDMI_TX_VS    ; No output delay was set on output port. ;
; LED[1]        ; No output delay was set on output port. ;
; LED[3]        ; No output delay was set on output port. ;
; LED[4]        ; No output delay was set on output port. ;
; LED[5]        ; No output delay was set on output port. ;
; LED[6]        ; No output delay was set on output port. ;
; LED[7]        ; No output delay was set on output port. ;
; LED[0]        ; No output delay was set on output port. ;
; LED[2]        ; No output delay was set on output port. ;
; HDMI_MCLK     ; No output delay was set on output port. ;
; HDMI_SCLK     ; No output delay was set on output port. ;
; HDMI_LRCLK    ; No output delay was set on output port. ;
; HDMI_I2S      ; No output delay was set on output port. ;
+---------------+-----------------------------------------+

